Slot,Item,Members,Value,HighAlch,Weight,Speed,WeaponType,AStab,ASlash,ACrush,AMagic,ARange,DStab,DSlash,DCrush,DMagic,DRange,MeleeStr,RangeStr,MagicDmg%,Prayer,Requirements
head,20th anniversary hat,no,0,0,0.907,,,0,0,0,0,0,0,0,0,0,0,0,0,0,0,
head,3rd age full helmet,yes,90000,54000,0.907,,,0,0,0,-5,-2,47,49,43,-3,48,0,0,0,0,defence 65
head,3rd age mage hat,yes,50400,30240,0.4,,,0,0,0,8,0,0,0,0,8,0,0,0,0,0,"magic 65, defence 30"
head,3rd age range coif,yes,50400,30240,1.0,,,0,0,0,-2,9,4,7,10,5,8,0,0,0,0,"ranged 65, defence 45"
head,4th birthday hat,no,0,0,1.0,,,0,0,0,0,0,0,0,0,0,0,0,0,0,0,
head,A powdered wig,yes,2000,1200,0.4,,,0,0,0,0,0,0,0,0,0,0,0,0,0,0,
head,Accumulator max hood,yes,1,0,0.453,,,0,0,0,0,0,0,0,0,0,0,0,0,0,0,"attack 99, strength 99, defence 99, hitpoints 99, ranged 99, prayer 99, magic 99, cooking 99, woodcutting 99, fletching 99, fishing 99, firemaking 99, crafting 99, smithing 99, mining 99, herblore 99, agility 99, thieving 99, slayer 99, farming 99, runecraft 99, hunter 99, construction 99"
head,Achievement diary hood,yes,1,0,0.453,,,0,0,0,0,0,0,0,0,0,0,0,0,0,0,
head,Adamant dragon mask,yes,10000,6000,2.267,,,0,0,0,0,0,0,0,0,0,0,0,0,0,0,
head,Adamant full helm,no,3520,2112,3.175,,,0,0,0,-6,-3,19,21,16,-1,19,0,0,0,0,defence 30
head,Adamant full helm (g),no,3520,2112,3.175,,,0,0,0,-6,-3,19,21,16,-1,19,0,0,0,0,defence 30
head,Adamant full helm (t),no,3520,2112,3.175,,,0,0,0,-6,-3,19,21,16,-1,19,0,0,0,0,defence 30
head,Adamant helm (h1),no,3520,2112,3.175,,,0,0,0,-6,-3,19,21,16,-1,19,0,0,0,0,defence 30
head,Adamant helm (h2),no,3520,2112,3.175,,,0,0,0,-6,-3,19,21,16,-1,19,0,0,0,0,defence 30
head,Adamant helm (h3),no,3520,2112,3.175,,,0,0,0,-6,-3,19,21,16,-1,19,0,0,0,0,defence 30
head,Adamant helm (h4),no,3520,2112,3.175,,,0,0,0,-6,-3,19,21,16,-1,19,0,0,0,0,defence 30
head,Adamant helm (h5),no,3520,2112,3.175,,,0,0,0,-6,-3,19,21,16,-1,19,0,0,0,0,defence 30
head,Adamant heraldic helm,yes,3520,2112,2.721,,,0,0,0,-6,-3,19,21,16,-1,19,0,0,0,0,defence 30
head,Adamant med helm,no,1920,1152,2.267,,,0,0,0,-3,0,14,15,13,-1,14,0,0,0,0,defence 30
head,Afro,yes,684,410,0.453,,,0,0,0,0,0,0,0,0,0,0,0,0,0,0,
head,Agility hood,yes,1,0,0.453,,,0,0,0,0,0,0,0,0,0,0,0,0,0,0,agility 99
head,Ahrim's hood,yes,13000,7800,0.907,,,0,0,0,6,-2,15,13,16,6,0,0,0,0,0,"magic 70, defence 70"
head,Ahrim's hood 100,yes,13000,7800,0.907,,,0,0,0,6,-2,15,13,16,6,0,0,0,0,0,"magic 70, defence 70"
head,Ahrim's hood 25,yes,13000,7800,0.907,,,0,0,0,6,-2,15,13,16,6,0,0,0,0,0,"magic 70, defence 70"
head,Ahrim's hood 50,yes,13000,7800,0.907,,,0,0,0,6,-2,15,13,16,6,0,0,0,0,0,"magic 70, defence 70"
head,Ahrim's hood 75,yes,13000,7800,0.907,,,0,0,0,6,-2,15,13,16,6,0,0,0,0,0,"magic 70, defence 70"
head,Air tiara,no,100,60,1.0,,,0,0,0,0,0,0,0,0,0,0,0,0,0,0,
head,Ancestral hat,yes,45000,27000,0.453,,,0,0,0,8,-2,12,11,13,5,0,0,0,2,0,"defence 65, magic 75"
head,Ancient coif,yes,2000,1200,0.9,,,0,0,0,-1,7,4,7,10,4,8,0,0,0,1,"ranged 70, defence 40"
head,Ancient full helm,no,35200,21120,2.721,,,0,0,0,-6,-3,30,32,27,-1,30,0,0,0,1,defence 40
head,Ancient halo,yes,1000,600,0.3,,,0,0,0,0,0,11,12,10,11,-1,0,0,0,3,
head,Ancient halo (l),yes,1000,600,0.3,,,0,0,0,0,0,11,12,10,11,-1,0,0,0,3,
head,Ancient mitre,yes,5000,3000,0.3,,,0,0,0,4,0,0,0,0,4,0,0,0,0,5,"prayer 40, magic 40"
head,Angler hat,yes,100,60,0.5,,,0,0,0,0,0,0,0,0,0,0,0,0,0,0,
head,Ankou mask,yes,1,0,0.5,,,0,0,0,0,0,0,0,0,0,0,0,0,0,0,
head,Antisanta mask,no,0,0,0.3,,,0,0,0,0,0,0,0,0,0,0,0,0,0,0,
head,Arceuus hood,yes,1,0,0.1,,,0,0,0,0,0,0,0,0,0,0,0,0,0,0,
head,Archer helm,yes,60000,36000,2.721,,,-5,-5,-5,-5,6,6,8,10,6,6,0,0,0,0,defence 45
head,Ardougne knight helm,yes,600,360,2.721,,,0,0,0,-6,-3,6,7,5,-1,6,0,0,0,0,
head,Ardougne max hood,yes,1,0,0.453,,,0,0,0,0,0,0,0,0,0,0,0,0,0,0,"attack 99, strength 99, defence 99, hitpoints 99, ranged 99, prayer 99, magic 99, cooking 99, woodcutting 99, fletching 99, fishing 99, firemaking 99, crafting 99, smithing 99, mining 99, herblore 99, agility 99, thieving 99, slayer 99, farming 99, runecraft 99, hunter 99, construction 99"
head,Armadyl coif,yes,2000,1200,0.9,,,0,0,0,-1,7,4,7,10,4,8,0,0,0,1,"ranged 70, defence 40"
head,Armadyl full helm,no,35200,21120,2.721,,,0,0,0,-6,-3,30,32,27,-1,30,0,0,0,1,defence 40
head,Armadyl halo,yes,1000,600,0.3,,,0,0,0,0,0,11,12,10,11,-1,0,0,0,3,
head,Armadyl halo (l),yes,1000,600,0.3,,,0,0,0,0,0,11,12,10,11,-1,0,0,0,3,
head,Armadyl helmet,yes,289000,173400,0.5,,,-5,-5,-5,-5,10,6,8,10,10,8,0,0,0,1,"defence 70, ranged 70"
head,Armadyl mitre,yes,5000,3000,0.3,,,0,0,0,4,0,0,0,0,4,0,0,0,0,5,"prayer 40, magic 40"
head,Assembler max hood,yes,1,0,0.453,,,0,0,0,0,0,0,0,0,0,0,0,0,0,0,"attack 99, strength 99, defence 99, hitpoints 99, ranged 99, prayer 99, magic 99, cooking 99, woodcutting 99, fletching 99, fishing 99, firemaking 99, crafting 99, smithing 99, mining 99, herblore 99, agility 99, thieving 99, slayer 99, farming 99, runecraft 99, hunter 99, construction 99"
head,Astral tiara,yes,100,60,1.0,,,0,0,0,0,0,0,0,0,0,0,0,0,0,0,
head,Attack hood,yes,1,0,0.453,,,0,0,0,0,0,0,0,0,0,0,0,0,0,0,attack 99
head,Banana hat,no,1,0,0.09,,,0,0,0,0,0,0,0,0,0,0,0,0,0,0,
head,Bandana eyepatch,yes,100,60,1.0,,,0,0,0,0,0,0,0,0,0,0,0,0,0,0,
head,Bandos coif,yes,2000,1200,0.9,,,0,0,0,-1,7,4,7,10,4,8,0,0,0,1,"ranged 70, defence 40"
head,Bandos full helm,no,35200,21120,2.721,,,0,0,0,-6,-3,30,32,27,-1,30,0,0,0,1,defence 40
head,Bandos halo,yes,1000,600,0.3,,,0,0,0,0,0,11,12,10,11,-1,0,0,0,3,
head,Bandos halo (l),yes,1000,600,0.3,,,0,0,0,0,0,11,12,10,11,-1,0,0,0,3,
head,Bandos mitre,yes,5000,3000,0.3,,,0,0,0,4,0,0,0,0,4,0,0,0,0,5,"prayer 40, magic 40"
head,Banshee mask,no,1,0,0.5,,,0,0,0,0,0,0,0,0,0,0,0,0,0,0,
head,Beanie,yes,600,360,0.002,,,0,0,0,0,0,0,0,0,0,0,0,0,0,0,
head,Bearhead,yes,0,0,0.453,,,0,0,0,-3,-3,12,14,10,7,9,0,0,0,0,
head,Bedsheet,yes,1,0,1.0,,,0,0,0,0,0,0,0,0,0,0,0,0,0,0,
head,Beekeeper's hat,no,1,0,0.001,,,0,0,0,0,0,0,0,0,0,0,0,0,0,0,
head,Beret mask,yes,80,48,1.0,,,0,0,0,0,0,0,0,0,0,0,0,0,0,0,
head,Berserker helm,yes,60000,36000,2.721,,,0,0,0,-5,-5,31,29,33,0,30,3,0,0,0,defence 45
head,Big pirate hat,yes,1500,900,0.001,,,0,0,0,0,0,0,0,0,0,0,0,0,0,0,
head,Black beret,yes,80,48,0.04,,,0,0,0,0,0,0,0,0,0,0,0,0,0,0,
head,Black boater,yes,225,135,0.01,,,0,0,0,0,0,0,0,0,0,0,0,0,0,0,
head,Black cavalier,yes,200,120,0.08,,,0,0,0,0,0,0,0,0,0,0,0,0,0,0,
head,Black demon mask,yes,4000,2400,0.8,,,0,0,0,0,0,0,0,0,0,0,0,0,0,0,
head,Black dragon mask,yes,10000,6000,2.267,,,0,0,0,0,0,0,0,0,0,0,0,0,0,0,
head,Black full helm,no,1056,633,2.721,,,0,0,0,-6,-3,12,13,10,-1,12,0,0,0,0,defence 10
head,Black full helm (g),no,1056,633,2.721,,,0,0,0,-6,-3,12,13,10,-1,12,0,0,0,0,defence 10
head,Black full helm (t),no,1056,633,2.721,,,0,0,0,-6,-3,12,13,10,-1,12,0,0,0,0,defence 10
head,Black h'ween mask,no,7,4,0.34,,,0,0,0,0,0,0,0,0,0,0,0,0,0,0,
head,Black headband,yes,40,24,0.04,,,0,0,0,0,0,0,0,0,0,0,0,0,0,0,
head,Black helm (h1),no,1056,633,2.721,,,0,0,0,-6,-3,12,13,10,-1,12,0,0,0,0,defence 10
head,Black helm (h2),no,1056,633,2.721,,,0,0,0,-6,-3,12,13,10,-1,12,0,0,0,0,defence 10
head,Black helm (h3),no,1056,633,2.721,,,0,0,0,-6,-3,12,13,10,-1,12,0,0,0,0,defence 10
head,Black helm (h4),no,1056,633,2.721,,,0,0,0,-6,-3,12,13,10,-1,12,0,0,0,0,defence 10
head,Black helm (h5),no,1056,633,2.721,,,0,0,0,-6,-3,12,13,10,-1,12,0,0,0,0,defence 10
head,Black leprechaun hat,yes,5000,3000,2.267,,,0,0,0,0,0,0,0,0,0,0,0,0,0,0,
head,Black mask,yes,3000,1800,10.0,,,0,0,0,-3,-1,9,10,8,-1,9,0,0,0,0,"defence 10, strength 20, combat 40"
head,Black mask (1),yes,3000,1800,10.0,,,0,0,0,-3,-1,9,10,8,-1,9,0,0,0,0,"defence 10, strength 20, combat 40"
head,Black mask (1) (i),yes,3000,1800,10.0,,,0,0,0,0,0,9,10,8,-1,9,0,0,0,0,"defence 10, strength 20, combat 40"
head,Black mask (10),yes,3000,1800,10.0,,,0,0,0,-3,-1,9,10,8,-1,9,0,0,0,0,"defence 10, strength 20, combat 40"
head,Black mask (10) (i),yes,3000,1800,10.0,,,0,0,0,0,0,9,10,8,-1,9,0,0,0,0,"defence 10, strength 20, combat 40"
head,Black mask (2),yes,3000,1800,10.0,,,0,0,0,-3,-1,9,10,8,-1,9,0,0,0,0,"defence 10, strength 20, combat 40"
head,Black mask (2) (i),yes,3000,1800,10.0,,,0,0,0,0,0,9,10,8,-1,9,0,0,0,0,"defence 10, strength 20, combat 40"
head,Black mask (3),yes,3000,1800,10.0,,,0,0,0,-3,-1,9,10,8,-1,9,0,0,0,0,"defence 10, strength 20, combat 40"
head,Black mask (3) (i),yes,3000,1800,10.0,,,0,0,0,0,0,9,10,8,-1,9,0,0,0,0,"defence 10, strength 20, combat 40"
head,Black mask (4),yes,3000,1800,10.0,,,0,0,0,-3,-1,9,10,8,-1,9,0,0,0,0,"defence 10, strength 20, combat 40"
head,Black mask (4) (i),yes,3000,1800,10.0,,,0,0,0,0,0,9,10,8,-1,9,0,0,0,0,"defence 10, strength 20, combat 40"
head,Black mask (5),yes,3000,1800,10.0,,,0,0,0,-3,-1,9,10,8,-1,9,0,0,0,0,"defence 10, strength 20, combat 40"
head,Black mask (5) (i),yes,3000,1800,10.0,,,0,0,0,0,0,9,10,8,-1,9,0,0,0,0,"defence 10, strength 20, combat 40"
head,Black mask (6),yes,3000,1800,10.0,,,0,0,0,-3,-1,9,10,8,-1,9,0,0,0,0,"defence 10, strength 20, combat 40"
head,Black mask (6) (i),yes,3000,1800,10.0,,,0,0,0,0,0,9,10,8,-1,9,0,0,0,0,"defence 10, strength 20, combat 40"
head,Black mask (7),yes,3000,1800,10.0,,,0,0,0,-3,-1,9,10,8,-1,9,0,0,0,0,"defence 10, strength 20, combat 40"
head,Black mask (7) (i),yes,3000,1800,10.0,,,0,0,0,0,0,9,10,8,-1,9,0,0,0,0,"defence 10, strength 20, combat 40"
head,Black mask (8),yes,3000,1800,10.0,,,0,0,0,-3,-1,9,10,8,-1,9,0,0,0,0,"defence 10, strength 20, combat 40"
head,Black mask (8) (i),yes,3000,1800,10.0,,,0,0,0,0,0,9,10,8,-1,9,0,0,0,0,"defence 10, strength 20, combat 40"
head,Black mask (9),yes,3000,1800,10.0,,,0,0,0,-3,-1,9,10,8,-1,9,0,0,0,0,"defence 10, strength 20, combat 40"
head,Black mask (9) (i),yes,3000,1800,10.0,,,0,0,0,0,0,9,10,8,-1,9,0,0,0,0,"defence 10, strength 20, combat 40"
head,Black mask (i),yes,3000,1800,10.0,,,0,0,0,0,0,9,10,8,-1,9,0,0,0,0,"defence 10, strength 20, combat 40"
head,Black med helm,no,576,345,1.814,,,0,0,0,-3,0,9,10,8,-1,9,0,0,0,0,defence 10
head,Black partyhat,no,1,0,0.056,,,0,0,0,0,0,0,0,0,0,0,0,0,0,0,
head,Black santa hat,no,1,0,0.113,,,0,0,0,0,0,0,0,0,0,0,0,0,0,0,
head,Black slayer helmet,yes,40000,24000,2.267,,,0,0,0,-6,-2,30,32,27,-1,30,0,0,0,0,defence 10
head,Black slayer helmet (i),yes,90000,54000,2.267,,,0,0,0,3,3,30,32,27,10,30,0,0,0,0,defence 10
head,Black tricorn hat,yes,50,30,0.003,,,0,0,0,0,0,0,0,0,0,0,0,0,0,0,
head,Black unicorn mask,yes,1000,600,0.1,,,0,0,0,0,0,0,0,0,0,0,0,0,0,0,
head,Black wizard hat (g),no,2,1,0.453,,,0,0,0,2,0,0,0,0,2,0,0,0,0,0,
head,Black wizard hat (t),no,2,1,0.453,,,0,0,0,2,0,0,0,0,2,0,0,0,0,0,
head,Blacksmith's helm,yes,3000,1800,1.814,,,0,0,0,-6,-2,6,7,5,-1,6,0,0,0,0,
head,Blood'n'tar snelm,yes,300,180,2.0,,,0,0,0,-3,-1,7,8,6,-1,7,0,0,0,0,
head,Bloodbark helm,yes,15000,9000,0.907,,,0,0,0,5,0,16,14,17,6,0,0,0,0,0,"magic 60, defence 60"
head,Blue beret,yes,80,48,0.04,,,0,0,0,0,0,0,0,0,0,0,0,0,0,0,
head,Blue boater,yes,225,135,0.01,,,0,0,0,0,0,0,0,0,0,0,0,0,0,0,
head,Blue dragon mask,yes,10000,6000,2.267,,,0,0,0,0,0,0,0,0,0,0,0,0,0,0,
head,Blue halloween mask,no,15,9,0.34,,,0,0,0,0,0,0,0,0,0,0,0,0,0,0,
head,Blue hat,yes,160,96,0.453,,,0,0,0,3,0,0,0,0,3,0,0,0,0,0,
head,Blue headband,yes,40,24,0.04,,,0,0,0,0,0,0,0,0,0,0,0,0,0,0,
head,Blue partyhat,no,1,0,0.056,,,0,0,0,0,0,0,0,0,0,0,0,0,0,0,
head,Blue tricorn hat,yes,50,30,0.003,,,0,0,0,0,0,0,0,0,0,0,0,0,0,0,
head,Blue wizard hat,no,2,1,0.453,,,0,0,0,2,0,0,0,0,2,0,0,0,0,0,
head,Blue wizard hat (g),no,2,1,0.453,,,0,0,0,2,0,0,0,0,2,0,0,0,0,0,
head,Blue wizard hat (t),no,2,1,0.453,,,0,0,0,2,0,0,0,0,2,0,0,0,0,0,
head,Bobble hat,no,1,0,0.25,,,0,0,0,0,0,0,0,0,0,0,0,0,0,0,
head,Body tiara,no,100,60,1.0,,,0,0,0,0,0,0,0,0,0,0,0,0,0,0,
head,Bomber cap,yes,1,0,0.001,,,0,0,0,0,0,0,0,0,0,0,0,0,0,0,
head,Bounty hunter hat (tier 1),yes,0,0,0.453,,,0,0,0,0,0,0,0,0,0,0,0,0,0,0,
head,Bounty hunter hat (tier 2),yes,0,0,0.453,,,0,0,0,0,0,0,0,0,0,0,0,0,0,0,
head,Bounty hunter hat (tier 3),yes,0,0,0.453,,,0,0,0,0,0,0,0,0,0,0,0,0,0,0,
head,Bounty hunter hat (tier 4),yes,0,0,0.453,,,0,0,0,0,0,0,0,0,0,0,0,0,0,0,
head,Bounty hunter hat (tier 5),yes,0,0,0.453,,,0,0,0,0,0,0,0,0,0,0,0,0,0,0,
head,Bounty hunter hat (tier 6),yes,0,0,0.453,,,0,0,0,0,0,0,0,0,0,0,0,0,0,0,
head,Bowl wig,yes,1,0,0.1,,,0,0,0,0,0,0,0,0,0,0,0,0,0,0,
head,Brassica halo,yes,1000,600,0.3,,,0,0,0,0,0,11,12,10,11,-1,0,0,0,3,
head,Brassica halo (l),yes,1000,600,0.3,,,0,0,0,0,0,11,12,10,11,-1,0,0,0,3,
head,Broken bark snelm,yes,300,180,2.0,,,0,0,0,-3,-1,7,8,6,-1,7,0,0,0,0,
head,Bronze dragon mask,yes,10000,6000,2.267,,,0,0,0,0,0,0,0,0,0,0,0,0,0,0,
head,Bronze full helm,no,44,26,2.721,,,0,0,0,-6,-3,4,5,3,-1,4,0,0,0,0,defence 1
head,Bronze full helm (g),no,48,28,2.721,,,0,0,0,-6,-3,4,5,3,-1,4,0,0,0,0,defence 1
head,Bronze full helm (t),no,48,28,2.721,,,0,0,0,-6,-3,4,5,3,-1,4,0,0,0,0,defence 1
head,Bronze med helm,no,24,14,1.814,,,0,0,0,-3,0,3,4,2,-1,4,0,0,0,0,defence 1
head,Brown headband,yes,40,24,0.04,,,0,0,0,0,0,0,0,0,0,0,0,0,0,0,
head,Brown tricorn hat,yes,50,30,0.003,,,0,0,0,0,0,0,0,0,0,0,0,0,0,0,
head,Bruise blue snelm,yes,300,180,2.0,,,0,0,0,-3,-1,7,8,6,-1,7,0,0,0,0,
head,Bucket helm,yes,14000,8400,0.5,,,0,0,0,0,0,0,0,0,0,0,0,0,0,0,
head,Bucket helm (g),yes,14000,8400,0.5,,,0,0,0,0,0,0,0,0,0,0,0,0,0,0,
head,Bunny ears,no,1,0,0.226,,,0,0,0,0,0,0,0,0,0,0,0,0,0,0,
head,Bunnyman mask,no,0,0,0.3,,,0,0,0,0,0,0,0,0,0,0,0,0,0,0,
head,Camel mask,yes,1,0,0.5,,,0,0,0,0,0,0,0,0,0,0,0,0,0,0,
head,Camo helmet,no,1,0,2.267,,,0,0,0,0,0,0,0,0,0,0,0,0,0,0,
head,Cap and goggles,yes,1,0,0.001,,,0,0,0,0,0,0,0,0,0,0,0,0,0,0,
head,Carpenter's helmet,yes,320,0,1.02,,,0,0,0,0,0,0,0,0,0,0,0,0,0,0,
head,Castlewars hood,no,1,0,0.453,,,0,0,0,0,0,0,1,2,0,1,0,0,0,0,
head,Cat ears,no,1,0,0.09,,,0,0,0,0,0,0,0,0,0,0,0,0,0,0,
head,Cat mask,yes,2400,1440,2.267,,,0,0,0,0,0,0,0,0,0,0,0,0,0,0,
head,Cavalier mask,yes,200,120,1.0,,,0,0,0,0,0,0,0,0,0,0,0,0,0,0,
head,Chaos tiara,yes,100,60,1.0,,,0,0,0,0,0,0,0,0,0,0,0,0,0,0,
head,Chef's hat,no,2,1,0.907,,,0,0,0,0,0,0,0,0,0,0,0,0,0,0,
head,Chicken head,no,1,0,0.25,,,0,0,0,0,0,0,0,0,0,0,0,0,0,0,
head,Chompy bird hat,yes,1,0,0.453,,,0,0,0,0,0,0,0,0,0,0,0,0,0,0,
head,Clown mask,no,1,0,0.5,,,0,0,0,0,0,0,0,0,0,0,0,0,0,0,
head,Coif,no,200,120,0.907,,,0,0,0,-1,2,4,6,8,4,4,0,0,0,0,"ranged 20, defence 1"
head,Construct. hood,yes,1,0,0.453,,,0,0,0,0,0,0,0,0,0,0,0,0,0,0,construction 99
head,Cooking hood,yes,1,0,0.453,,,0,0,0,0,0,0,0,0,0,0,0,0,0,0,cooking 99
head,Corrupted helm,yes,1,0,2.721,,,0,0,0,-6,-3,6,7,5,-1,6,0,0,0,0,
head,Corrupted helm (attuned),yes,1,0,2.721,,,6,6,2,6,6,48,48,48,48,48,0,0,0,2,
head,Corrupted helm (basic),yes,1,0,2.721,,,2,2,1,2,2,28,28,28,28,28,0,0,0,1,
head,Corrupted helm (perfected),yes,1,0,2.721,,,10,10,3,10,10,68,68,68,68,68,0,0,0,3,
head,Cosmic tiara,yes,100,60,1.0,,,0,0,0,0,0,0,0,0,0,0,0,0,0,0,
head,Cow mask,no,1,0,0.09,,,0,0,0,0,0,0,0,0,0,0,0,0,0,0,
head,Crab helmet,yes,1,0,0.907,,,0,0,0,-3,-1,5,4,3,-1,4,0,0,0,0,
head,Crafting hood,yes,1,0,0.453,,,0,0,0,0,0,0,0,0,0,0,0,0,0,0,crafting 99
head,Cream hat,yes,160,96,0.453,,,0,0,0,3,0,0,0,0,3,0,0,0,0,0,
head,Crier hat,yes,5000,3000,0.3,,,0,0,0,0,0,0,0,0,0,0,0,0,0,0,
head,Crystal crown,yes,250000000,150000000,0.3,,,0,0,0,0,0,0,0,0,0,0,0,0,0,0,
head,Crystal helm,yes,500000,300000,0.5,,,0,0,0,-10,9,12,8,14,10,18,0,0,0,2,defence 70
head,Crystal helm (attuned),yes,1,0,2.721,,,6,6,2,6,6,48,48,48,48,48,0,0,0,2,
head,Crystal helm (basic),yes,1,0,2.721,,,2,2,1,2,2,28,28,28,28,28,0,0,0,1,
head,Crystal helm (inactive),yes,500000,300000,0.5,,,0,0,0,0,0,0,0,0,0,0,0,0,0,0,defence 70
head,Crystal helm (perfected),yes,1,0,2.721,,,10,10,3,10,10,68,68,68,68,68,0,0,0,3,
head,Cyclops head,yes,5000,3000,0.2,,,0,0,0,0,0,0,0,0,0,0,0,0,0,0,
head,Dagon'hai hat,yes,17000,10200,0.453,,,0,0,0,5,0,0,0,0,5,0,0,0,0,2,"magic 70, defence 40"
head,Dark cavalier,yes,200,120,0.001,,,0,0,0,0,0,0,0,0,0,0,0,0,0,0,
head,Dark infinity hat,yes,17000,10200,0.453,,,0,0,0,6,0,0,0,0,6,0,0,0,0,0,"magic 50, defence 25"
head,Death tiara,yes,100,60,1.0,,,0,0,0,0,0,0,0,0,0,0,0,0,0,0,
head,Decorative armour,yes,45000,27000,8.164,,,0,0,0,0,0,4,4,4,4,4,0,0,0,0,defence 5
head,Decorative armour (l),yes,45000,27000,8.164,,,0,0,0,0,0,4,4,4,4,4,0,0,0,0,defence 30
head,Decorative full helm,no,850,510,2.721,,,0,0,0,-6,-3,9,10,7,-1,9,0,0,0,0,
head,Decorative full helm (l),no,850,510,2.721,,,0,0,0,-6,-3,19,21,16,-1,19,0,0,0,0,
head,Decorative helm,no,300,180,1.36,,,0,0,0,-3,0,7,8,6,-1,7,0,0,0,0,defence 5
head,Decorative helm (l),no,1920,1152,1.36,,,0,0,0,-3,0,14,15,13,-1,14,0,0,0,0,defence 30
head,Deerstalker,yes,2300,1380,0.5,,,0,0,0,0,0,0,0,0,0,0,0,0,0,0,
head,Defence hood,yes,1,0,0.453,,,0,0,0,0,0,0,0,0,0,0,0,0,0,0,defence 99
head,Desert disguise,yes,1,0,0.04,,,0,0,0,0,0,0,0,0,0,0,0,0,0,0,
head,Dharok's helm,yes,103000,61800,1.814,,,0,0,0,-3,-1,45,48,44,-1,51,0,0,0,0,defence 70
head,Dharok's helm 100,yes,103000,61800,1.814,,,0,0,0,-3,-1,45,48,44,-1,51,0,0,0,0,defence 70
head,Dharok's helm 25,yes,103000,61800,1.814,,,0,0,0,-3,-1,45,48,44,-1,51,0,0,0,0,defence 70
head,Dharok's helm 50,yes,103000,61800,1.814,,,0,0,0,-3,-1,45,48,44,-1,51,0,0,0,0,defence 70
head,Dharok's helm 75,yes,103000,61800,1.814,,,0,0,0,-3,-1,45,48,44,-1,51,0,0,0,0,defence 70
head,Doctor's hat,yes,1,0,0.3,,,0,0,0,0,0,0,0,0,0,0,0,0,0,0,
head,Double eye patch,yes,2,1,0.006,,,0,0,0,0,0,0,0,0,0,0,0,0,0,0,
head,Dragon full helm,yes,150000,90000,2.0,,,0,0,0,-6,-3,45,48,41,-1,46,0,0,0,0,defence 60
head,Dragon full helm (g),yes,150000,90000,2.0,,,0,0,0,-6,-3,45,48,41,-1,46,0,0,0,0,defence 60
head,Dragon med helm,yes,100000,60000,1.36,,,0,0,0,-3,0,33,35,32,-1,34,0,0,0,0,defence 60
head,Dragonstone full helm,no,35200,21120,2.721,,,0,0,0,-6,-3,30,32,27,-1,30,0,0,0,0,defence 40
head,Druidic wreath,no,1,0,0.32,,,0,0,0,0,0,0,0,0,0,0,0,0,0,0,
head,Dwarven helmet,yes,60000,36000,1.9,,,0,0,6,-2,-2,27,28,31,5,24,0,0,0,0,defence 50
head,Earmuffs,yes,200,120,0.113,,,0,0,0,0,0,0,0,0,0,0,0,0,0,0,slayer 15
head,Earth tiara,no,100,60,1.0,,,0,0,0,0,0,0,0,0,0,0,0,0,0,0,
head,Easter egg helm,no,0,0,0.113,,,0,0,0,0,0,0,0,0,0,0,0,0,0,0,
head,Elder chaos hood,yes,500,300,0.18,,,0,0,0,5,0,0,0,0,4,0,0,0,0,0,magic 40
head,Elemental helmet,yes,20,12,0.113,,,0,0,0,0,0,0,0,0,4,0,0,0,0,0,
head,Enchanted hat,yes,15000,9000,0.453,,,0,0,0,4,0,0,0,0,4,0,0,0,0,0,"defence 20, magic 40"
head,Evil chicken head,yes,1,0,0.25,,,0,0,0,0,0,0,0,0,0,0,0,0,0,0,
head,Facemask,yes,200,120,0.113,,,0,0,0,0,0,0,0,0,0,0,0,0,0,0,slayer 10
head,Fake beak,yes,1,0,0.01,,,0,0,0,0,0,0,0,0,0,0,0,0,0,0,
head,Fancy tiara,yes,8000,4800,0.05,,,0,0,0,0,0,0,0,0,0,0,0,0,0,0,
head,Farmer's strawhat,yes,50,30,0.907,,,0,0,0,0,0,0,0,0,0,0,0,0,0,0,
head,Farming hood,yes,1,0,0.453,,,0,0,0,0,0,0,0,0,0,0,0,0,0,0,farming 99
head,Farseer helm,yes,60000,36000,2.721,,,-5,-5,-5,6,-5,8,10,12,6,0,0,0,0,0,defence 45
head,Fedora,yes,300,180,0.2,,,0,0,0,0,0,0,0,0,0,0,0,0,0,0,
head,Fez,yes,20,12,0.005,,,0,0,0,0,0,0,0,0,0,0,0,0,0,0,
head,Fighter hat,yes,65002,39001,2.0,,,5,5,5,-7,-7,27,29,26,-3,28,0,0,0,0,defence 45
head,Fighter hat (l),yes,65002,39001,2.0,,,5,5,5,-7,-7,27,29,26,-3,28,0,0,0,0,defence 45
head,Fire max hood,yes,1,0,0.453,,,0,0,0,0,0,0,0,0,0,0,0,0,0,0,"attack 99, strength 99, defence 99, hitpoints 99, ranged 99, prayer 99, magic 99, cooking 99, woodcutting 99, fletching 99, fishing 99, firemaking 99, crafting 99, smithing 99, mining 99, herblore 99, agility 99, thieving 99, slayer 99, farming 99, runecraft 99, hunter 99, construction 99"
head,Fire tiara,no,100,60,1.0,,,0,0,0,0,0,0,0,0,0,0,0,0,0,0,
head,Firemaking hood,yes,1,0,0.453,,,0,0,0,0,0,0,0,0,0,0,0,0,0,0,firemaking 99
head,Fishbowl helmet,yes,1,0,5.0,,,0,0,0,0,0,0,0,0,0,0,0,0,0,0,
head,Fishing hood,yes,1,0,0.453,,,0,0,0,0,0,0,0,0,0,0,0,0,0,0,fishing 99
head,Fletching hood,yes,1,0,0.453,,,0,0,0,0,0,0,0,0,0,0,0,0,0,0,fletching 99
head,Fremennik hat,yes,500,300,0.453,,,0,0,0,3,0,0,0,0,3,0,0,0,0,0,
head,Fremennik helm,yes,5000,3000,2.721,,,0,0,0,-6,-2,19,21,16,-1,19,0,0,0,0,defence 30
head,Frog mask,no,0,0,0.453,,,0,0,0,0,0,0,0,0,0,0,0,0,0,0,
head,Gas mask,yes,2,1,0.255,,,0,0,0,0,0,0,0,0,0,0,0,0,0,0,
head,Ghostly hood,yes,30,18,0.001,,,0,0,0,3,0,0,0,0,3,0,0,0,0,0,
head,Giant boot,yes,14000,8400,0.5,,,0,0,0,0,0,0,0,0,0,0,0,0,0,0,
head,Gilded coif,yes,2000,1200,0.9,,,0,0,0,-1,4,4,7,8,4,6,0,0,0,0,
head,Gilded full helm,no,35200,21120,2.721,,,0,0,0,-6,-3,30,32,27,-1,30,0,0,0,0,defence 40
head,Gilded med helm,no,19200,11520,1.814,,,0,0,0,-3,0,22,23,21,-1,22,0,0,0,0,defence 40
head,Gnome child hat,no,1,0,0.113,,,0,0,0,0,0,0,0,0,0,0,0,0,0,0,
head,Gnome child mask,no,0,0,0.25,,,0,0,0,0,0,0,0,0,0,0,0,0,0,0,
head,Gnome goggles,yes,1000,600,0.01,,,0,0,0,0,0,0,0,0,0,0,0,0,0,0,
head,Goblin mask,yes,2000,1200,0.002,,,0,0,0,0,0,0,0,0,0,0,0,0,0,0,
head,Gold headband,yes,40,24,0.04,,,0,0,0,0,0,0,0,0,0,0,0,0,0,0,
head,Gold helmet,yes,1,0,31.751,,,0,0,0,0,0,0,10,20,0,10,0,0,0,0,defence 30
head,Golden chef's hat,no,2,1,0.907,,,0,0,0,0,0,0,0,0,0,0,0,0,0,0,
head,Golden prospector helmet,yes,3000,1800,0.907,,,0,0,0,0,0,0,0,0,0,0,0,0,0,0,
head,Graahk headdress,yes,750,450,0.226,,,0,0,0,0,-1,4,5,3,0,4,0,0,0,0,hunter 38
head,Graceful hood,yes,35,21,0.6,,,0,0,0,0,0,0,0,0,0,0,0,0,0,0,
head,Granite helm,yes,46000,27600,4.535,,,0,0,0,-9,-7,31,33,29,-1,39,0,0,0,0,"strength 50, defence 50"
head,Gravedigger mask,no,1,0,0.5,,,0,0,0,0,0,0,0,0,0,0,0,0,0,0,
head,Greater demon mask,yes,4000,2400,0.8,,,0,0,0,0,0,0,0,0,0,0,0,0,0,0,
head,Green boater,yes,225,135,0.01,,,0,0,0,0,0,0,0,0,0,0,0,0,0,0,
head,Green dragon mask,yes,10000,6000,2.267,,,0,0,0,0,0,0,0,0,0,0,0,0,0,0,
head,Green halloween mask,no,15,9,0.34,,,0,0,0,0,0,0,0,0,0,0,0,0,0,0,
head,Green hat,yes,160,96,0.453,,,0,0,0,3,0,0,0,0,3,0,0,0,0,0,
head,Green headband,yes,40,24,0.04,,,0,0,0,0,0,0,0,0,0,0,0,0,0,0,
head,Green partyhat,no,1,0,0.056,,,0,0,0,0,0,0,0,0,0,0,0,0,0,0,
head,Green slayer helmet,yes,40000,24000,2.267,,,0,0,0,-6,-2,30,32,27,-1,30,0,0,0,0,defence 10
head,Green slayer helmet (i),yes,90000,54000,2.267,,,0,0,0,3,3,30,32,27,10,30,0,0,0,0,defence 10
head,Green tricorn hat,yes,50,30,0.003,,,0,0,0,0,0,0,0,0,0,0,0,0,0,0,
head,Grey hat,yes,500,300,0.453,,,0,0,0,3,0,0,0,0,3,0,0,0,0,0,
head,Grey tricorn hat,yes,50,30,0.003,,,0,0,0,0,0,0,0,0,0,0,0,0,0,0,
head,Grim reaper hood,no,1,0,0.003,,,0,0,0,0,0,0,0,0,0,0,0,0,0,0,
head,Guthan's helm,yes,103000,61800,2.721,,,0,0,0,-6,-2,55,58,54,-1,62,0,0,0,0,defence 70
head,Guthan's helm 100,yes,103000,61800,2.721,,,0,0,0,-6,-2,55,58,54,-1,62,0,0,0,0,defence 70
head,Guthan's helm 25,yes,103000,61800,2.721,,,0,0,0,-6,-2,55,58,54,-1,62,0,0,0,0,defence 70
head,Guthan's helm 50,yes,103000,61800,2.721,,,0,0,0,-6,-2,55,58,54,-1,62,0,0,0,0,defence 70
head,Guthan's helm 75,yes,103000,61800,2.721,,,0,0,0,-6,-2,55,58,54,-1,62,0,0,0,0,defence 70
head,Guthix coif,yes,2000,1200,0.9,,,0,0,0,-1,7,4,7,10,4,8,0,0,0,1,"ranged 70, defence 40"
head,Guthix full helm,no,35200,21120,2.721,,,0,0,0,-6,-3,30,32,27,-1,30,0,0,0,1,defence 40
head,Guthix halo,yes,150000,90000,0.3,,,0,0,0,0,0,11,12,10,11,-1,0,0,0,3,
head,Guthix halo (l),yes,150000,90000,0.3,,,0,0,0,0,0,11,12,10,11,-1,0,0,0,3,
head,Guthix max hood,yes,1,0,0.453,,,0,0,0,0,0,0,0,0,0,0,0,0,0,0,"attack 99, strength 99, defence 99, hitpoints 99, ranged 99, prayer 99, magic 99, cooking 99, woodcutting 99, fletching 99, fishing 99, firemaking 99, crafting 99, smithing 99, mining 99, herblore 99, agility 99, thieving 99, slayer 99, farming 99, runecraft 99, hunter 99, construction 99"
head,Guthix mitre,yes,5000,3000,0.3,,,0,0,0,4,0,0,0,0,4,0,0,0,0,5,"prayer 40, magic 40"
head,Half moon spectacles,yes,19450,11670,0.05,,,0,0,0,0,0,0,0,0,0,0,0,0,0,0,
head,Ham hood,yes,75,45,0.453,,,0,0,0,0,0,0,1,2,0,1,0,0,0,0,
head,Hard hat,yes,100,60,2.0,,,0,0,0,0,0,0,0,0,0,0,0,0,0,0,
head,Hardcore ironman helm,no,0,0,0.907,,,0,0,0,-6,-3,6,7,5,-1,6,0,0,0,0,
head,Hat eyepatch,yes,100,60,1.0,,,0,0,0,0,0,0,0,0,0,0,0,0,0,0,
head,Headless head,no,0,0,0.1,,,0,0,0,0,0,0,0,0,0,0,0,0,0,0,
head,Healer hat,yes,65002,39001,2.0,,,-5,-5,-5,6,-5,6,8,10,7,0,0,0,0,0,defence 45
head,Healer hat (l),yes,65002,39001,2.0,,,-5,-5,-5,6,-5,6,8,10,7,0,0,0,0,0,defence 45
head,Hell cat ears,no,1,0,0.09,,,0,0,0,0,0,0,0,0,0,0,0,0,0,0,
head,Helm of neitiznot,yes,50000,30000,2.267,,,0,0,0,0,0,31,29,34,3,30,3,0,0,3,defence 55
head,Helm of raedwald,yes,1,0,1.0,,,0,0,0,-6,-2,6,7,5,-1,6,0,0,0,0,
head,Herblore hood,yes,1,0,0.453,,,0,0,0,0,0,0,0,0,0,0,0,0,0,0,herblore 99
head,Highwayman mask,yes,40,24,0.02,,,0,0,0,0,0,0,0,0,0,0,0,0,0,0,
head,Hitpoints hood,yes,1,0,0.453,,,0,0,0,0,0,0,0,0,0,0,0,0,0,0,hitpoints 99
head,Hood of darkness,yes,10000,6000,0.453,,,0,0,0,4,0,0,0,0,4,0,0,0,0,0,"magic 40, defence 20"
head,Hornwood helm,no,10,6,1.0,,,0,0,0,0,0,0,0,0,0,0,0,0,0,0,
head,Hosidius hood,yes,1,0,0.1,,,0,0,0,0,0,0,0,0,0,0,0,0,0,0,
head,Hunter hood,yes,1,0,0.453,,,0,0,0,0,0,0,0,0,0,0,0,0,0,0,hunter 99
head,Hunter's honour,yes,1,0,0.01,,,0,0,0,0,0,0,0,0,0,0,0,0,0,0,
head,Hydra slayer helmet,yes,40000,24000,2.267,,,0,0,0,-6,-2,30,32,27,-1,30,0,0,0,0,"defence 10, slayer 60"
head,Hydra slayer helmet (i),yes,90000,54000,2.267,,,0,0,0,3,3,30,32,27,10,30,0,0,0,0,"defence 10, slayer 60"
head,Imbued guthix max hood,yes,1,0,0.453,,,0,0,0,0,0,0,0,0,0,0,0,0,0,0,"attack 99, strength 99, defence 99, hitpoints 99, ranged 99, prayer 99, magic 99, cooking 99, woodcutting 99, fletching 99, fishing 99, firemaking 99, crafting 99, smithing 99, mining 99, herblore 99, agility 99, thieving 99, slayer 99, farming 99, runecraft 99, hunter 99, construction 99"
head,Imbued saradomin max hood,yes,1,0,0.453,,,0,0,0,0,0,0,0,0,0,0,0,0,0,0,"attack 99, strength 99, defence 99, hitpoints 99, ranged 99, prayer 99, magic 99, cooking 99, woodcutting 99, fletching 99, fishing 99, firemaking 99, crafting 99, smithing 99, mining 99, herblore 99, agility 99, thieving 99, slayer 99, farming 99, runecraft 99, hunter 99, construction 99"
head,Imbued zamorak max hood,yes,1,0,0.453,,,0,0,0,0,0,0,0,0,0,0,0,0,0,0,"attack 99, strength 99, defence 99, hitpoints 99, ranged 99, prayer 99, magic 99, cooking 99, woodcutting 99, fletching 99, fishing 99, firemaking 99, crafting 99, smithing 99, mining 99, herblore 99, agility 99, thieving 99, slayer 99, farming 99, runecraft 99, hunter 99, construction 99"
head,Imp mask,yes,2000,1200,0.002,,,0,0,0,0,0,0,0,0,0,0,0,0,0,0,
head,Infernal max hood,yes,1,0,0.453,,,0,0,0,0,0,0,0,0,0,0,0,0,0,0,"attack 99, strength 99, defence 99, hitpoints 99, ranged 99, prayer 99, magic 99, cooking 99, woodcutting 99, fletching 99, fishing 99, firemaking 99, crafting 99, smithing 99, mining 99, herblore 99, agility 99, thieving 99, slayer 99, farming 99, runecraft 99, hunter 99, construction 99"
head,Infinity hat,yes,17000,10200,0.453,,,0,0,0,6,0,0,0,0,6,0,0,0,0,0,"magic 50, defence 25"
head,Initiate sallet,yes,6000,3600,2.267,,,0,0,0,-6,-3,13,14,11,-1,13,0,0,0,3,"defence 20, prayer 10"
head,Inquisitor's great helm,yes,500000,300000,2.721,,,-2,-2,8,-5,-5,19,10,21,0,12,4,0,0,1,"strength 70, defence 30"
head,Inverted santa hat,no,1,0,0.113,,,0,0,0,0,0,0,0,0,0,0,0,0,0,0,
head,Iron dragon mask,yes,10000,6000,2.267,,,0,0,0,0,0,0,0,0,0,0,0,0,0,0,
head,Iron full helm,no,154,92,2.721,,,0,0,0,-6,-3,6,7,5,-1,6,0,0,0,0,defence 1
head,Iron full helm (g),no,160,96,2.721,,,0,0,0,-6,-3,6,7,5,-1,6,0,0,0,0,defence 1
head,Iron full helm (t),no,160,96,2.721,,,0,0,0,-6,-3,6,7,5,-1,6,0,0,0,0,defence 1
head,Iron med helm,no,84,50,1.814,,,0,0,0,-3,0,4,5,3,-1,4,0,0,0,0,defence 1
head,Ironman helm,no,0,0,0.907,,,0,0,0,-6,-3,6,7,5,-1,6,0,0,0,0,
head,Jack lantern mask,no,1,0,0.003,,,0,0,0,0,0,0,0,0,0,0,0,0,0,0,
head,Jester hat,no,1,0,0.25,,,0,0,0,0,0,0,0,0,0,0,0,0,0,0,
head,Jonas mask,no,1,0,0.5,,,0,0,0,0,0,0,0,0,0,0,0,0,0,0,
head,Jungle demon mask,yes,4000,2400,0.8,,,0,0,0,0,0,0,0,0,0,0,0,0,0,0,
head,Justiciar faceguard,yes,2000000,1200000,2.721,,,0,0,0,-6,-2,60,63,59,-6,67,0,0,0,2,defence 75
head,Kandarin headgear 1,yes,0,0,0.01,,,0,0,0,-3,-1,4,5,3,-1,4,0,0,0,0,
head,Kandarin headgear 2,yes,0,0,0.01,,,0,0,0,-3,-1,7,8,6,-1,7,0,0,0,0,
head,Kandarin headgear 3,yes,0,0,0.01,,,0,0,0,-3,-1,9,10,8,-1,9,0,0,0,0,
head,Kandarin headgear 4,yes,0,0,0.01,,,0,0,0,-3,-1,10,11,9,-1,10,0,0,0,0,
head,Karil's coif,yes,13000,7800,0.907,,,0,0,0,-1,7,6,9,12,6,10,0,0,0,0,"ranged 70, defence 70"
head,Karil's coif 100,yes,13000,7800,0.907,,,0,0,0,-1,7,6,9,12,6,10,0,0,0,0,"ranged 70, defence 70"
head,Karil's coif 25,yes,13000,7800,0.907,,,0,0,0,-1,7,6,9,12,6,10,0,0,0,0,"ranged 70, defence 70"
head,Karil's coif 50,yes,13000,7800,0.907,,,0,0,0,-1,7,6,9,12,6,10,0,0,0,0,"ranged 70, defence 70"
head,Karil's coif 75,yes,13000,7800,0.907,,,0,0,0,-1,7,6,9,12,6,10,0,0,0,0,"ranged 70, defence 70"
head,Khazard helmet,yes,10,6,2.721,,,0,0,0,0,0,4,5,3,0,0,0,0,0,0,
head,Kyatt hat,yes,1000,600,0.226,,,0,0,0,0,-1,4,5,3,0,4,0,0,0,0,hunter 52
head,Larupia hat,yes,500,300,0.226,,,0,0,0,0,-1,4,5,3,0,1,0,0,0,0,hunter 28
head,Lava dragon mask,yes,10000,6000,2.267,,,0,0,0,0,0,0,0,0,0,0,0,0,0,0,
head,Law tiara,yes,100,60,1.0,,,0,0,0,0,0,0,0,0,0,0,0,0,0,0,
head,Leather cowl,no,24,14,0.907,,,0,0,0,0,1,2,3,4,2,3,0,0,0,0,"ranged 1, defence 1"
head,Lederhosen hat,no,1,0,2.267,,,0,0,0,0,0,0,0,0,0,0,0,0,0,0,
head,Left eye patch,yes,2,1,0.006,,,0,0,0,0,0,0,0,0,0,0,0,0,0,0,
head,Leprechaun hat,yes,1000,600,2.267,,,0,0,0,0,0,0,0,0,0,0,0,0,0,0,
head,Lesser demon mask,yes,4000,2400,0.8,,,0,0,0,0,0,0,0,0,0,0,0,0,0,0,
head,Light infinity hat,yes,17000,10200,0.453,,,0,0,0,6,0,0,0,0,6,0,0,0,0,0,"magic 50, defence 25"
head,Lovakengj hood,yes,1,0,0.1,,,0,0,0,0,0,0,0,0,0,0,0,0,0,0,
head,Lumberjack hat,yes,50,30,0.453,,,0,0,0,0,0,0,0,0,0,0,0,0,0,0,
head,Lunar helm,yes,100,60,0.907,,,0,0,0,3,-2,8,7,10,2,0,0,0,0,0,"magic 65, defence 40"
head,Magic hood,yes,1,0,0.453,,,0,0,0,0,0,0,0,0,0,0,0,0,0,0,magic 99
head,Magma helm,yes,110500,66300,0.9,,,0,0,0,-5,-5,52,55,58,0,50,5,0,0,0,defence 75
head,Mask of balance,no,1,0,5.0,,,0,0,0,0,0,0,0,0,0,0,0,0,0,0,
head,Mask of ranul,yes,5000,3000,0.35,,,0,0,0,2,0,0,0,0,2,0,0,0,0,0,
head,Max hood,yes,1,0,0.453,,,0,0,0,0,0,0,0,0,0,0,0,0,0,0,"attack 99, strength 99, defence 99, hitpoints 99, ranged 99, prayer 99, magic 99, cooking 99, woodcutting 99, fletching 99, fishing 99, firemaking 99, crafting 99, smithing 99, mining 99, herblore 99, agility 99, thieving 99, slayer 99, farming 99, runecraft 99, hunter 99, construction 99"
head,Menaphite purple hat,yes,35,21,0.005,,,0,0,0,0,0,0,0,0,0,0,0,0,0,0,
head,Menaphite red hat,yes,35,21,0.005,,,0,0,0,0,0,0,0,0,0,0,0,0,0,0,
head,Mime mask,no,1,0,0.001,,,0,0,0,0,0,0,0,0,0,0,0,0,0,0,
head,Mind helmet,yes,3000,1800,0.113,,,0,0,0,0,0,0,0,0,6,0,0,0,0,0,
head,Mind tiara,no,100,60,1.0,,,0,0,0,0,0,0,0,0,0,0,0,0,0,0,
head,Mining helmet,yes,600,360,0.907,,,0,0,0,-3,-1,4,5,3,-1,4,0,0,0,0,
head,Mining hood,yes,1,0,0.453,,,0,0,0,0,0,0,0,0,0,0,0,0,0,0,mining 99
head,Mithril dragon mask,yes,10000,6000,2.267,,,0,0,0,0,0,0,0,0,0,0,0,0,0,0,
head,Mithril full helm,no,1430,858,2.267,,,0,0,0,-6,-3,13,14,11,-1,13,0,0,0,0,defence 20
head,Mithril full helm (g),no,1430,858,2.267,,,0,0,0,-6,-3,13,14,11,-1,13,0,0,0,0,defence 20
head,Mithril full helm (t),no,1430,858,2.267,,,0,0,0,-6,-3,13,14,11,-1,13,0,0,0,0,defence 20
head,Mithril med helm,no,780,468,1.36,,,0,0,0,-3,0,10,11,9,-1,10,0,0,0,0,defence 20
head,Monocle,yes,1200,720,0.001,,,0,0,0,0,0,0,0,0,0,0,0,0,0,0,
head,Moonclan hat,yes,1000,600,0.907,,,0,0,0,3,-5,3,3,3,3,-5,0,0,0,0,
head,Moonclan helm,yes,1000,600,0.907,,,0,0,0,3,-5,3,3,3,3,-5,0,0,0,0,
head,Morrigan's coif,yes,250000,150000,0.907,,,0,0,0,-5,13,8,11,14,8,12,0,0,0,0,defence 78
head,Mudskipper hat,yes,0,0,0.453,,,0,0,0,0,0,0,0,0,0,0,0,0,0,0,
head,Mummy's head,yes,1,0,0.5,,,0,0,0,0,0,0,0,0,0,0,0,0,0,0,
head,Music hood,yes,1,0,0.453,,,0,0,0,0,0,0,0,0,0,0,0,0,0,0,
head,Musketeer hat,yes,3500,2100,0.005,,,0,0,0,0,0,0,0,0,0,0,0,0,0,0,
head,Myre snelm,yes,300,180,2.0,,,0,0,0,-3,-1,7,8,6,-1,7,0,0,0,0,
head,Mystic hat,yes,15000,9000,0.453,,,0,0,0,4,0,0,0,0,4,0,0,0,0,0,"magic 40, defence 20"
head,Mystic hat (dark),yes,15000,9000,0.453,,,0,0,0,4,0,0,0,0,4,0,0,0,0,0,"magic 40, defence 20"
head,Mystic hat (dusk),yes,15000,9000,0.453,,,0,0,0,4,0,0,0,0,4,0,0,0,0,0,"magic 40, defence 20"
head,Mystic hat (light),yes,15000,9000,0.453,,,0,0,0,4,0,0,0,0,4,0,0,0,0,0,"magic 40, defence 20"
head,Mythical max hood,yes,1,0,0.453,,,0,0,0,0,0,0,0,0,0,0,0,0,0,0,"attack 99, strength 99, defence 99, hitpoints 99, ranged 99, prayer 99, magic 99, cooking 99, woodcutting 99, fletching 99, fishing 99, firemaking 99, crafting 99, smithing 99, mining 99, herblore 99, agility 99, thieving 99, slayer 99, farming 99, runecraft 99, hunter 99, construction 99"
head,Nature tiara,yes,100,60,1.0,,,0,0,0,0,0,0,0,0,0,0,0,0,0,0,
head,Navy cavalier,yes,200,120,0.08,,,0,0,0,0,0,0,0,0,0,0,0,0,0,0,
head,Neitiznot faceguard,yes,550000,330000,2.721,,,0,0,0,0,0,36,34,38,3,34,6,0,0,3,defence 70
head,Nose peg,yes,200,120,0.001,,,0,0,0,0,0,0,0,0,0,0,0,0,0,0,slayer 60
head,Nurse hat,yes,1,0,0.2,,,0,0,0,0,0,0,0,0,0,0,0,0,0,0,
head,Obsidian helmet,yes,56320,33792,3.628,,,0,0,0,0,0,25,23,26,0,24,3,0,0,0,defence 60
head,Ochre snelm,yes,300,180,2.0,,,0,0,0,-3,-1,7,8,6,-1,7,0,0,0,0,
head,Old demon mask,yes,4000,2400,0.8,,,0,0,0,0,0,0,0,0,0,0,0,0,0,0,
head,Orange boater,yes,225,135,0.01,,,0,0,0,0,0,0,0,0,0,0,0,0,0,0,
head,Ornate helm,no,1,0,2.721,,,0,0,0,-6,-2,6,7,5,-1,6,0,0,0,0,
head,Partyhat & specs,yes,1800,1080,0.453,,,0,0,0,0,0,0,0,0,0,0,0,0,0,0,
head,Penguin mask,yes,1200,720,1.814,,,0,0,0,0,0,0,0,0,0,0,0,0,0,0,
head,Pink boater,yes,225,135,0.01,,,0,0,0,0,0,0,0,0,0,0,0,0,0,0,
head,Pink hat,yes,160,96,0.453,,,0,0,0,3,0,0,0,0,3,0,0,0,0,0,
head,Pink headband,yes,40,24,0.04,,,0,0,0,0,0,0,0,0,0,0,0,0,0,0,
head,Pirate bandana,yes,100,60,1.0,,,0,0,0,0,0,0,0,0,0,0,0,0,0,0,
head,Pirate hat,yes,1,0,0.003,,,0,0,0,0,0,0,0,0,0,0,0,0,0,0,
head,Pirate hat & patch,yes,3000,1800,0.002,,,0,0,0,0,0,0,0,0,0,0,0,0,0,0,
head,Pirate's hat,yes,180,108,0.001,,,0,0,0,0,0,0,0,0,0,0,0,0,0,0,
head,Piscarilius hood,yes,1,0,0.1,,,0,0,0,0,0,0,0,0,0,0,0,0,0,0,
head,Pith helmet,yes,860,516,0.06,,,0,0,0,0,0,0,0,0,0,0,0,0,0,0,
head,Prayer hood,yes,1,0,0.453,,,0,0,0,0,0,0,0,0,0,0,0,0,0,0,prayer 99
head,Progress hat,yes,1,0,0.001,,,0,0,0,0,0,0,0,0,0,0,0,0,0,0,
head,Propeller hat,no,1,0,0.056,,,0,0,0,0,0,0,0,0,0,0,0,0,0,0,
head,Proselyte sallet,yes,8000,4800,2.267,,,0,0,0,-6,-3,19,21,16,-1,19,0,0,0,4,"defence 30, prayer 20"
head,Prospector helmet,yes,40,24,0.907,,,0,0,0,0,0,0,0,0,0,0,0,0,0,0,
head,Purple boater,yes,225,135,0.01,,,0,0,0,0,0,0,0,0,0,0,0,0,0,0,
head,Purple hat,yes,500,300,0.453,,,0,0,0,3,0,0,0,0,3,0,0,0,0,0,
head,Purple partyhat,no,1,0,0.056,,,0,0,0,0,0,0,0,0,0,0,0,0,0,0,
head,Purple slayer helmet,yes,40000,24000,2.267,,,0,0,0,-6,-2,30,32,27,-1,30,0,0,0,0,defence 10
head,Purple slayer helmet (i),yes,90000,54000,2.267,,,0,0,0,3,3,30,32,27,10,30,0,0,0,0,defence 10
head,Purple tricorn hat,yes,50,30,0.003,,,0,0,0,0,0,0,0,0,0,0,0,0,0,0,
head,Pyromancer hood,yes,500,300,0.18,,,0,0,0,0,0,0,0,0,0,0,0,0,0,0,
head,Quest point hood,yes,1,0,0.453,,,0,0,0,0,0,0,0,0,0,0,0,0,0,0,
head,Rainbow partyhat,no,1,0,0.056,,,0,0,0,0,0,0,0,0,0,0,0,0,0,0,
head,Ram skull helm,yes,1,0,3.175,,,0,0,0,0,-2,19,21,16,0,19,0,0,0,0,defence 30
head,Ranger hat,yes,65002,39001,2.0,,,-5,-5,-5,-5,6,7,10,11,5,8,0,0,0,0,defence 45
head,Ranger hat (l),yes,65002,39001,2.0,,,-5,-5,-5,-5,6,7,10,11,5,8,0,0,0,0,defence 45
head,Ranging hood,yes,1,0,0.453,,,0,0,0,0,0,0,0,0,0,0,0,0,0,0,ranged 99
head,Red beret,yes,80,48,0.04,,,0,0,0,0,0,0,0,0,0,0,0,0,0,0,
head,Red boater,yes,225,135,0.01,,,0,0,0,0,0,0,0,0,0,0,0,0,0,0,
head,Red cavalier,yes,200,120,0.08,,,0,0,0,0,0,0,0,0,0,0,0,0,0,0,
head,Red dragon mask,yes,10000,6000,2.267,,,0,0,0,0,0,0,0,0,0,0,0,0,0,0,
head,Red halloween mask,no,15,9,0.34,,,0,0,0,0,0,0,0,0,0,0,0,0,0,0,
head,Red hat,yes,500,300,0.453,,,0,0,0,3,0,0,0,0,3,0,0,0,0,0,
head,Red headband,yes,40,24,0.04,,,0,0,0,0,0,0,0,0,0,0,0,0,0,0,
head,Red partyhat,no,1,0,0.056,,,0,0,0,0,0,0,0,0,0,0,0,0,0,0,
head,Red slayer helmet,yes,40000,24000,2.267,,,0,0,0,-6,-2,30,32,27,-1,30,0,0,0,0,defence 10
head,Red slayer helmet (i),yes,90000,54000,2.267,,,0,0,0,3,3,30,32,27,10,30,0,0,0,0,defence 10
head,Red tricorn hat,yes,50,30,0.003,,,0,0,0,0,0,0,0,0,0,0,0,0,0,0,
head,Reindeer hat,no,1,0,2.0,,,0,0,0,0,0,0,0,0,0,0,0,0,0,0,
head,Reinforced goggles,yes,100,0,0.01,,,0,0,0,0,0,0,0,0,0,0,0,0,0,0,
head,Right eye patch,yes,2,1,0.006,,,0,0,0,0,0,0,0,0,0,0,0,0,0,0,
head,Robin hood hat,yes,450,270,0.283,,,0,0,0,-10,8,4,6,8,4,4,0,0,0,0,"ranged 40, defence 1"
head,Rock-shell helm,yes,35200,21120,2.721,,,0,0,0,-6,-2,30,32,27,-1,30,0,0,0,0,defence 40
head,Rogue mask,yes,375,225,0.453,,,0,0,0,0,0,5,5,5,5,5,0,0,0,0,"thieving 50, agility 50"
head,Rogue's revenge,yes,1,0,0.01,,,0,0,0,0,0,0,0,0,0,0,0,0,0,0,
head,Royal crown,yes,6000,3600,0.453,,,0,0,0,0,0,0,0,0,0,0,0,0,0,0,
head,Rune dragon mask,yes,10000,6000,2.267,,,0,0,0,0,0,0,0,0,0,0,0,0,0,0,
head,Rune full helm,no,35200,21120,2.721,,,0,0,0,-6,-3,30,32,27,-1,30,0,0,0,0,defence 40
head,Rune full helm (g),no,35200,21120,2.721,,,0,0,0,-6,-3,30,32,27,-1,30,0,0,0,0,defence 40
head,Rune full helm (t),no,35200,21120,2.721,,,0,0,0,-6,-3,30,32,27,-1,30,0,0,0,0,defence 40
head,Rune helm (h1),no,35200,21120,2.721,,,0,0,0,-6,-3,30,32,27,-1,30,0,0,0,0,defence 40
head,Rune helm (h2),no,35200,21120,2.721,,,0,0,0,-6,-3,30,32,27,-1,30,0,0,0,0,defence 40
head,Rune helm (h3),no,35200,21120,2.721,,,0,0,0,-6,-3,30,32,27,-1,30,0,0,0,0,defence 40
head,Rune helm (h4),no,35200,21120,2.721,,,0,0,0,-6,-3,30,32,27,-1,30,0,0,0,0,defence 40
head,Rune helm (h5),no,35200,21120,2.721,,,0,0,0,-6,-3,30,32,27,-1,30,0,0,0,0,defence 40
head,Rune heraldic helm,yes,35200,21120,2.721,,,0,0,0,-6,-3,30,32,27,-1,30,0,0,0,0,defence 40
head,Rune med helm,no,19200,11520,1.814,,,0,0,0,-3,0,22,23,21,-1,22,0,0,0,0,defence 40
head,Runecraft hood,yes,1,0,0.453,,,0,0,0,0,0,0,0,0,0,0,0,0,0,0,runecraft 99
head,Runner hat,yes,65002,39001,1.0,,,0,0,0,0,0,30,32,27,1,30,0,0,0,0,defence 45
head,Runner hat (l),yes,65002,39001,1.0,,,0,0,0,0,0,30,32,27,1,30,0,0,0,0,defence 45
head,Sagacious spectacles,yes,1400,840,0.001,,,0,0,0,0,0,0,0,0,0,0,0,0,0,0,
head,Samurai kasa,yes,4000,2400,0.6,,,0,0,0,0,0,16,17,15,4,16,0,0,0,0,defence 35
head,Sandwich lady hat,no,200,120,0.907,,,0,0,0,0,0,0,0,0,0,0,0,0,0,0,
head,Santa hat,no,160,96,0.113,,,0,0,0,0,0,0,0,0,0,0,0,0,0,0,
head,Santa mask,no,0,0,0.3,,,0,0,0,0,0,0,0,0,0,0,0,0,0,0,
head,Saradomin coif,yes,2000,1200,0.9,,,0,0,0,-1,7,4,7,10,4,8,0,0,0,1,"ranged 70, defence 40"
head,Saradomin full helm,no,35200,21120,2.721,,,0,0,0,-6,-3,30,32,27,-1,30,0,0,0,1,defence 40
head,Saradomin halo,yes,150000,90000,0.3,,,0,0,0,0,0,11,12,10,11,-1,0,0,0,3,
head,Saradomin halo (l),yes,150000,90000,0.3,,,0,0,0,0,0,11,12,10,11,-1,0,0,0,3,
head,Saradomin max hood,yes,1,0,0.453,,,0,0,0,0,0,0,0,0,0,0,0,0,0,0,"attack 99, strength 99, defence 99, hitpoints 99, ranged 99, prayer 99, magic 99, cooking 99, woodcutting 99, fletching 99, fishing 99, firemaking 99, crafting 99, smithing 99, mining 99, herblore 99, agility 99, thieving 99, slayer 99, farming 99, runecraft 99, hunter 99, construction 99"
head,Saradomin mitre,yes,5000,3000,0.3,,,0,0,0,4,0,0,0,0,4,0,0,0,0,5,"prayer 40, magic 40"
head,Seren halo,yes,1000,600,0.3,,,0,0,0,0,0,11,12,10,11,-1,0,0,0,3,
head,Seren halo (l),yes,1000,600,0.3,,,0,0,0,0,0,11,12,10,11,-1,0,0,0,3,
head,Serpentine helm,yes,110000,66000,0.9,,,0,0,0,-5,-5,52,55,58,0,50,5,0,0,0,defence 75
head,Shaman mask,no,8000,4800,2.721,,,0,0,0,-6,-2,6,7,5,-1,6,0,0,0,0,
head,Shayzien helm (1),yes,30,18,2.721,,,0,0,0,-5,-2,3,5,4,-1,5,0,0,0,0,defence 20
head,Shayzien helm (2),yes,40,24,2.721,,,0,0,0,-5,-2,5,8,6,-1,7,0,0,0,0,defence 20
head,Shayzien helm (3),yes,50,30,2.721,,,0,0,0,-6,-2,7,10,8,-2,9,0,0,0,0,defence 20
head,Shayzien helm (4),yes,60,36,2.721,,,0,0,0,-6,-2,8,12,10,-2,11,0,0,0,0,defence 20
head,Shayzien helm (5),yes,70,42,2.721,,,0,0,0,-6,4,10,14,12,-2,13,0,0,0,0,defence 20
head,Shayzien hood,yes,1,0,0.1,,,0,0,0,0,0,0,0,0,0,0,0,0,0,0,
head,Silly jester hat,yes,100,60,2.721,,,0,0,0,0,0,0,0,0,5,-5,0,0,0,0,
head,Skeletal helm,yes,10000,6000,1.36,,,0,0,0,2,-2,10,9,11,3,0,0,0,0,0,"defence 40, magic 40"
head,Skeleton mask,no,1,0,2.267,,,0,0,0,0,0,0,0,0,0,0,0,0,0,0,
head,Slayer helmet,yes,40000,24000,2.267,,,0,0,0,-6,-2,30,32,27,-1,30,0,0,0,0,defence 10
head,Slayer helmet (i),yes,90000,54000,2.267,,,0,0,0,3,3,30,32,27,10,30,0,0,0,0,defence 10
head,Slayer hood,yes,1,0,0.453,,,0,0,0,0,0,0,0,0,0,0,0,0,0,0,slayer 99
head,Sleeping cap,yes,2000,1200,0.4,,,0,0,0,0,0,0,0,0,0,0,0,0,0,0,
head,Smithing hood,yes,1,0,0.453,,,0,0,0,0,0,0,0,0,0,0,0,0,0,0,smithing 99
head,Snakeskin bandana,yes,300,180,0.907,,,0,0,0,-5,4,2,4,4,2,2,0,0,0,0,"ranged 30, defence 30"
head,Snow imp costume head,no,1,0,0.226,,,0,0,0,0,0,0,0,0,0,0,0,0,0,0,
head,Spined helm,yes,60000,36000,2.721,,,-6,-6,-6,-6,6,6,6,6,6,0,0,0,0,0,"defence 40, ranged 40"
head,Spiny helmet,yes,650,390,2.267,,,0,0,0,-6,-2,9,10,7,-1,9,0,0,0,0,defence 5
head,Spirit angler headband,yes,120,72,0.5,,,0,0,0,0,0,0,0,0,0,0,0,0,0,0,
head,Splitbark helm,yes,10000,6000,0.907,,,0,0,0,3,-2,10,9,11,3,0,0,0,0,0,"magic 40, defence 40"
head,Spookier hood,no,1,0,0.5,,,0,0,0,0,0,0,0,0,0,0,0,0,0,0,
head,Spooky hood,no,1,0,0.5,,,0,0,0,0,0,0,0,0,0,0,0,0,0,0,
head,Star-face,no,0,0,0.113,,,0,0,0,0,0,0,0,0,0,0,0,0,0,0,
head,Statius's full helm,yes,250000,150000,2.721,,,3,3,4,-6,-2,65,70,63,-1,71,3,0,0,0,defence 78
head,Steel dragon mask,yes,10000,6000,2.267,,,0,0,0,0,0,0,0,0,0,0,0,0,0,0,
head,Steel full helm,no,550,330,2.721,,,0,0,0,-6,-3,9,10,7,-1,9,0,0,0,0,defence 5
head,Steel full helm (g),no,550,330,2.721,,,0,0,0,-6,-3,9,10,7,-1,9,0,0,0,0,defence 5
head,Steel full helm (t),no,550,330,2.721,,,0,0,0,-6,-3,9,10,7,-1,9,0,0,0,0,defence 5
head,Steel heraldic helm,yes,600,360,2.721,,,0,0,0,-6,-3,9,10,7,-1,9,0,0,0,0,defence 5
head,Steel med helm,no,300,180,1.814,,,0,0,0,-3,0,7,8,6,-1,7,0,0,0,0,defence 5
head,Strength hood,yes,1,0,0.453,,,0,0,0,0,0,0,0,0,0,0,0,0,0,0,strength 99
head,Swampbark helm,yes,15000,9000,0.907,,,0,0,0,4,0,13,11,14,5,0,0,0,0,0,"magic 50, defence 50"
head,Tan cavalier,yes,200,120,0.08,,,0,0,0,0,0,0,0,0,0,0,0,0,0,0,
head,Tanzanite helm,yes,110500,66300,0.9,,,0,0,0,-5,-5,52,55,58,0,50,5,0,0,0,defence 75
head,Teal hat,yes,500,300,0.453,,,0,0,0,3,0,0,0,0,3,0,0,0,0,0,
head,Thieving hood,yes,1,0,0.453,,,0,0,0,0,0,0,0,0,0,0,0,0,0,0,thieving 99
head,Tiara,no,100,60,1.0,,,0,0,0,0,0,0,0,0,0,0,0,0,0,0,
head,Top hat,yes,1800,1080,1.36,,,0,0,0,0,0,0,0,0,0,0,0,0,0,0,
head,Top hat & monocle,yes,4000,2400,1.36,,,0,0,0,0,0,0,0,0,0,0,0,0,0,0,
head,Torag's helm,yes,103000,61800,2.721,,,0,0,0,-6,-2,55,58,54,-1,62,0,0,0,0,defence 70
head,Torag's helm 100,yes,103000,61800,2.721,,,0,0,0,-6,-2,55,58,54,-1,62,0,0,0,0,defence 70
head,Torag's helm 25,yes,103000,61800,2.721,,,0,0,0,-6,-2,55,58,54,-1,62,0,0,0,0,defence 70
head,Torag's helm 50,yes,103000,61800,2.721,,,0,0,0,-6,-2,55,58,54,-1,62,0,0,0,0,defence 70
head,Torag's helm 75,yes,103000,61800,2.721,,,0,0,0,-6,-2,55,58,54,-1,62,0,0,0,0,defence 70
head,Trailblazer hood (t1),yes,15000,9000,0.453,,,0,0,0,0,0,0,0,0,0,0,0,0,0,0,
head,Trailblazer hood (t2),yes,15000,9000,0.453,,,0,0,0,0,0,0,0,0,0,0,0,0,0,0,
head,Trailblazer hood (t3),yes,150000,90000,0.453,,,0,0,0,0,0,0,0,0,0,0,0,0,0,0,
head,Tri-jester hat,no,1,0,0.25,,,0,0,0,0,0,0,0,0,0,0,0,0,0,0,
head,Tribal mask,yes,500,300,2.0,,,0,0,0,0,0,0,0,0,0,0,0,0,0,0,
head,Turquoise hat,yes,160,96,0.453,,,0,0,0,3,0,0,0,0,3,0,0,0,0,0,
head,Turquoise slayer helmet,yes,40000,24000,2.267,,,0,0,0,-6,-2,30,32,27,-1,30,0,0,0,0,defence 10
head,Turquoise slayer helmet (i),yes,90000,54000,2.267,,,0,0,0,3,3,30,32,27,10,30,0,0,0,0,defence 10
head,Twisted ancestral hat,yes,45000,27000,0.453,,,0,0,0,8,-2,12,11,13,5,0,0,0,2,0,"magic 75, defence 65"
head,Twisted hat (t1),yes,1000,600,0.453,,,0,0,0,0,0,0,0,0,0,0,0,0,0,0,
head,Twisted hat (t2),yes,10000,6000,0.453,,,0,0,0,0,0,0,0,0,0,0,0,0,0,0,
head,Twisted hat (t3),yes,100000,60000,0.453,,,0,0,0,0,0,0,0,0,0,0,0,0,0,0,
head,Twisted slayer helmet,yes,40000,24000,2.267,,,0,0,0,-6,-2,30,32,27,-1,30,0,0,0,0,"slayer 60, defence 10"
head,Twisted slayer helmet (i),yes,90000,54000,2.267,,,0,0,0,3,3,30,32,27,10,30,0,0,0,0,defence 10
head,Tyras helm,yes,550,330,0.907,,,0,0,0,-6,-2,9,10,7,-1,9,0,0,0,0,defence 5
head,Tzkal slayer helmet,yes,40000,24000,2.267,,,0,0,0,-6,-2,30,32,27,-1,30,0,0,0,0,
head,Tzkal slayer helmet (i),yes,90000,54000,2.267,,,0,0,0,3,3,30,32,27,10,30,0,0,0,0,
head,Tztok slayer helmet,yes,40000,24000,2.267,,,0,0,0,-6,-2,30,32,27,-1,30,0,0,0,0,
head,Tztok slayer helmet (i),yes,90000,54000,2.267,,,0,0,0,3,3,30,32,27,10,30,0,0,0,0,
head,Ultimate ironman helm,no,0,0,0.907,,,0,0,0,-6,-3,6,7,5,-1,6,0,0,0,0,
head,Uri's hat,yes,1000,600,2.267,,,0,0,0,0,0,0,0,0,0,0,0,0,0,0,
head,Vampyric slayer helmet,yes,40000,24000,2.267,,,0,0,0,-6,-2,30,32,27,-1,30,0,0,0,0,
head,Vampyric slayer helmet (i),yes,90000,54000,2.267,,,0,0,0,3,3,30,32,27,10,30,0,0,0,0,
head,Verac's helm,yes,103000,61800,1.36,,,0,0,0,-6,-2,55,58,54,0,56,0,0,0,3,defence 70
head,Verac's helm 100,yes,103000,61800,1.36,,,0,0,0,-6,-2,55,58,54,0,56,0,0,0,3,defence 70
head,Verac's helm 25,yes,103000,61800,1.36,,,0,0,0,-6,-2,55,58,54,0,56,0,0,0,3,defence 70
head,Verac's helm 50,yes,103000,61800,1.36,,,0,0,0,-6,-2,55,58,54,0,56,0,0,0,3,defence 70
head,Verac's helm 75,yes,103000,61800,1.36,,,0,0,0,-6,-2,55,58,54,0,56,0,0,0,3,defence 70
head,Villager hat,yes,200,120,0.907,,,0,0,0,0,0,0,0,0,0,0,0,0,0,0,
head,Void mage helm,yes,9851,5910,0.453,,,0,0,0,0,0,6,6,6,6,6,0,0,0,0,"attack 42, strength 42, hitpoints 42, ranged 42, magic 42, defence 42, prayer 22"
head,Void mage helm (l),yes,9851,5910,0.453,,,0,0,0,0,0,6,6,6,6,6,0,0,0,0,"attack 42, strength 42, hitpoints 42, ranged 42, magic 42, defence 42, prayer 22"
head,Void melee helm,yes,9851,5910,0.453,,,0,0,0,0,0,6,6,6,6,6,0,0,0,0,"attack 42, strength 42, hitpoints 42, ranged 42, magic 42, defence 42, prayer 22"
head,Void melee helm (l),yes,9851,5910,0.453,,,0,0,0,0,0,6,6,6,6,6,0,0,0,0,"attack 42, strength 42, hitpoints 42, ranged 42, magic 42, defence 42, prayer 22"
head,Void ranger helm,yes,9851,5910,0.453,,,0,0,0,0,0,6,6,6,6,6,0,0,0,0,"attack 42, strength 42, hitpoints 42, ranged 42, magic 42, defence 42, prayer 22"
head,Void ranger helm (l),yes,9851,5910,0.453,,,0,0,0,0,0,6,6,6,6,6,0,0,0,0,"attack 42, strength 42, hitpoints 42, ranged 42, magic 42, defence 42, prayer 22"
head,Warrior helm,yes,60000,36000,2.721,,,0,5,0,-5,-5,31,33,29,0,30,0,0,0,0,defence 45
head,Water tiara,no,100,60,1.0,,,0,0,0,0,0,0,0,0,0,0,0,0,0,0,
head,White beret,yes,80,48,0.04,,,0,0,0,0,0,0,0,0,0,0,0,0,0,0,
head,White boater,yes,225,135,0.01,,,0,0,0,0,0,0,0,0,0,0,0,0,0,0,
head,White cavalier,yes,200,120,0.08,,,0,0,0,0,0,0,0,0,0,0,0,0,0,0,
head,White full helm,yes,1056,633,2.721,,,0,0,0,-6,-3,12,13,10,-1,12,0,0,0,1,defence 10
head,White headband,yes,40,24,0.04,,,0,0,0,0,0,0,0,0,0,0,0,0,0,0,
head,White med helm,yes,576,345,1.814,,,0,0,0,-3,0,9,10,8,-1,9,0,0,0,1,defence 10
head,White partyhat,no,1,0,0.056,,,0,0,0,0,0,0,0,0,0,0,0,0,0,0,
head,White unicorn mask,yes,1000,600,0.1,,,0,0,0,0,0,0,0,0,0,0,0,0,0,0,
head,Wise old man's santa hat,no,160,0,0.113,,,0,0,0,0,0,0,0,0,0,0,0,0,0,0,
head,Wizard hat,no,2,1,0.453,,,0,0,0,2,0,0,0,0,2,0,0,0,0,0,
head,Wolf mask,yes,2400,1440,2.267,,,0,0,0,0,0,0,0,0,0,0,0,0,0,0,
head,Woodcutting hood,yes,1,0,0.453,,,0,0,0,0,0,0,0,0,0,0,0,0,0,0,woodcutting 99
head,Woolly hat,no,1,0,0.25,,,0,0,0,0,0,0,0,0,0,0,0,0,0,0,
head,Wrath tiara,yes,500,300,1.0,,,0,0,0,0,0,0,0,0,0,0,0,0,0,0,
head,Xerician hat,yes,60,36,0.2,,,0,0,0,3,0,0,0,0,3,0,0,0,0,0,"magic 20, defence 10"
head,Yellow hat,yes,500,300,0.453,,,0,0,0,3,0,0,0,0,3,0,0,0,0,0,
head,Yellow partyhat,no,1,0,0.056,,,0,0,0,0,0,0,0,0,0,0,0,0,0,0,
head,Zamorak coif,yes,2000,1200,0.9,,,0,0,0,-1,7,4,7,10,4,8,0,0,0,1,"ranged 70, defence 40"
head,Zamorak full helm,no,35200,21120,2.721,,,0,0,0,-6,-3,30,32,27,-1,30,0,0,0,1,defence 40
head,Zamorak halo,yes,150000,90000,0.3,,,0,0,0,0,0,11,12,10,11,-1,0,0,0,3,
head,Zamorak halo (l),yes,150000,90000,0.3,,,0,0,0,0,0,11,12,10,11,-1,0,0,0,3,
head,Zamorak max hood,yes,1,0,0.453,,,0,0,0,0,0,0,0,0,0,0,0,0,0,0,"attack 99, strength 99, defence 99, hitpoints 99, ranged 99, prayer 99, magic 99, cooking 99, woodcutting 99, fletching 99, fishing 99, firemaking 99, crafting 99, smithing 99, mining 99, herblore 99, agility 99, thieving 99, slayer 99, farming 99, runecraft 99, hunter 99, construction 99"
head,Zamorak mitre,yes,5000,3000,0.3,,,0,0,0,4,0,0,0,0,4,0,0,0,0,5,"prayer 40, magic 40"
head,Zealot's helm,yes,24400,14640,2.267,,,0,0,0,0,0,0,0,0,0,0,0,0,0,1,
head,Zombie mask,no,1,0,0.003,,,0,0,0,0,0,0,0,0,0,0,0,0,0,0,
head,Zuriel's hood,yes,250000,150000,0.907,,,0,0,0,8,-2,20,16,22,8,0,0,0,0,0,defence 78
cape,20th anniversary cape,no,0,0,0.453,,,0,0,0,0,0,0,0,0,0,0,0,0,0,0,
cape,3rd age cloak,yes,85000,51000,0.005,,,0,0,0,0,0,9,9,9,9,9,0,0,0,5,prayer 65
cape,3rd age druidic cloak,yes,200000,120000,0.4,,,0,0,0,1,0,3,3,3,3,3,0,0,0,3,"prayer 65, defence 65"
cape,Accumulator max cape,yes,99000,0,0.453,,,0,0,0,0,4,0,1,0,4,0,0,0,0,0,"attack 99, strength 99, defence 99, hitpoints 99, ranged 99, prayer 99, magic 99, cooking 99, woodcutting 99, fletching 99, fishing 99, firemaking 99, crafting 99, smithing 99, mining 99, herblore 99, agility 99, thieving 99, slayer 99, farming 99, runecraft 99, hunter 99, construction 99"
cape,Achievement diary cape,yes,99000,59400,0.453,,,0,0,0,0,0,9,9,9,9,9,0,0,0,4,
cape,Achievement diary cape (t),yes,99000,59400,0.453,,,0,0,0,0,0,9,9,9,9,9,0,0,0,4,
cape,Agility cape,yes,99000,59400,0.453,,,0,0,0,0,0,9,9,9,9,9,0,0,0,0,agility 99
cape,Agility cape(t),yes,99000,59400,0.453,,,0,0,0,0,0,9,9,9,9,9,0,0,0,4,agility 99
cape,Ancient cloak,yes,2000,1200,0.003,,,0,0,0,1,0,3,3,3,3,3,0,0,0,3,prayer 40
cape,Ardougne cloak 1,yes,0,0,0.453,,,2,0,0,2,0,2,0,0,2,0,0,0,0,2,
cape,Ardougne cloak 2,yes,0,0,0.453,,,4,0,0,4,0,4,0,0,4,0,0,0,0,4,
cape,Ardougne cloak 3,yes,0,0,0.453,,,5,0,0,5,0,5,0,0,5,0,0,0,0,5,
cape,Ardougne cloak 4,yes,0,0,0.453,,,6,0,0,6,0,6,0,0,6,0,0,0,0,6,
cape,Ardougne max cape,yes,99000,0,0.453,,,6,0,0,6,0,6,0,0,6,0,0,0,0,6,"attack 99, strength 99, defence 99, hitpoints 99, ranged 99, prayer 99, magic 99, cooking 99, woodcutting 99, fletching 99, fishing 99, firemaking 99, crafting 99, smithing 99, mining 99, herblore 99, agility 99, thieving 99, slayer 99, farming 99, runecraft 99, hunter 99, construction 99"
cape,Armadyl cloak,yes,2000,1200,0.4,,,0,0,0,1,0,3,3,3,3,3,0,0,0,3,prayer 40
cape,Assembler max cape,yes,99000,59400,0.453,,,0,0,0,0,8,1,1,1,8,2,0,2,0,0,"attack 99, strength 99, defence 99, hitpoints 99, ranged 99, prayer 99, magic 99, cooking 99, woodcutting 99, fletching 99, fishing 99, firemaking 99, crafting 99, smithing 99, mining 99, herblore 99, agility 99, thieving 99, slayer 99, farming 99, runecraft 99, hunter 99, construction 99"
cape,Assembler max cape (l),yes,99000,59400,0.453,,,0,0,0,0,8,1,1,1,8,2,0,2,0,0,"attack 99, strength 99, defence 99, hitpoints 99, ranged 99, prayer 99, magic 99, cooking 99, woodcutting 99, fletching 99, fishing 99, firemaking 99, crafting 99, smithing 99, mining 99, herblore 99, agility 99, thieving 99, slayer 99, farming 99, runecraft 99, hunter 99, construction 99"
cape,Attack cape,yes,99000,59400,0.453,,,0,0,0,0,0,9,9,9,9,9,0,0,0,0,attack 99
cape,Attack cape(t),yes,99000,59400,0.453,,,0,0,0,0,0,9,9,9,9,9,0,0,0,4,attack 99
cape,Ava's accumulator,yes,1000,600,4.535,,,0,0,0,0,4,0,1,0,4,0,0,0,0,0,ranged 50
cape,Ava's assembler,yes,51000,30600,5.896,,,0,0,0,0,8,1,1,1,8,2,0,2,0,0,ranged 70
cape,Ava's assembler (l),yes,51000,30600,5.896,,,0,0,0,0,8,1,1,1,8,2,0,2,0,0,ranged 70
cape,Ava's attractor,yes,769,461,4.535,,,0,0,0,0,2,0,0,0,2,0,0,0,0,0,
cape,Banana cape,yes,0,0,0.453,,,0,0,0,0,0,0,1,1,0,2,0,0,0,0,
cape,Bandos cloak,yes,2000,1200,0.4,,,0,0,0,1,0,3,3,3,3,3,0,0,0,3,prayer 40
cape,Black cape,no,7,4,0.453,,,0,0,0,0,0,0,1,1,0,2,0,0,0,0,
cape,Black coffin,yes,1,0,1.0,,,0,0,0,0,0,0,0,0,0,0,0,0,0,0,
cape,Blue cape,no,32,19,0.453,,,0,0,0,0,0,0,1,1,0,2,0,0,0,0,
cape,Bonesack,yes,1,0,0.003,,,0,0,0,0,0,4,4,4,4,4,0,0,0,0,
cape,Bronze coffin,yes,1,0,1.0,,,0,0,0,0,0,0,0,0,0,0,0,0,0,0,
cape,Cabbage cape,no,100,60,0.453,,,0,0,0,0,0,0,1,1,0,2,0,0,0,0,
cape,Cape of legends,yes,450,270,1.814,,,0,0,0,0,0,7,7,7,7,7,0,0,0,0,
cape,Cape of skulls,yes,5000,3000,0.453,,,0,0,0,0,0,9,9,9,9,9,0,0,0,0,
cape,Castlewars cloak,no,100,60,0.453,,,0,0,0,0,0,0,1,1,0,2,0,0,0,0,
cape,Champion's cape,yes,2,1,0.453,,,0,0,0,0,0,0,0,0,0,0,0,0,0,0,
cape,Clan cloak,no,1,0,0.32,,,0,0,0,0,0,0,0,0,0,0,0,0,0,0,
cape,Clue hunter cloak,yes,1,0,1.0,,,0,0,0,0,0,0,1,1,0,2,0,0,0,0,
cape,Construct. cape,yes,99000,59400,0.453,,,0,0,0,0,0,9,9,9,9,9,0,0,0,0,construction 99
cape,Construct. cape(t),yes,99000,59400,0.453,,,0,0,0,0,0,9,9,9,9,9,0,0,0,4,construction 99
cape,Cooking cape,yes,99000,59400,0.453,,,0,0,0,0,0,9,9,9,9,9,0,0,0,0,cooking 99
cape,Cooking cape(t),yes,99000,59400,0.453,,,0,0,0,0,0,9,9,9,9,9,0,0,0,4,cooking 99
cape,Crafting cape,yes,99000,59400,0.453,,,0,0,0,0,0,9,9,9,9,9,0,0,0,0,crafting 99
cape,Crafting cape(t),yes,99000,59400,0.453,,,0,0,0,0,0,9,9,9,9,9,0,0,0,4,crafting 99
cape,Deadman's cape,no,2,1,0.453,,,0,0,0,0,0,0,1,1,0,2,0,0,0,0,
cape,Decorative armour,yes,45000,27000,8.164,,,0,0,0,0,0,4,4,4,4,4,0,0,0,0,defence 5
cape,Decorative armour (l),yes,45000,27000,8.164,,,0,0,0,0,0,4,4,4,4,4,0,0,0,0,defence 30
cape,Defence cape,yes,99000,59400,0.453,,,0,0,0,0,0,9,9,9,9,9,0,0,0,0,defence 99
cape,Defence cape(t),yes,99000,59400,0.453,,,0,0,0,0,0,9,9,9,9,9,0,0,0,4,defence 99
cape,Diving apparatus,yes,1,0,10.0,,,0,0,0,0,0,0,0,0,0,0,0,0,0,0,
cape,Eagle cape,yes,1,0,0.226,,,0,0,0,0,0,0,0,0,0,0,0,0,0,0,
cape,Explorer backpack,yes,1550,930,2.0,,,0,0,0,0,0,0,0,0,0,0,0,0,0,0,
cape,Extradimensional bag,yes,10,6,,,,0,0,0,0,0,0,0,0,0,0,0,0,0,0,
cape,Farming cape,yes,99000,59400,0.453,,,0,0,0,0,0,9,9,9,9,9,0,0,0,0,farming 99
cape,Farming cape(t),yes,99000,59400,0.453,,,0,0,0,0,0,9,9,9,9,9,0,0,0,4,farming 99
cape,Fire cape,yes,65007,39004,1.814,,,1,1,1,1,1,11,11,11,11,11,4,0,0,2,
cape,Fire cape (l),yes,65007,39004,1.814,,,1,1,1,1,1,11,11,11,11,11,4,0,0,2,
cape,Fire max cape,yes,99000,59400,0.453,,,1,1,1,1,1,11,11,11,11,11,4,0,0,2,"attack 99, strength 99, defence 99, hitpoints 99, ranged 99, prayer 99, magic 99, cooking 99, woodcutting 99, fletching 99, fishing 99, firemaking 99, crafting 99, smithing 99, mining 99, herblore 99, agility 99, thieving 99, slayer 99, farming 99, runecraft 99, hunter 99, construction 99"
cape,Fire max cape (l),yes,99000,59400,0.453,,,1,1,1,1,1,11,11,11,11,11,4,0,0,2,"attack 99, strength 99, defence 99, hitpoints 99, ranged 99, prayer 99, magic 99, cooking 99, woodcutting 99, fletching 99, fishing 99, firemaking 99, crafting 99, smithing 99, mining 99, herblore 99, agility 99, thieving 99, slayer 99, farming 99, runecraft 99, hunter 99, construction 99"
cape,Firemaking cape,yes,99000,59400,0.453,,,0,0,0,0,0,9,9,9,9,9,0,0,0,0,firemaking 99
cape,Firemaking cape(t),yes,99000,59400,0.453,,,0,0,0,0,0,9,9,9,9,9,0,0,0,4,firemaking 99
cape,Fish sack,yes,1000,600,2.267,,,0,0,0,0,0,0,1,1,0,2,0,0,0,0,
cape,Fish sack barrel,yes,1000,600,2.267,,,0,0,0,0,0,0,1,1,0,2,0,0,0,0,
cape,Fishing cape,yes,99000,59400,0.453,,,0,0,0,0,0,9,9,9,9,9,0,0,0,0,fishing 99
cape,Fishing cape(t),yes,99000,59400,0.453,,,0,0,0,0,0,9,9,9,9,9,0,0,0,4,fishing 99
cape,Fletching cape,yes,99000,59400,0.453,,,0,0,0,0,0,9,9,9,9,9,0,0,0,0,fletching 99
cape,Fletching cape(t),yes,99000,59400,0.453,,,0,0,0,0,0,9,9,9,9,9,0,0,0,4,fletching 99
cape,Fremennik black cloak,yes,250,150,0.453,,,0,0,0,0,0,0,1,1,0,2,0,0,0,0,
cape,Fremennik blue cloak,yes,250,150,0.453,,,0,0,0,0,0,0,1,1,0,2,0,0,0,0,
cape,Fremennik brown cloak,yes,250,150,0.453,,,0,0,0,0,0,0,1,1,0,2,0,0,0,0,
cape,Fremennik cyan cloak,yes,250,150,0.453,,,0,0,0,0,0,0,1,1,0,2,0,0,0,0,
cape,Fremennik green cloak,yes,250,150,0.453,,,0,0,0,0,0,0,1,1,0,2,0,0,0,0,
cape,Fremennik grey cloak,yes,250,150,0.453,,,0,0,0,0,0,0,1,1,0,2,0,0,0,0,
cape,Fremennik pink cloak,yes,250,150,0.453,,,0,0,0,0,0,0,1,1,0,2,0,0,0,0,
cape,Fremennik purple cloak,yes,250,150,0.453,,,0,0,0,0,0,0,1,1,0,2,0,0,0,0,
cape,Fremennik red cloak,yes,250,150,0.453,,,0,0,0,0,0,0,1,1,0,2,0,0,0,0,
cape,Fremennik teal cloak,yes,250,150,0.453,,,0,0,0,0,0,0,1,1,0,2,0,0,0,0,
cape,Fremennik yellow cloak,yes,250,150,0.453,,,0,0,0,0,0,0,1,1,0,2,0,0,0,0,
cape,Gauntlet cape,yes,20000,0,0.453,,,0,0,0,0,0,0,0,0,0,0,0,0,0,0,
cape,Ghostly cloak,yes,25,15,0.001,,,0,0,0,5,0,0,0,0,5,0,0,0,0,0,
cape,Gold coffin,yes,1,0,1.0,,,0,0,0,0,0,0,0,0,0,0,0,0,0,0,
cape,Graceful cape,yes,40,24,0.8,,,0,0,0,0,0,0,0,0,0,0,0,0,0,0,
cape,Grain,yes,1,0,5.0,,,0,0,0,0,0,0,0,0,0,0,0,0,0,0,
cape,Green cape,no,32,19,0.453,,,0,0,0,0,0,0,1,1,0,2,0,0,0,0,
cape,Guthix cape,yes,10,6,0.453,,,0,0,0,10,0,1,1,2,10,0,0,0,0,0,magic 60
cape,Guthix cloak,yes,2000,1200,0.4,,,0,0,0,1,0,3,3,3,3,3,0,0,0,3,prayer 40
cape,Guthix max cape,yes,99000,0,0.453,,,0,0,0,10,0,1,1,2,10,0,0,0,0,0,"attack 99, strength 99, defence 99, hitpoints 99, ranged 99, prayer 99, magic 99, cooking 99, woodcutting 99, fletching 99, fishing 99, firemaking 99, crafting 99, smithing 99, mining 99, herblore 99, agility 99, thieving 99, slayer 99, farming 99, runecraft 99, hunter 99, construction 99"
cape,Ham cloak,yes,75,45,0.453,,,0,0,0,0,0,0,1,1,0,2,0,0,0,0,
cape,Herblore cape,yes,99000,59400,0.453,,,0,0,0,0,0,9,9,9,9,9,0,0,0,0,herblore 99
cape,Herblore cape(t),yes,99000,59400,0.453,,,0,0,0,0,0,9,9,9,9,9,0,0,0,4,herblore 99
cape,Hitpoints cape,yes,99000,59400,0.453,,,0,0,0,0,0,9,9,9,9,9,0,0,0,0,hitpoints 99
cape,Hitpoints cape(t),yes,99000,59400,0.453,,,0,0,0,0,0,9,9,9,9,9,0,0,0,4,hitpoints 99
cape,Hooded cloak,no,1,0,0.001,,,0,0,0,0,0,0,0,0,0,0,0,0,0,0,
cape,Hunter cape,yes,99000,59400,0.453,,,0,0,0,0,0,9,9,9,9,9,0,0,0,0,hunter 99
cape,Hunter cape(t),yes,99000,59400,0.453,,,0,0,0,0,0,9,9,9,9,9,0,0,0,4,hunter 99
cape,Imbued guthix cape,yes,80000,48000,0.453,,,0,0,0,15,0,3,3,3,15,0,0,0,2,0,magic 50
cape,Imbued guthix cape (l),yes,80000,48000,0.453,,,0,0,0,15,0,3,3,3,15,0,0,0,2,0,magic 75
cape,Imbued guthix max cape,yes,99000,59400,0.453,,,0,0,0,15,0,3,3,3,15,0,0,0,2,0,"attack 99, strength 99, defence 99, hitpoints 99, ranged 99, prayer 99, magic 99, cooking 99, woodcutting 99, fletching 99, fishing 99, firemaking 99, crafting 99, smithing 99, mining 99, herblore 99, agility 99, thieving 99, slayer 99, farming 99, runecraft 99, hunter 99, construction 99"
cape,Imbued guthix max cape (l),yes,99000,59400,0.453,,,0,0,0,15,0,3,3,3,15,0,0,0,2,0,"attack 99, strength 99, defence 99, hitpoints 99, ranged 99, prayer 99, magic 99, cooking 99, woodcutting 99, fletching 99, fishing 99, firemaking 99, crafting 99, smithing 99, mining 99, herblore 99, agility 99, thieving 99, slayer 99, farming 99, runecraft 99, hunter 99, construction 99"
cape,Imbued saradomin cape,yes,80000,48000,0.453,,,0,0,0,15,0,3,3,3,15,0,0,0,2,0,magic 50
cape,Imbued saradomin cape (l),yes,80000,48000,0.453,,,0,0,0,15,0,3,3,3,15,0,0,0,2,0,magic 75
cape,Imbued saradomin max cape,yes,99000,59400,0.453,,,0,0,0,15,0,3,3,3,15,0,0,0,2,0,"attack 99, strength 99, defence 99, hitpoints 99, ranged 99, prayer 99, magic 99, cooking 99, woodcutting 99, fletching 99, fishing 99, firemaking 99, crafting 99, smithing 99, mining 99, herblore 99, agility 99, thieving 99, slayer 99, farming 99, runecraft 99, hunter 99, construction 99"
cape,Imbued saradomin max cape (l),yes,99000,59400,0.453,,,0,0,0,15,0,3,3,3,15,0,0,0,2,0,"attack 99, strength 99, defence 99, hitpoints 99, ranged 99, prayer 99, magic 99, cooking 99, woodcutting 99, fletching 99, fishing 99, firemaking 99, crafting 99, smithing 99, mining 99, herblore 99, agility 99, thieving 99, slayer 99, farming 99, runecraft 99, hunter 99, construction 99"
cape,Imbued zamorak cape,yes,80000,48000,0.453,,,0,0,0,15,0,3,3,3,15,0,0,0,2,0,magic 50
cape,Imbued zamorak cape (l),yes,80000,48000,0.453,,,0,0,0,15,0,3,3,3,15,0,0,0,2,0,magic 75
cape,Imbued zamorak max cape,yes,99000,59400,0.453,,,0,0,0,15,0,3,3,3,15,0,0,0,2,0,"attack 99, strength 99, defence 99, hitpoints 99, ranged 99, prayer 99, magic 99, cooking 99, woodcutting 99, fletching 99, fishing 99, firemaking 99, crafting 99, smithing 99, mining 99, herblore 99, agility 99, thieving 99, slayer 99, farming 99, runecraft 99, hunter 99, construction 99"
cape,Imbued zamorak max cape (l),yes,99000,59400,0.453,,,0,0,0,15,0,3,3,3,15,0,0,0,2,0,"attack 99, strength 99, defence 99, hitpoints 99, ranged 99, prayer 99, magic 99, cooking 99, woodcutting 99, fletching 99, fishing 99, firemaking 99, crafting 99, smithing 99, mining 99, herblore 99, agility 99, thieving 99, slayer 99, farming 99, runecraft 99, hunter 99, construction 99"
cape,Infernal cape,yes,80000,48000,1.814,,,4,4,4,1,1,12,12,12,12,12,8,0,0,2,
cape,Infernal cape (l),yes,80000,48000,1.814,,,4,4,4,1,1,12,12,12,12,12,8,0,0,2,
cape,Infernal max cape,yes,99000,59400,0.453,,,4,4,4,1,1,12,12,12,12,12,8,0,0,2,"attack 99, strength 99, defence 99, hitpoints 99, ranged 99, prayer 99, magic 99, cooking 99, woodcutting 99, fletching 99, fishing 99, firemaking 99, crafting 99, smithing 99, mining 99, herblore 99, agility 99, thieving 99, slayer 99, farming 99, runecraft 99, hunter 99, construction 99"
cape,Infernal max cape (l),yes,99000,59400,0.453,,,4,4,4,1,1,12,12,12,12,12,8,0,0,2,"attack 99, strength 99, defence 99, hitpoints 99, ranged 99, prayer 99, magic 99, cooking 99, woodcutting 99, fletching 99, fishing 99, firemaking 99, crafting 99, smithing 99, mining 99, herblore 99, agility 99, thieving 99, slayer 99, farming 99, runecraft 99, hunter 99, construction 99"
cape,Jester cape,no,1000,600,0.453,,,0,0,0,0,0,0,0,0,0,0,0,0,0,0,
cape,Karamjan monkey,yes,1,0,0.01,,,0,0,0,0,0,0,0,0,0,0,0,0,0,0,
cape,Kruk jr,yes,1,0,0.01,,,0,0,0,0,0,0,0,0,0,0,0,0,0,0,
cape,Lunar cape,yes,2,1,0.453,,,0,0,0,0,0,0,1,1,0,2,0,0,0,0,"magic 65, defence 40"
cape,Magic cape,yes,99000,59400,0.453,,,0,0,0,0,0,9,9,9,9,9,0,0,0,0,magic 99
cape,Magic cape(t),yes,99000,59400,0.453,,,0,0,0,0,0,9,9,9,9,9,0,0,0,4,magic 99
cape,Maniacal monkey,yes,1,0,0.01,,,0,0,0,0,0,0,0,0,0,0,0,0,0,0,
cape,Max cape,yes,99000,59400,0.4,,,0,0,0,0,0,9,9,9,9,9,0,0,0,4,"attack 99, strength 99, defence 99, hitpoints 99, ranged 99, prayer 99, magic 99, cooking 99, woodcutting 99, fletching 99, fishing 99, firemaking 99, crafting 99, smithing 99, mining 99, herblore 99, agility 99, thieving 99, slayer 99, farming 99, runecraft 99, hunter 99, construction 99"
cape,Mining cape,yes,99000,59400,0.453,,,0,0,0,0,0,9,9,9,9,9,0,0,0,0,mining 99
cape,Mining cape(t),yes,99000,59400,0.453,,,0,0,0,0,0,9,9,9,9,9,0,0,0,4,mining 99
cape,Monkey,yes,1,0,0.01,,,0,0,0,0,0,0,0,0,0,0,0,0,0,0,
cape,Moonclan cape,yes,200,120,0.453,,,0,0,0,2,-2,0,1,1,2,-2,0,0,0,0,
cape,Mourner cloak,yes,50,30,2.267,,,0,0,0,0,0,0,0,0,0,0,0,0,0,0,
cape,Music cape,yes,99000,59400,0.453,,,0,0,0,0,0,9,9,9,9,9,0,0,0,0,
cape,Music cape(t),yes,99000,59400,0.453,,,0,0,0,0,0,9,9,9,9,9,0,0,0,4,
cape,Mythical cape,yes,10000,6000,1.814,,,0,0,6,0,0,8,8,8,8,8,1,0,0,1,
cape,Mythical max cape,yes,99000,0,0.453,,,0,0,6,0,0,8,8,8,8,8,1,0,0,1,"attack 99, strength 99, defence 99, hitpoints 99, ranged 99, prayer 99, magic 99, cooking 99, woodcutting 99, fletching 99, fishing 99, firemaking 99, crafting 99, smithing 99, mining 99, herblore 99, agility 99, thieving 99, slayer 99, farming 99, runecraft 99, hunter 99, construction 99"
cape,Obsidian cape,yes,60000,36000,1.814,,,0,0,0,0,0,9,9,9,9,9,0,0,0,0,
cape,Obsidian cape (r),yes,60000,36000,1.814,,,0,0,0,0,0,9,9,9,9,9,0,0,0,0,
cape,Open black coffin,yes,1,0,1.0,,,0,0,0,0,0,0,0,0,0,0,0,0,0,0,
cape,Open bronze coffin,yes,1,0,1.0,,,0,0,0,0,0,0,0,0,0,0,0,0,0,0,
cape,Open fish sack barrel,yes,1000,600,2.267,,,0,0,0,0,0,0,1,1,0,2,0,0,0,0,
cape,Open gold coffin,yes,1,0,1.0,,,0,0,0,0,0,0,0,0,0,0,0,0,0,0,
cape,Open silver coffin,yes,1,0,1.0,,,0,0,0,0,0,0,0,0,0,0,0,0,0,0,
cape,Open steel coffin,yes,1,0,1.0,,,0,0,0,0,0,0,0,0,0,0,0,0,0,0,
cape,Orange cape,no,32,19,0.453,,,0,0,0,0,0,0,1,1,0,2,0,0,0,0,
cape,Ornate cape,no,1,0,0.453,,,0,0,0,0,0,0,1,1,0,2,0,0,0,0,
cape,Pink cape,yes,1,0,0.453,,,0,0,0,0,0,0,1,1,0,2,0,0,0,0,
cape,Prayer cape,yes,99000,59400,0.453,,,0,0,0,0,0,9,9,9,9,9,0,0,0,0,prayer 99
cape,Prayer cape(t),yes,99000,59400,0.453,,,0,0,0,0,0,9,9,9,9,9,0,0,0,4,prayer 99
cape,Princely monkey,yes,1,0,0.01,,,0,0,0,0,0,0,0,0,0,0,0,0,0,0,
cape,Purple cape,no,32,19,0.453,,,0,0,0,0,0,0,1,1,0,2,0,0,0,0,
cape,Quest point cape,yes,99000,59400,0.453,,,0,0,0,0,0,9,9,9,9,9,0,0,0,0,
cape,Quest point cape (t),yes,99000,59400,0.453,,,0,0,0,0,0,9,9,9,9,9,0,0,0,4,
cape,Ranging cape,yes,99000,59400,0.453,,,0,0,0,0,0,9,9,9,9,9,0,0,0,0,ranged 99
cape,Ranging cape(t),yes,99000,59400,0.453,,,0,0,0,0,0,9,9,9,9,9,0,0,0,4,ranged 99
cape,Red cape,no,2,1,0.453,,,0,0,0,0,0,0,1,1,0,2,0,0,0,0,
cape,Runecraft cape,yes,99000,59400,0.453,,,0,0,0,0,0,9,9,9,9,9,0,0,0,0,runecraft 99
cape,Runecraft cape(t),yes,99000,59400,0.453,,,0,0,0,0,0,9,9,9,9,9,0,0,0,4,runecraft 99
cape,Sack of presents,no,1,0,0.003,,,0,0,0,0,0,0,0,0,0,0,0,0,0,0,
cape,Saradomin cape,yes,10,6,0.453,,,0,0,0,10,0,1,1,2,10,0,0,0,0,0,magic 60
cape,Saradomin cloak,yes,2000,1200,0.4,,,0,0,0,1,0,3,3,3,3,3,0,0,0,3,prayer 40
cape,Saradomin max cape,yes,99000,0,0.453,,,0,0,0,10,0,1,1,2,10,0,0,0,0,0,"attack 99, strength 99, defence 99, hitpoints 99, ranged 99, prayer 99, magic 99, cooking 99, woodcutting 99, fletching 99, fishing 99, firemaking 99, crafting 99, smithing 99, mining 99, herblore 99, agility 99, thieving 99, slayer 99, farming 99, runecraft 99, hunter 99, construction 99"
cape,Scroll sack,yes,5,3,0.435,,,0,0,0,0,0,0,0,0,0,0,0,0,0,0,
cape,Shoulder parrot,no,1000,600,0.453,,,0,0,0,0,0,0,0,0,0,0,0,0,0,0,
cape,Silver coffin,yes,1,0,1.0,,,0,0,0,0,0,0,0,0,0,0,0,0,0,0,
cape,Sinhaza shroud tier 1,yes,10,6,0.453,,,0,0,0,0,0,0,0,0,0,0,0,0,0,0,
cape,Sinhaza shroud tier 2,yes,10,6,0.453,,,0,0,0,0,0,0,0,0,0,0,0,0,0,0,
cape,Sinhaza shroud tier 3,yes,10,6,0.453,,,0,0,0,0,0,0,0,0,0,0,0,0,0,0,
cape,Sinhaza shroud tier 4,yes,10,6,0.453,,,0,0,0,0,0,0,0,0,0,0,0,0,0,0,
cape,Sinhaza shroud tier 5,yes,10,6,0.453,,,0,0,0,0,0,0,0,0,0,0,0,0,0,0,
cape,Skeleton monkey,yes,1,0,0.01,,,0,0,0,0,0,0,0,0,0,0,0,0,0,0,
cape,Slayer cape,yes,99000,59400,0.453,,,0,0,0,0,0,9,9,9,9,9,0,0,0,0,slayer 99
cape,Slayer cape(t),yes,99000,59400,0.453,,,0,0,0,0,0,9,9,9,9,9,0,0,0,4,slayer 99
cape,Smithing cape,yes,99000,59400,0.453,,,0,0,0,0,0,9,9,9,9,9,0,0,0,0,smithing 99
cape,Smithing cape(t),yes,99000,59400,0.453,,,0,0,0,0,0,9,9,9,9,9,0,0,0,4,smithing 99
cape,Snow imp costume tail,no,1,0,0.01,,,0,0,0,0,0,0,0,0,0,0,0,0,0,0,
cape,Soul cape,yes,1,0,0.453,,,0,0,0,0,0,0,0,0,0,0,0,0,0,8,prayer 70
cape,Spotted cape,yes,400,240,0.4,,,0,0,0,0,0,0,1,1,0,2,0,0,0,0,hunter 40
cape,Spottier cape,yes,800,480,0.4,,,0,0,0,0,0,0,1,1,0,2,0,0,0,0,hunter 66
cape,Steel coffin,yes,1,0,1.0,,,0,0,0,0,0,0,0,0,0,0,0,0,0,0,
cape,Strength cape,yes,99000,59400,0.453,,,0,0,0,0,0,9,9,9,9,9,0,0,0,0,strength 99
cape,Strength cape(t),yes,99000,59400,0.453,,,0,0,0,0,0,9,9,9,9,9,0,0,0,4,strength 99
cape,Team cape i,no,50,30,0.453,,,0,0,0,0,0,0,1,1,0,2,0,0,0,0,
cape,Team cape x,no,50,30,0.453,,,0,0,0,0,0,0,1,1,0,2,0,0,0,0,
cape,Team cape zero,no,50,30,0.453,,,0,0,0,0,0,0,1,1,0,2,0,0,0,0,
cape,Team-1 cape,no,50,30,0.453,,,0,0,0,0,0,0,1,1,0,2,0,0,0,0,
cape,Team-10 cape,no,50,30,0.453,,,0,0,0,0,0,0,1,1,0,2,0,0,0,0,
cape,Team-11 cape,no,50,30,0.453,,,0,0,0,0,0,0,1,1,0,2,0,0,0,0,
cape,Team-12 cape,no,50,30,0.453,,,0,0,0,0,0,0,1,1,0,2,0,0,0,0,
cape,Team-13 cape,no,50,30,0.453,,,0,0,0,0,0,0,1,1,0,2,0,0,0,0,
cape,Team-14 cape,no,50,30,0.453,,,0,0,0,0,0,0,1,1,0,2,0,0,0,0,
cape,Team-15 cape,no,50,30,0.453,,,0,0,0,0,0,0,1,1,0,2,0,0,0,0,
cape,Team-16 cape,no,50,30,0.453,,,0,0,0,0,0,0,1,1,0,2,0,0,0,0,
cape,Team-17 cape,no,50,30,0.453,,,0,0,0,0,0,0,1,1,0,2,0,0,0,0,
cape,Team-18 cape,no,50,30,0.453,,,0,0,0,0,0,0,1,1,0,2,0,0,0,0,
cape,Team-19 cape,no,50,30,0.453,,,0,0,0,0,0,0,1,1,0,2,0,0,0,0,
cape,Team-2 cape,no,50,30,0.453,,,0,0,0,0,0,0,1,1,0,2,0,0,0,0,
cape,Team-20 cape,no,50,30,0.453,,,0,0,0,0,0,0,1,1,0,2,0,0,0,0,
cape,Team-21 cape,no,50,30,0.453,,,0,0,0,0,0,0,1,1,0,2,0,0,0,0,
cape,Team-22 cape,no,50,30,0.453,,,0,0,0,0,0,0,1,1,0,2,0,0,0,0,
cape,Team-23 cape,no,50,30,0.453,,,0,0,0,0,0,0,1,1,0,2,0,0,0,0,
cape,Team-24 cape,no,50,30,0.453,,,0,0,0,0,0,0,1,1,0,2,0,0,0,0,
cape,Team-25 cape,no,50,30,0.453,,,0,0,0,0,0,0,1,1,0,2,0,0,0,0,
cape,Team-26 cape,no,50,30,0.453,,,0,0,0,0,0,0,1,1,0,2,0,0,0,0,
cape,Team-27 cape,no,50,30,0.453,,,0,0,0,0,0,0,1,1,0,2,0,0,0,0,
cape,Team-28 cape,no,50,30,0.453,,,0,0,0,0,0,0,1,1,0,2,0,0,0,0,
cape,Team-29 cape,no,50,30,0.453,,,0,0,0,0,0,0,1,1,0,2,0,0,0,0,
cape,Team-3 cape,no,50,30,0.453,,,0,0,0,0,0,0,1,1,0,2,0,0,0,0,
cape,Team-30 cape,no,50,30,0.453,,,0,0,0,0,0,0,1,1,0,2,0,0,0,0,
cape,Team-31 cape,no,50,30,0.453,,,0,0,0,0,0,0,1,1,0,2,0,0,0,0,
cape,Team-32 cape,no,50,30,0.453,,,0,0,0,0,0,0,1,1,0,2,0,0,0,0,
cape,Team-33 cape,no,50,30,0.453,,,0,0,0,0,0,0,1,1,0,2,0,0,0,0,
cape,Team-34 cape,no,50,30,0.453,,,0,0,0,0,0,0,1,1,0,2,0,0,0,0,
cape,Team-35 cape,no,50,30,0.453,,,0,0,0,0,0,0,1,1,0,2,0,0,0,0,
cape,Team-36 cape,no,50,30,0.453,,,0,0,0,0,0,0,1,1,0,2,0,0,0,0,
cape,Team-37 cape,no,50,30,0.453,,,0,0,0,0,0,0,1,1,0,2,0,0,0,0,
cape,Team-38 cape,no,50,30,0.453,,,0,0,0,0,0,0,1,1,0,2,0,0,0,0,
cape,Team-39 cape,no,50,30,0.453,,,0,0,0,0,0,0,1,1,0,2,0,0,0,0,
cape,Team-4 cape,no,50,30,0.453,,,0,0,0,0,0,0,1,1,0,2,0,0,0,0,
cape,Team-40 cape,no,50,30,0.453,,,0,0,0,0,0,0,1,1,0,2,0,0,0,0,
cape,Team-41 cape,no,50,30,0.453,,,0,0,0,0,0,0,1,1,0,2,0,0,0,0,
cape,Team-42 cape,no,50,30,0.453,,,0,0,0,0,0,0,1,1,0,2,0,0,0,0,
cape,Team-43 cape,no,50,30,0.453,,,0,0,0,0,0,0,1,1,0,2,0,0,0,0,
cape,Team-44 cape,no,50,30,0.453,,,0,0,0,0,0,0,1,1,0,2,0,0,0,0,
cape,Team-45 cape,no,50,30,0.453,,,0,0,0,0,0,0,1,1,0,2,0,0,0,0,
cape,Team-46 cape,no,50,30,0.453,,,0,0,0,0,0,0,1,1,0,2,0,0,0,0,
cape,Team-47 cape,no,50,30,0.453,,,0,0,0,0,0,0,1,1,0,2,0,0,0,0,
cape,Team-48 cape,no,50,30,0.453,,,0,0,0,0,0,0,1,1,0,2,0,0,0,0,
cape,Team-49 cape,no,50,30,0.453,,,0,0,0,0,0,0,1,1,0,2,0,0,0,0,
cape,Team-5 cape,no,50,30,0.453,,,0,0,0,0,0,0,1,1,0,2,0,0,0,0,
cape,Team-50 cape,no,50,30,0.453,,,0,0,0,0,0,0,1,1,0,2,0,0,0,0,
cape,Team-6 cape,no,50,30,0.453,,,0,0,0,0,0,0,1,1,0,2,0,0,0,0,
cape,Team-7 cape,no,50,30,0.453,,,0,0,0,0,0,0,1,1,0,2,0,0,0,0,
cape,Team-8 cape,no,50,30,0.453,,,0,0,0,0,0,0,1,1,0,2,0,0,0,0,
cape,Team-9 cape,no,50,30,0.453,,,0,0,0,0,0,0,1,1,0,2,0,0,0,0,
cape,Thieving bag,yes,1000,600,0.435,,,0,0,0,0,0,0,0,0,0,0,0,0,0,0,
cape,Thieving cape,yes,99000,59400,0.453,,,0,0,0,0,0,9,9,9,9,9,0,0,0,0,thieving 99
cape,Thieving cape(t),yes,99000,59400,0.453,,,0,0,0,0,0,9,9,9,9,9,0,0,0,4,thieving 99
cape,Victor's cape (1),no,4,2,0.453,,,0,0,0,0,0,0,0,0,0,0,0,0,0,0,
cape,Victor's cape (10),no,4,2,0.453,,,0,0,0,0,0,0,0,0,0,0,0,0,0,0,
cape,Victor's cape (100),no,4,2,0.453,,,0,0,0,0,0,0,0,0,0,0,0,0,0,0,
cape,Victor's cape (1000),no,4,2,0.453,,,0,0,0,0,0,0,0,0,0,0,0,0,0,0,
cape,Victor's cape (50),no,4,2,0.453,,,0,0,0,0,0,0,0,0,0,0,0,0,0,0,
cape,Victor's cape (500),no,4,2,0.453,,,0,0,0,0,0,0,0,0,0,0,0,0,0,0,
cape,Wolf cloak,no,1000,600,0.453,,,0,0,0,0,0,0,0,0,0,0,0,0,0,0,
cape,Woodcut. cape(t),yes,99000,59400,0.453,,,0,0,0,0,0,9,9,9,9,9,0,0,0,4,woodcutting 99
cape,Woodcutting cape,yes,99000,59400,0.453,,,0,0,0,0,0,9,9,9,9,9,0,0,0,0,woodcutting 99
cape,Xeric's champion,yes,400,240,0.453,,,0,0,0,0,0,0,0,0,0,0,0,0,0,0,
cape,Xeric's general,yes,400,240,0.453,,,0,0,0,0,0,0,0,0,0,0,0,0,0,0,
cape,Xeric's guard,yes,400,240,0.453,,,0,0,0,0,0,0,0,0,0,0,0,0,0,0,
cape,Xeric's sentinel,yes,400,240,0.453,,,0,0,0,0,0,0,0,0,0,0,0,0,0,0,
cape,Xeric's warrior,yes,400,240,0.453,,,0,0,0,0,0,0,0,0,0,0,0,0,0,0,
cape,Yellow cape,no,32,19,0.453,,,0,0,0,0,0,0,1,1,0,2,0,0,0,0,
cape,Zamorak cape,yes,10,6,0.453,,,0,0,0,10,0,1,1,2,10,0,0,0,0,0,magic 60
cape,Zamorak cloak,yes,2000,1200,0.4,,,0,0,0,1,0,3,3,3,3,3,0,0,0,3,prayer 40
cape,Zamorak max cape,yes,99000,0,0.453,,,0,0,0,10,0,1,1,2,10,0,0,0,0,0,"attack 99, strength 99, defence 99, hitpoints 99, ranged 99, prayer 99, magic 99, cooking 99, woodcutting 99, fletching 99, fishing 99, firemaking 99, crafting 99, smithing 99, mining 99, herblore 99, agility 99, thieving 99, slayer 99, farming 99, runecraft 99, hunter 99, construction 99"
cape,Zombie monkey,yes,1,0,0.01,,,0,0,0,0,0,0,0,0,0,0,0,0,0,0,
neck,'perfect' necklace,yes,2175,1305,0.01,,,0,0,0,0,0,0,0,0,0,0,0,0,0,0,
neck,10th squad sigil,yes,1,0,0.085,,,0,0,0,0,0,0,0,0,0,0,0,0,0,0,
neck,20th anniversary necklace,no,0,0,0.141,,,0,0,0,0,0,0,0,0,0,0,0,0,0,0,
neck,3rd age amulet,yes,50500,30300,0.003,,,0,0,0,15,0,0,0,0,10,0,0,0,0,0,"magic 65, defence 30"
neck,Amulet of accuracy,no,100,60,0.01,,,4,4,4,4,4,0,0,0,0,0,0,0,0,0,
neck,Amulet of avarice,yes,45000,27000,0.01,,,10,10,10,10,10,3,3,3,3,3,6,0,0,3,
neck,Amulet of blood fury,yes,402000,241200,0.02,,,10,10,10,10,10,15,15,15,15,15,8,0,0,5,
neck,Amulet of bounty,yes,900,540,0.007,,,0,0,0,0,0,0,0,0,0,0,0,0,0,0,
neck,Amulet of chemistry,yes,1050,630,0.007,,,0,0,0,0,0,0,0,0,0,0,0,0,0,0,
neck,Amulet of defence,no,1275,765,0.01,,,0,0,0,0,0,7,7,7,7,7,0,0,0,0,
neck,Amulet of defence (t),no,1275,765,0.01,,,0,0,0,0,0,7,7,7,7,7,0,0,0,0,
neck,Amulet of eternal glory,yes,17625,10575,0.01,,,10,10,10,10,10,3,3,3,3,3,6,0,0,3,
neck,Amulet of fury,yes,202000,121200,0.01,,,10,10,10,10,10,15,15,15,15,15,8,0,0,5,
neck,Amulet of fury (or),yes,206000,123600,0.01,,,10,10,10,10,10,15,15,15,15,15,8,0,0,5,
neck,Amulet of glory,yes,17625,10575,0.01,,,10,10,10,10,10,3,3,3,3,3,6,0,0,3,
neck,Amulet of glory (t),yes,17625,10575,0.01,,,10,10,10,10,10,3,3,3,3,3,6,0,0,3,
neck,Amulet of glory (t1),yes,17625,10575,0.01,,,10,10,10,10,10,3,3,3,3,3,6,0,0,3,
neck,Amulet of glory (t2),yes,17625,10575,0.01,,,10,10,10,10,10,3,3,3,3,3,6,0,0,3,
neck,Amulet of glory (t3),yes,17625,10575,0.01,,,10,10,10,10,10,3,3,3,3,3,6,0,0,3,
neck,Amulet of glory (t4),yes,17625,10575,0.01,,,10,10,10,10,10,3,3,3,3,3,6,0,0,3,
neck,Amulet of glory (t5),yes,17625,10575,0.01,,,10,10,10,10,10,3,3,3,3,3,6,0,0,3,
neck,Amulet of glory (t6),yes,17625,10575,0.01,,,10,10,10,10,10,3,3,3,3,3,6,0,0,3,
neck,Amulet of glory(1),yes,17625,10575,0.01,,,10,10,10,10,10,3,3,3,3,3,6,0,0,3,
neck,Amulet of glory(2),yes,17625,10575,0.01,,,10,10,10,10,10,3,3,3,3,3,6,0,0,3,
neck,Amulet of glory(3),yes,17625,10575,0.01,,,10,10,10,10,10,3,3,3,3,3,6,0,0,3,
neck,Amulet of glory(4),yes,17625,10575,0.01,,,10,10,10,10,10,3,3,3,3,3,6,0,0,3,
neck,Amulet of glory(5),yes,17625,10575,0.01,,,10,10,10,10,10,3,3,3,3,3,6,0,0,3,
neck,Amulet of glory(6),yes,17625,10575,0.01,,,10,10,10,10,10,3,3,3,3,3,6,0,0,3,
neck,Amulet of magic,no,900,540,0.01,,,0,0,0,10,0,0,0,0,0,0,0,0,0,0,
neck,Amulet of magic (t),no,900,540,0.01,,,0,0,0,10,0,0,0,0,0,0,0,0,0,0,
neck,Amulet of nature,yes,1,0,0.007,,,0,0,0,0,0,0,0,0,0,0,0,0,0,0,
neck,Amulet of power,no,3525,2115,0.01,,,6,6,6,6,6,6,6,6,6,6,6,0,0,1,
neck,Amulet of power (t),no,4025,2415,0.01,,,6,6,6,6,6,6,6,6,6,6,6,0,0,1,
neck,Amulet of strength,no,2025,1215,0.01,,,0,0,0,0,0,0,0,0,0,0,10,0,0,0,
neck,Amulet of the damned,yes,58000,34800,0.1,,,10,10,10,10,10,3,3,3,3,3,6,0,0,3,
neck,Amulet of the damned (full),yes,58001,34800,0.1,,,10,10,10,10,10,3,3,3,3,3,6,0,0,3,
neck,Amulet of torture,yes,202000,121200,0.01,,,15,15,15,0,0,0,0,0,0,0,10,0,0,2,hitpoints 75
neck,Amulet of torture (or),yes,202000,121200,0.01,,,15,15,15,0,0,0,0,0,0,0,10,0,0,2,hitpoints 75
neck,Ancient stole,yes,2500,1500,0.002,,,0,0,0,2,0,0,0,0,2,0,0,0,0,10,prayer 60
neck,Arceuus scarf,yes,10000,6000,0.5,,,0,0,0,0,0,0,0,0,0,0,0,0,0,0,
neck,Armadyl pendant,yes,12,7,0.01,,,0,0,0,0,0,0,0,0,0,0,0,0,0,0,
neck,Armadyl stole,yes,2500,1500,0.01,,,0,0,0,2,0,0,0,0,2,0,0,0,0,10,prayer 60
neck,Bandos stole,yes,2500,1500,0.01,,,0,0,0,2,0,0,0,0,2,0,0,0,0,10,prayer 60
neck,Beads of the dead,yes,1,0,0.01,,,1,1,1,1,1,1,1,1,1,1,1,0,0,1,
neck,Berserker necklace,yes,202000,121200,0.01,,,-10,-10,-10,0,0,-20,-20,-20,-20,-20,7,0,0,3,
neck,Berserker necklace (or),yes,202000,121200,0.01,,,-10,-10,-10,0,0,-20,-20,-20,-20,-20,7,0,0,3,
neck,Binding necklace,yes,1425,855,0.01,,,0,0,0,0,0,0,0,0,0,0,0,0,0,0,
neck,Bobble scarf,no,1,0,0.25,,,0,0,0,0,0,0,0,0,0,0,0,0,0,0,
neck,Bonecrusher necklace,yes,80000,48000,0.025,,,10,10,10,10,10,2,2,2,2,2,2,0,0,12,prayer 80
neck,Brass necklace,no,30,18,0.01,,,0,0,0,0,0,0,0,0,0,0,0,0,0,0,
neck,Burning amulet(1),yes,1250,750,0.007,,,0,0,0,0,0,0,0,0,0,0,0,0,0,0,
neck,Burning amulet(2),yes,1250,750,0.007,,,0,0,0,0,0,0,0,0,0,0,0,0,0,0,
neck,Burning amulet(3),yes,1250,750,0.007,,,0,0,0,0,0,0,0,0,0,0,0,0,0,0,
neck,Burning amulet(4),yes,1250,750,0.007,,,0,0,0,0,0,0,0,0,0,0,0,0,0,0,
neck,Burning amulet(5),yes,1250,750,0.007,,,0,0,0,0,0,0,0,0,0,0,0,0,0,0,
neck,Camulet,yes,1,0,0.007,,,0,0,0,0,0,0,0,0,0,0,0,0,0,0,
neck,Cat training medal,yes,350,210,0.01,,,0,0,0,0,0,0,0,0,0,0,0,0,0,0,
neck,Catspeak amulet,yes,1,0,1.36,,,0,0,0,0,0,0,0,0,0,0,0,0,0,0,
neck,Catspeak amulet(e),yes,1,0,1.36,,,0,0,0,0,0,0,0,0,0,0,0,0,0,0,
neck,Clean necklace,yes,0,0,0.01,,,0,0,0,0,0,0,0,0,0,0,0,0,0,0,
neck,Clown bow tie,no,1,0,0.1,,,0,0,0,0,0,0,0,0,0,0,0,0,0,0,
neck,Crone-made amulet,yes,20,0,0.01,,,0,0,0,0,0,0,0,0,0,0,0,0,0,0,
neck,Crystal pendant,yes,10,6,0.005,,,0,0,0,0,0,0,0,0,0,0,0,0,0,0,
neck,Dark bow tie,yes,5000,3000,0.1,,,0,0,0,0,0,0,0,0,0,0,0,0,0,0,
neck,Desert amulet 1,yes,0,0,0.01,,,0,0,0,0,0,0,0,0,0,0,0,0,0,0,
neck,Desert amulet 2,yes,0,0,0.01,,,0,0,0,0,0,0,0,0,0,0,0,0,0,0,
neck,Desert amulet 3,yes,0,0,0.01,,,0,0,0,0,0,0,0,0,0,0,0,0,0,0,
neck,Desert amulet 4,yes,0,0,0.01,,,0,0,0,0,0,0,0,0,0,0,0,0,0,0,
neck,Diamond amulet,no,3525,2115,0.007,,,0,0,0,0,0,0,0,0,0,0,0,0,0,0,
neck,Diamond necklace,no,3675,2205,0.01,,,0,0,0,0,0,0,0,0,0,0,0,0,0,0,
neck,Digsite pendant (1),yes,2400,1440,0.01,,,0,0,0,0,0,0,0,0,0,0,0,0,0,0,
neck,Digsite pendant (2),yes,2400,1440,0.01,,,0,0,0,0,0,0,0,0,0,0,0,0,0,0,
neck,Digsite pendant (3),yes,2400,1440,0.01,,,0,0,0,0,0,0,0,0,0,0,0,0,0,0,
neck,Digsite pendant (4),yes,2400,1440,0.01,,,0,0,0,0,0,0,0,0,0,0,0,0,0,0,
neck,Digsite pendant (5),yes,2400,1440,0.01,,,0,0,0,0,0,0,0,0,0,0,0,0,0,0,
neck,Dodgy necklace,yes,1050,630,0.01,,,0,0,0,0,0,0,0,0,0,0,0,0,0,0,
neck,Dragon necklace,yes,18375,11025,0.01,,,0,0,0,0,0,0,0,0,0,0,0,0,0,0,
neck,Dragonbone necklace,yes,80000,48000,0.005,,,10,10,10,10,10,2,2,2,2,2,2,0,0,12,prayer 80
neck,Dragonstone amulet,yes,17625,10575,0.007,,,0,0,0,0,0,0,0,0,0,0,0,0,0,0,
neck,Drakan's medallion,yes,200,120,0.01,,,0,0,0,0,0,0,0,0,0,0,0,0,0,0,
neck,Emerald amulet,no,1275,765,0.007,,,0,0,0,0,0,0,0,0,0,0,0,0,0,0,
neck,Emerald necklace,no,1425,855,0.01,,,0,0,0,0,0,0,0,0,0,0,0,0,0,0,
neck,Games necklace(1),yes,1050,630,0.01,,,0,0,0,0,0,0,0,0,0,0,0,0,0,0,
neck,Games necklace(2),yes,1050,630,0.01,,,0,0,0,0,0,0,0,0,0,0,0,0,0,0,
neck,Games necklace(3),yes,1050,630,0.01,,,0,0,0,0,0,0,0,0,0,0,0,0,0,0,
neck,Games necklace(4),yes,1050,630,0.01,,,0,0,0,0,0,0,0,0,0,0,0,0,0,0,
neck,Games necklace(5),yes,1050,630,0.01,,,0,0,0,0,0,0,0,0,0,0,0,0,0,0,
neck,Games necklace(6),yes,1050,630,0.01,,,0,0,0,0,0,0,0,0,0,0,0,0,0,0,
neck,Games necklace(7),yes,1050,630,0.01,,,0,0,0,0,0,0,0,0,0,0,0,0,0,0,
neck,Games necklace(8),yes,1050,630,0.01,,,0,0,0,0,0,0,0,0,0,0,0,0,0,0,
neck,Ghostspeak amulet,no,35,21,0.01,,,0,0,0,0,0,0,0,0,0,0,0,0,0,0,
neck,Glarial's amulet,yes,1,0,0.01,,,0,0,0,0,0,0,0,0,0,0,0,0,0,0,
neck,Gnome amulet,yes,1,0,0.01,,,0,0,0,0,0,13,13,13,0,0,0,0,0,0,
neck,Gnome scarf,yes,1000,600,0.01,,,0,0,0,0,0,0,0,0,0,0,0,0,0,0,
neck,Gold amulet,no,350,210,0.007,,,0,0,0,0,0,0,0,0,0,0,0,0,0,0,
neck,Gold necklace,no,450,270,0.007,,,0,0,0,0,0,0,0,0,0,0,0,0,0,0,
neck,Guthix stole,yes,2500,1500,0.01,,,0,0,0,2,0,0,0,0,2,0,0,0,0,10,prayer 60
neck,Hallowed symbol,yes,100,0,0.007,,,0,0,0,0,0,0,0,0,0,0,0,0,0,0,
neck,Ham logo,yes,75,45,0.01,,,0,0,0,0,0,0,0,0,0,0,0,0,0,0,
neck,Hazeel's mark,yes,1,0,0.012,,,0,0,0,0,0,0,0,0,0,0,0,0,0,0,
neck,Holy symbol,no,300,180,0.007,,,0,0,0,0,0,2,2,2,2,2,0,0,0,8,
neck,Hosidius scarf,yes,10000,6000,0.5,,,0,0,0,0,0,0,0,0,0,0,0,0,0,0,
neck,Jade amulet,yes,1050,630,0.007,,,0,0,0,0,0,0,0,0,0,0,0,0,0,0,
neck,Jade necklace,yes,1275,765,0.01,,,0,0,0,0,0,0,0,0,0,0,0,0,0,0,
neck,Jester scarf,no,1,0,0.25,,,0,0,0,0,0,0,0,0,0,0,0,0,0,0,
neck,Lathas' amulet,yes,10,6,0.01,,,0,0,0,0,0,0,0,0,0,0,0,0,0,0,
neck,Light bow tie,yes,5000,3000,0.1,,,0,0,0,0,0,0,0,0,0,0,0,0,0,0,
neck,Lovakengj scarf,yes,10000,6000,0.5,,,0,0,0,0,0,0,0,0,0,0,0,0,0,0,
neck,Lunar amulet,yes,30,18,0.01,,,0,0,0,1,0,0,0,0,1,0,0,0,0,0,
neck,M'speak amulet,yes,550,330,1.36,,,0,0,0,0,0,0,0,0,0,0,0,0,0,0,
neck,Masori amulet,yes,1000000,600000,0.01,,,10,10,10,10,10,0,0,0,0,0,0,0,0,0,
neck,Necklace of anguish,yes,202000,121200,0.01,,,0,0,0,0,15,0,0,0,0,0,0,5,0,2,hitpoints 75
neck,Necklace of anguish (or),yes,202000,121200,0.01,,,0,0,0,0,15,0,0,0,0,0,0,5,0,2,hitpoints 75
neck,Necklace of faith,yes,1425,855,0.01,,,0,0,0,0,0,0,0,0,0,0,0,0,0,0,
neck,Necklace of passage(1),yes,1275,765,0.01,,,0,0,0,0,0,0,0,0,0,0,0,0,0,0,
neck,Necklace of passage(2),yes,1275,765,0.01,,,0,0,0,0,0,0,0,0,0,0,0,0,0,0,
neck,Necklace of passage(3),yes,1275,765,0.01,,,0,0,0,0,0,0,0,0,0,0,0,0,0,0,
neck,Necklace of passage(4),yes,1275,765,0.01,,,0,0,0,0,0,0,0,0,0,0,0,0,0,0,
neck,Necklace of passage(5),yes,1275,765,0.01,,,0,0,0,0,0,0,0,0,0,0,0,0,0,0,
neck,Occult necklace,yes,45000,27000,0.005,,,0,0,0,12,0,0,0,0,0,0,0,0,10,2,magic 70
neck,Occult necklace (or),yes,45000,27000,0.005,,,0,0,0,12,0,0,0,0,0,0,0,0,10,2,magic 75
neck,Onyx amulet,yes,201000,120600,0.007,,,0,0,0,0,0,0,0,0,0,0,0,0,0,0,
neck,Onyx necklace,yes,201000,120600,0.01,,,0,0,0,0,0,0,0,0,0,0,0,0,0,0,
neck,Opal amulet,yes,900,540,0.007,,,0,0,0,0,0,0,0,0,0,0,0,0,0,0,
neck,Opal necklace,yes,1050,630,0.01,,,0,0,0,0,0,0,0,0,0,0,0,0,0,0,
neck,Pendant of lucien,yes,12,7,0.01,,,0,0,0,0,0,0,0,0,0,0,0,0,0,0,
neck,Phoenix necklace,yes,4050,2430,0.01,,,0,0,0,0,0,0,0,0,0,0,0,0,0,0,
neck,Piscarilius scarf,yes,10000,6000,0.5,,,0,0,0,0,0,0,0,0,0,0,0,0,0,0,
neck,Pre-nature amulet,yes,1,0,0.007,,,0,0,0,0,0,0,0,0,0,0,0,0,0,0,
neck,Rainbow scarf,no,80,48,0.01,,,0,0,0,0,0,0,0,0,0,0,0,0,0,0,
neck,Ruby amulet,no,2025,1215,0.007,,,0,0,0,0,0,0,0,0,0,0,0,0,0,0,
neck,Ruby necklace,no,2175,1305,0.01,,,0,0,0,0,0,0,0,0,0,0,0,0,0,0,
neck,Salve amulet,yes,1,0,0.007,,,0,0,0,0,0,3,3,3,0,0,0,0,0,3,
neck,Salve amulet (e),yes,300,180,0.007,,,0,0,0,0,0,3,3,3,0,0,0,0,0,3,
neck,Salve amulet(ei),yes,300,180,0.007,,,0,0,0,0,0,3,3,3,0,0,0,0,0,3,
neck,Salve amulet(i),yes,1,0,0.007,,,0,0,0,0,0,3,3,3,0,0,0,0,0,3,
neck,Sapphire amulet,no,900,540,0.007,,,0,0,0,0,0,0,0,0,0,0,0,0,0,0,
neck,Sapphire necklace,no,1050,630,0.01,,,0,0,0,0,0,0,0,0,0,0,0,0,0,0,
neck,Saradomin stole,yes,2500,1500,0.01,,,0,0,0,2,0,0,0,0,2,0,0,0,0,10,prayer 60
neck,Seal of passage,yes,1,0,4.535,,,0,0,0,0,0,0,0,0,0,0,0,0,0,0,
neck,Shayzien scarf,yes,10000,6000,0.5,,,0,0,0,0,0,0,0,0,0,0,0,0,0,0,
neck,Silver necklace,yes,1,0,0.01,,,0,0,0,0,0,0,0,0,0,0,0,0,0,0,
neck,Skills necklace,yes,20200,12120,0.01,,,0,0,0,0,0,0,0,0,0,0,0,0,0,0,
neck,Skills necklace(1),yes,20200,12120,0.01,,,0,0,0,0,0,0,0,0,0,0,0,0,0,0,
neck,Skills necklace(2),yes,20200,12120,0.01,,,0,0,0,0,0,0,0,0,0,0,0,0,0,0,
neck,Skills necklace(3),yes,20200,12120,0.01,,,0,0,0,0,0,0,0,0,0,0,0,0,0,0,
neck,Skills necklace(4),yes,20200,12120,0.01,,,0,0,0,0,0,0,0,0,0,0,0,0,0,0,
neck,Skills necklace(5),yes,20200,12120,0.01,,,0,0,0,0,0,0,0,0,0,0,0,0,0,0,
neck,Skills necklace(6),yes,20200,12120,0.01,,,0,0,0,0,0,0,0,0,0,0,0,0,0,0,
neck,Strength amulet (t),no,2025,1215,0.01,,,0,0,0,0,0,0,0,0,0,0,10,0,0,0,
neck,Strung rabbit foot,yes,30,18,0.03,,,0,0,0,0,0,0,0,0,0,0,0,0,0,0,
neck,Topaz amulet,yes,1250,750,0.007,,,0,0,0,0,0,0,0,0,0,0,0,0,0,0,
neck,Topaz necklace,yes,1425,855,0.01,,,0,0,0,0,0,0,0,0,0,0,0,0,0,0,
neck,Tri-jester scarf,no,1,0,0.25,,,0,0,0,0,0,0,0,0,0,0,0,0,0,0,
neck,Unblessed symbol,no,200,120,0.007,,,0,0,0,0,0,0,0,0,0,0,0,0,0,0,
neck,Unholy symbol,yes,200,120,0.007,,,2,2,2,2,2,0,0,0,0,0,0,0,0,8,
neck,Unpowered symbol,yes,200,120,0.007,,,0,0,0,0,0,0,0,0,0,0,0,0,0,0,
neck,Void seal(1),yes,100,60,0.005,,,0,0,0,0,0,1,1,1,1,1,0,0,0,0,"attack 42, strength 42, hitpoints 42, ranged 42, magic 42, defence 42, prayer 22"
neck,Void seal(2),yes,100,60,0.005,,,0,0,0,0,0,1,1,1,1,1,0,0,0,0,"attack 42, strength 42, hitpoints 42, ranged 42, magic 42, defence 42, prayer 22"
neck,Void seal(3),yes,100,60,0.005,,,0,0,0,0,0,1,1,1,1,1,0,0,0,0,"attack 42, strength 42, hitpoints 42, ranged 42, magic 42, defence 42, prayer 22"
neck,Void seal(4),yes,100,60,0.005,,,0,0,0,0,0,1,1,1,1,1,0,0,0,0,"attack 42, strength 42, hitpoints 42, ranged 42, magic 42, defence 42, prayer 22"
neck,Void seal(5),yes,100,60,0.005,,,0,0,0,0,0,1,1,1,1,1,0,0,0,0,"attack 42, strength 42, hitpoints 42, ranged 42, magic 42, defence 42, prayer 22"
neck,Void seal(6),yes,100,60,0.005,,,0,0,0,0,0,1,1,1,1,1,0,0,0,0,"attack 42, strength 42, hitpoints 42, ranged 42, magic 42, defence 42, prayer 22"
neck,Void seal(7),yes,100,60,0.005,,,0,0,0,0,0,1,1,1,1,1,0,0,0,0,"attack 42, strength 42, hitpoints 42, ranged 42, magic 42, defence 42, prayer 22"
neck,Void seal(8),yes,100,60,0.005,,,0,0,0,0,0,1,1,1,1,1,0,0,0,0,"attack 42, strength 42, hitpoints 42, ranged 42, magic 42, defence 42, prayer 22"
neck,Witchwood icon,yes,900,540,0.007,,,0,0,0,1,0,0,0,0,0,0,0,0,0,1,slayer 35
neck,Woolly scarf,no,1,0,0.25,,,0,0,0,0,0,0,0,0,0,0,0,0,0,0,
neck,Xeric's talisman,yes,351,210,0.06,,,0,0,0,3,0,0,0,0,1,0,0,0,0,0,
neck,Xeric's talisman (inert),yes,350,210,0.06,,,0,0,0,2,0,0,0,0,0,0,0,0,0,0,
neck,Yin yang amulet,no,1,0,0.001,,,0,0,0,0,0,0,0,0,0,0,0,0,0,0,
neck,Zamorak stole,yes,2500,1500,0.01,,,0,0,0,2,0,0,0,0,2,0,0,0,0,10,prayer 60
neck,Zenyte amulet,yes,202000,121200,0.01,,,0,0,0,0,0,0,0,0,0,0,0,0,0,0,
neck,Zenyte necklace,yes,202000,121200,0.01,,,0,0,0,0,0,0,0,0,0,0,0,0,0,0,
ammo,Adamant arrow,no,80,48,0.0,,,0,0,0,0,0,0,0,0,0,0,0,31,0,0,ranged 30
ammo,Adamant arrow(p),yes,80,48,0.0,,,0,0,0,0,0,0,0,0,0,0,0,31,0,0,ranged 30
ammo,Adamant arrow(p+),yes,80,48,0.0,,,0,0,0,0,0,0,0,0,0,0,0,31,0,0,ranged 30
ammo,Adamant arrow(p++),yes,80,48,0.0,,,0,0,0,0,0,0,0,0,0,0,0,31,0,0,ranged 30
ammo,Adamant bolts,yes,58,34,0.0,,,0,0,0,0,0,0,0,0,0,0,0,100,0,0,ranged 46
ammo,Adamant bolts (p),yes,58,34,0.0,,,0,0,0,0,0,0,0,0,0,0,0,100,0,0,ranged 46
ammo,Adamant bolts (p+),yes,58,34,0.0,,,0,0,0,0,0,0,0,0,0,0,0,100,0,0,ranged 46
ammo,Adamant bolts (p++),yes,58,34,0.0,,,0,0,0,0,0,0,0,0,0,0,0,100,0,0,ranged 46
ammo,Adamant brutal,yes,95,57,0.0,,,0,0,0,0,0,0,0,0,0,0,0,45,0,0,ranged 30
ammo,Adamant fire arrow,yes,3,1,0.0,,,0,0,0,0,0,0,0,0,0,0,0,31,0,0,ranged 30
ammo,Adamant fire arrow (lit),yes,10,6,0.0,,,0,0,0,0,0,0,0,0,0,0,0,31,0,0,ranged 30
ammo,Adamant javelin,yes,160,96,0.0,,,0,0,0,0,0,0,0,0,0,0,0,107,0,0,ranged 30
ammo,Adamant javelin(p),yes,160,96,0.0,,,0,0,0,0,0,0,0,0,0,0,0,107,0,0,ranged 30
ammo,Adamant javelin(p+),yes,160,96,0.0,,,0,0,0,0,0,0,0,0,0,0,0,107,0,0,ranged 30
ammo,Adamant javelin(p++),yes,160,96,0.0,,,0,0,0,0,0,0,0,0,0,0,0,107,0,0,ranged 30
ammo,Amethyst arrow,yes,490,294,0.0,,,0,0,0,0,0,0,0,0,0,0,0,55,0,0,ranged 50
ammo,Amethyst arrow(p),yes,490,294,0.0,,,0,0,0,0,0,0,0,0,0,0,0,55,0,0,ranged 50
ammo,Amethyst arrow(p+),yes,490,294,0.0,,,0,0,0,0,0,0,0,0,0,0,0,55,0,0,ranged 50
ammo,Amethyst arrow(p++),yes,490,294,0.0,,,0,0,0,0,0,0,0,0,0,0,0,55,0,0,ranged 50
ammo,Amethyst broad bolts,yes,240,144,0.0,,,0,0,0,0,0,0,0,0,0,0,0,115,0,0,"ranged 61, slayer 65"
ammo,Amethyst fire arrow,yes,3,1,0.0,,,0,0,0,0,0,0,0,0,0,0,0,55,0,0,ranged 50
ammo,Amethyst fire arrow (lit),yes,10,6,0.0,,,0,0,0,0,0,0,0,0,0,0,0,55,0,0,ranged 50
ammo,Amethyst javelin,yes,420,252,0.0,,,0,0,0,0,0,0,0,0,0,0,0,135,0,0,ranged 65
ammo,Amethyst javelin(p),yes,420,252,0.0,,,0,0,0,0,0,0,0,0,0,0,0,135,0,0,ranged 65
ammo,Amethyst javelin(p+),yes,420,252,0.0,,,0,0,0,0,0,0,0,0,0,0,0,135,0,0,ranged 65
ammo,Amethyst javelin(p++),yes,420,252,0.0,,,0,0,0,0,0,0,0,0,0,0,0,135,0,0,ranged 65
ammo,Ancient blessing,yes,80,48,0.51,,,0,0,0,0,0,0,0,0,0,0,0,0,0,1,
ammo,Barbed arrow,yes,1,0,0.0,,,0,0,0,0,46,0,0,0,0,0,0,125,0,0,
ammo,Barbed bolts,yes,200,120,0.0,,,0,0,0,0,0,0,0,0,0,0,0,12,0,0,ranged 1
ammo,Black brutal,yes,35,21,0.0,,,0,0,0,0,0,0,0,0,0,0,0,22,0,0,ranged 10
ammo,Blunt arrow,yes,1,0,0.0,,,0,0,0,0,46,0,0,0,0,0,0,125,0,0,
ammo,Blurite bolts,yes,2,1,0.0,,,0,0,0,0,0,0,0,0,0,0,0,28,0,0,ranged 16
ammo,Blurite bolts (p),yes,2,1,0.0,,,0,0,0,0,0,0,0,0,0,0,0,28,0,0,ranged 16
ammo,Blurite bolts (p+),yes,2,1,0.0,,,0,0,0,0,0,0,0,0,0,0,0,28,0,0,ranged 16
ammo,Blurite bolts (p++),yes,2,1,0.0,,,0,0,0,0,0,0,0,0,0,0,0,28,0,0,ranged 16
ammo,Bolt rack,yes,50,30,0.0,,,0,0,0,0,0,0,0,0,0,0,0,55,0,0,
ammo,Bone bolts,yes,3,1,0.0,,,0,0,0,0,0,0,0,0,0,0,0,49,0,0,ranged 28
ammo,Broad arrows,yes,60,36,0.0,,,0,0,0,0,0,0,0,0,0,0,0,28,0,0,"slayer 55, ranged 50"
ammo,Broad bolts,yes,55,33,0.0,,,0,0,0,0,0,0,0,0,0,0,0,100,0,0,"ranged 61, slayer 55"
ammo,Bronze arrow,no,1,0,0.0,,,0,0,0,0,0,0,0,0,0,0,0,7,0,0,ranged 1
ammo,Bronze arrow(p),yes,1,0,0.0,,,0,0,0,0,0,0,0,0,0,0,0,7,0,0,ranged 1
ammo,Bronze arrow(p+),yes,1,0,0.0,,,0,0,0,0,0,0,0,0,0,0,0,7,0,0,ranged 1
ammo,Bronze arrow(p++),yes,1,0,0.0,,,0,0,0,0,0,0,0,0,0,0,0,7,0,0,ranged 1
ammo,Bronze bolts,no,0,0,0.0,,,0,0,0,0,0,0,0,0,0,0,0,10,0,0,ranged 1
ammo,Bronze bolts (p),yes,0,0,0.0,,,0,0,0,0,0,0,0,0,0,0,0,10,0,0,ranged 1
ammo,Bronze bolts (p+),yes,0,0,0.0,,,0,0,0,0,0,0,0,0,0,0,0,10,0,0,ranged 1
ammo,Bronze bolts (p++),yes,0,0,0.0,,,0,0,0,0,0,0,0,0,0,0,0,10,0,0,ranged 1
ammo,Bronze brutal,yes,5,3,0.0,,,0,0,0,0,0,0,0,0,0,0,0,11,0,0,ranged 1
ammo,Bronze fire arrow,yes,10,6,0.0,,,0,0,0,0,0,0,0,0,0,0,0,7,0,0,ranged 1
ammo,Bronze fire arrow (lit),yes,10,6,0.0,,,0,0,0,0,0,0,0,0,0,0,0,7,0,0,ranged 1
ammo,Bronze javelin,yes,4,2,0.0,,,0,0,0,0,0,0,0,0,0,0,0,25,0,0,ranged 1
ammo,Bronze javelin(p),yes,4,2,0.0,,,0,0,0,0,0,0,0,0,0,0,0,25,0,0,ranged 1
ammo,Bronze javelin(p+),yes,4,2,0.0,,,0,0,0,0,0,0,0,0,0,0,0,25,0,0,ranged 1
ammo,Bronze javelin(p++),yes,4,2,0.0,,,0,0,0,0,0,0,0,0,0,0,0,25,0,0,ranged 1
ammo,Bullet arrow,yes,1,0,0.0,,,0,0,0,0,46,0,0,0,0,0,0,125,0,0,
ammo,Diamond bolts,yes,192,115,0.0,,,0,0,0,0,0,0,0,0,0,0,0,105,0,0,ranged 61
ammo,Diamond bolts (e),yes,211,126,0.0,,,0,0,0,0,0,0,0,0,0,0,0,105,0,0,ranged 61
ammo,Diamond dragon bolts,yes,850,510,0.0,,,0,0,0,0,0,0,0,0,0,0,0,122,0,0,ranged 64
ammo,Diamond dragon bolts (e),yes,880,528,0.0,,,0,0,0,0,0,0,0,0,0,0,0,122,0,0,ranged 64
ammo,Dragon arrow,yes,800,480,0.0,,,0,0,0,0,0,0,0,0,0,0,0,60,0,0,ranged 60
ammo,Dragon arrow(p),yes,800,480,0.0,,,0,0,0,0,0,0,0,0,0,0,0,60,0,0,ranged 60
ammo,Dragon arrow(p+),yes,800,480,0.0,,,0,0,0,0,0,0,0,0,0,0,0,60,0,0,ranged 60
ammo,Dragon arrow(p++),yes,800,480,0.0,,,0,0,0,0,0,0,0,0,0,0,0,60,0,0,ranged 60
ammo,Dragon bolts,yes,425,255,0.0,,,0,0,0,0,0,0,0,0,0,0,0,122,0,0,ranged 64
ammo,Dragon bolts (p),yes,430,258,0.0,,,0,0,0,0,0,0,0,0,0,0,0,122,0,0,ranged 64
ammo,Dragon bolts (p+),yes,435,261,0.0,,,0,0,0,0,0,0,0,0,0,0,0,122,0,0,ranged 64
ammo,Dragon bolts (p++),yes,440,264,0.0,,,0,0,0,0,0,0,0,0,0,0,0,122,0,0,ranged 64
ammo,Dragon fire arrow,yes,3,1,0.0,,,0,0,0,0,0,0,0,0,0,0,0,60,0,0,ranged 60
ammo,Dragon fire arrow (lit),yes,10,6,0.0,,,0,0,0,0,0,0,0,0,0,0,0,60,0,0,ranged 60
ammo,Dragon javelin,yes,450,270,0.0,,,0,0,0,0,0,0,0,0,0,0,0,150,0,0,ranged 65
ammo,Dragon javelin(p),yes,450,270,0.0,,,0,0,0,0,0,0,0,0,0,0,0,150,0,0,ranged 65
ammo,Dragon javelin(p+),yes,450,270,0.0,,,0,0,0,0,0,0,0,0,0,0,0,150,0,0,ranged 65
ammo,Dragon javelin(p++),yes,450,270,0.0,,,0,0,0,0,0,0,0,0,0,0,0,150,0,0,ranged 65
ammo,Dragonstone bolts,yes,967,580,0.0,,,0,0,0,0,0,0,0,0,0,0,0,117,0,0,ranged 61
ammo,Dragonstone bolts (e),yes,1063,637,0.0,,,0,0,0,0,0,0,0,0,0,0,0,117,0,0,ranged 61
ammo,Dragonstone dragon bolts,yes,995,597,0.0,,,0,0,0,0,0,0,0,0,0,0,0,122,0,0,ranged 64
ammo,Dragonstone dragon bolts (e),yes,1150,690,0.0,,,0,0,0,0,0,0,0,0,0,0,0,122,0,0,ranged 64
ammo,Emerald bolts,yes,53,31,0.0,,,0,0,0,0,0,0,0,0,0,0,0,85,0,0,ranged 46
ammo,Emerald bolts (e),yes,59,35,0.0,,,0,0,0,0,0,0,0,0,0,0,0,85,0,0,ranged 36
ammo,Emerald dragon bolts,yes,800,480,0.0,,,0,0,0,0,0,0,0,0,0,0,0,122,0,0,ranged 64
ammo,Emerald dragon bolts (e),yes,830,498,0.0,,,0,0,0,0,0,0,0,0,0,0,0,122,0,0,ranged 64
ammo,Field arrow,yes,1,0,0.0,,,0,0,0,0,46,0,0,0,0,0,0,125,0,0,
ammo,Guam tar,yes,3,1,0.0,,,0,0,0,0,0,0,0,0,0,0,0,16,0,0,
ammo,Hallowed grapple,yes,100,0,0.001,,,0,0,0,0,0,0,0,0,0,0,0,0,0,0,
ammo,Harralander tar,yes,1,0,0.0,,,0,0,0,0,0,0,0,0,0,0,0,49,0,0,
ammo,Holy blessing,yes,80,48,0.51,,,0,0,0,0,0,0,0,0,0,0,0,0,0,1,
ammo,Honourable blessing,yes,80,48,0.51,,,0,0,0,0,0,0,0,0,0,0,0,0,0,1,
ammo,Ice arrows,yes,2,1,0.0,,,0,0,0,0,0,0,0,0,0,0,0,16,0,0,
ammo,Iron arrow,no,3,1,0.0,,,0,0,0,0,0,0,0,0,0,0,0,10,0,0,ranged 1
ammo,Iron arrow(p),yes,3,1,0.0,,,0,0,0,0,0,0,0,0,0,0,0,10,0,0,ranged 1
ammo,Iron arrow(p+),yes,3,1,0.0,,,0,0,0,0,0,0,0,0,0,0,0,10,0,0,ranged 1
ammo,Iron arrow(p++),yes,3,1,0.0,,,0,0,0,0,0,0,0,0,0,0,0,10,0,0,ranged 1
ammo,Iron bolts,yes,2,1,0.0,,,0,0,0,0,0,0,0,0,0,0,0,46,0,0,ranged 26
ammo,Iron bolts (p),yes,2,1,0.0,,,0,0,0,0,0,0,0,0,0,0,0,46,0,0,ranged 26
ammo,Iron bolts (p+),yes,2,1,0.0,,,0,0,0,0,0,0,0,0,0,0,0,46,0,0,ranged 26
ammo,Iron bolts (p++),yes,2,1,0.0,,,0,0,0,0,0,0,0,0,0,0,0,46,0,0,ranged 26
ammo,Iron brutal,yes,10,6,0.0,,,0,0,0,0,0,0,0,0,0,0,0,13,0,0,ranged 1
ammo,Iron fire arrow,yes,3,1,0.0,,,0,0,0,0,0,0,0,0,0,0,0,10,0,0,ranged 1
ammo,Iron fire arrow (lit),yes,10,6,0.0,,,0,0,0,0,0,0,0,0,0,0,0,10,0,0,ranged 1
ammo,Iron javelin,yes,6,3,0.0,,,0,0,0,0,0,0,0,0,0,0,0,42,0,0,ranged 1
ammo,Iron javelin(p),yes,6,3,0.0,,,0,0,0,0,0,0,0,0,0,0,0,42,0,0,ranged 1
ammo,Iron javelin(p+),yes,6,3,0.0,,,0,0,0,0,0,0,0,0,0,0,0,42,0,0,ranged 1
ammo,Iron javelin(p++),yes,6,3,0.0,,,0,0,0,0,0,0,0,0,0,0,0,42,0,0,ranged 1
ammo,Jade bolts,yes,12,7,0.0,,,0,0,0,0,0,0,0,0,0,0,0,30,0,0,ranged 16
ammo,Jade bolts (e),yes,13,7,0.0,,,0,0,0,0,0,0,0,0,0,0,0,30,0,0,ranged 16
ammo,Jade dragon bolts,yes,600,360,0.0,,,0,0,0,0,0,0,0,0,0,0,0,122,0,0,ranged 64
ammo,Jade dragon bolts (e),yes,630,378,0.0,,,0,0,0,0,0,0,0,0,0,0,0,122,0,0,ranged 64
ammo,Kebbit bolts,yes,18,10,0.0,,,0,0,0,0,0,0,0,0,0,0,0,28,0,0,ranged 50
ammo,Long kebbit bolts,yes,31,18,0.0,,,0,0,0,0,0,0,0,0,0,0,0,38,0,0,ranged 50
ammo,Marrentill tar,yes,1,0,0.0,,,0,0,0,0,0,0,0,0,0,0,0,22,0,0,
ammo,Mith grapple,yes,1,0,0.001,,,0,0,0,0,0,0,0,0,0,0,0,0,0,0,ranged 1
ammo,Mithril arrow,no,32,19,0.0,,,0,0,0,0,0,0,0,0,0,0,0,22,0,0,ranged 20
ammo,Mithril arrow(p),yes,32,19,0.0,,,0,0,0,0,0,0,0,0,0,0,0,22,0,0,ranged 20
ammo,Mithril arrow(p+),yes,32,19,0.0,,,0,0,0,0,0,0,0,0,0,0,0,22,0,0,ranged 20
ammo,Mithril arrow(p++),yes,32,19,0.0,,,0,0,0,0,0,0,0,0,0,0,0,22,0,0,ranged 30
ammo,Mithril bolts,yes,20,12,0.0,,,0,0,0,0,0,0,0,0,0,0,0,82,0,0,ranged 36
ammo,Mithril bolts (p),yes,20,12,0.0,,,0,0,0,0,0,0,0,0,0,0,0,82,0,0,ranged 36
ammo,Mithril bolts (p+),yes,20,12,0.0,,,0,0,0,0,0,0,0,0,0,0,0,82,0,0,ranged 36
ammo,Mithril bolts (p++),yes,20,12,0.0,,,0,0,0,0,0,0,0,0,0,0,0,82,0,0,ranged 36
ammo,Mithril brutal,yes,50,30,0.0,,,0,0,0,0,0,0,0,0,0,0,0,34,0,0,ranged 20
ammo,Mithril fire arrow,yes,3,1,0.0,,,0,0,0,0,0,0,0,0,0,0,0,22,0,0,ranged 20
ammo,Mithril fire arrow (lit),yes,10,6,0.0,,,0,0,0,0,0,0,0,0,0,0,0,22,0,0,ranged 20
ammo,Mithril javelin,yes,64,38,0.0,,,0,0,0,0,0,0,0,0,0,0,0,85,0,0,ranged 20
ammo,Mithril javelin(p),yes,64,38,0.0,,,0,0,0,0,0,0,0,0,0,0,0,85,0,0,ranged 20
ammo,Mithril javelin(p+),yes,64,38,0.0,,,0,0,0,0,0,0,0,0,0,0,0,85,0,0,ranged 20
ammo,Mithril javelin(p++),yes,64,38,0.0,,,0,0,0,0,0,0,0,0,0,0,0,85,0,0,ranged 20
ammo,Ogre arrow,yes,25,15,0.0,,,0,0,0,0,0,0,0,0,0,0,0,22,0,0,ranged 30
ammo,Onyx bolts,yes,13633,8179,0.0,,,0,0,0,0,0,0,0,0,0,0,0,120,0,0,ranged 61
ammo,Onyx bolts (e),yes,15000,9000,0.0,,,0,0,0,0,0,0,0,0,0,0,0,120,0,0,ranged 61
ammo,Onyx dragon bolts,yes,13900,8340,0.0,,,0,0,0,0,0,0,0,0,0,0,0,122,0,0,ranged 64
ammo,Onyx dragon bolts (e),yes,15800,9480,0.0,,,0,0,0,0,0,0,0,0,0,0,0,122,0,0,ranged 64
ammo,Opal bolts,yes,7,4,0.0,,,0,0,0,0,0,0,0,0,0,0,0,14,0,0,ranged 1
ammo,Opal bolts (e),yes,7,4,0.0,,,0,0,0,0,0,0,0,0,0,0,0,14,0,0,ranged 1
ammo,Opal dragon bolts,yes,550,330,0.0,,,0,0,0,0,0,0,0,0,0,0,0,122,0,0,ranged 64
ammo,Opal dragon bolts (e),yes,580,348,0.0,,,0,0,0,0,0,0,0,0,0,0,0,122,0,0,ranged 64
ammo,Peaceful blessing,yes,80,48,0.51,,,0,0,0,0,0,0,0,0,0,0,0,0,0,1,
ammo,Pearl bolts,yes,13,7,0.0,,,0,0,0,0,0,0,0,0,0,0,0,48,0,0,ranged 1
ammo,Pearl bolts (e),yes,15,9,0.0,,,0,0,0,0,0,0,0,0,0,0,0,48,0,0,ranged 1
ammo,Pearl dragon bolts,yes,650,390,0.0,,,0,0,0,0,0,0,0,0,0,0,0,122,0,0,ranged 64
ammo,Pearl dragon bolts (e),yes,680,408,0.0,,,0,0,0,0,0,0,0,0,0,0,0,122,0,0,ranged 64
ammo,Rada's blessing 1,yes,0,0,0.453,,,0,0,0,0,0,0,0,0,0,0,0,0,0,0,
ammo,Rada's blessing 2,yes,0,0,0.453,,,0,0,0,0,0,0,0,0,0,0,0,0,0,1,
ammo,Rada's blessing 3,yes,0,0,0.453,,,0,0,0,0,0,0,0,0,0,0,0,0,0,1,
ammo,Rada's blessing 4,yes,0,0,0.453,,,0,0,0,0,0,0,0,0,0,0,0,0,0,2,
ammo,Ruby bolts,yes,125,75,0.0,,,0,0,0,0,0,0,0,0,0,0,0,103,0,0,ranged 46
ammo,Ruby bolts (e),yes,138,82,0.0,,,0,0,0,0,0,0,0,0,0,0,0,103,0,0,ranged 46
ammo,Ruby dragon bolts,yes,800,480,0.0,,,0,0,0,0,0,0,0,0,0,0,0,122,0,0,ranged 64
ammo,Ruby dragon bolts (e),yes,830,498,0.0,,,0,0,0,0,0,0,0,0,0,0,0,122,0,0,ranged 64
ammo,Rune arrow,yes,400,240,0.0,,,0,0,0,0,0,0,0,0,0,0,0,49,0,0,ranged 40
ammo,Rune arrow(p),yes,400,240,0.0,,,0,0,0,0,0,0,0,0,0,0,0,49,0,0,ranged 40
ammo,Rune arrow(p+),yes,400,240,0.0,,,0,0,0,0,0,0,0,0,0,0,0,49,0,0,ranged 40
ammo,Rune arrow(p++),yes,400,240,0.0,,,0,0,0,0,0,0,0,0,0,0,0,49,0,0,ranged 40
ammo,Rune brutal,yes,450,270,0.0,,,0,0,0,0,0,0,0,0,0,0,0,60,0,0,ranged 40
ammo,Rune fire arrow,yes,3,1,0.0,,,0,0,0,0,0,0,0,0,0,0,0,49,0,0,ranged 40
ammo,Rune fire arrow (lit),yes,10,6,0.0,,,0,0,0,0,0,0,0,0,0,0,0,49,0,0,ranged 40
ammo,Rune javelin,yes,400,240,0.0,,,0,0,0,0,0,0,0,0,0,0,0,124,0,0,ranged 40
ammo,Rune javelin(p),yes,400,240,0.0,,,0,0,0,0,0,0,0,0,0,0,0,124,0,0,ranged 40
ammo,Rune javelin(p+),yes,400,240,0.0,,,0,0,0,0,0,0,0,0,0,0,0,124,0,0,ranged 40
ammo,Rune javelin(p++),yes,400,240,0.0,,,0,0,0,0,0,0,0,0,0,0,0,124,0,0,ranged 40
ammo,Runite bolts,yes,300,180,0.0,,,0,0,0,0,0,0,0,0,0,0,0,115,0,0,ranged 61
ammo,Runite bolts (p),yes,300,180,0.0,,,0,0,0,0,0,0,0,0,0,0,0,115,0,0,ranged 61
ammo,Runite bolts (p+),yes,300,180,0.0,,,0,0,0,0,0,0,0,0,0,0,0,115,0,0,ranged 61
ammo,Runite bolts (p++),yes,300,180,0.0,,,0,0,0,0,0,0,0,0,0,0,0,115,0,0,ranged 61
ammo,Sapphire bolts,yes,37,22,0.0,,,0,0,0,0,0,0,0,0,0,0,0,83,0,0,ranged 36
ammo,Sapphire bolts (e),yes,40,24,0.0,,,0,0,0,0,0,0,0,0,0,0,0,83,0,0,ranged 36
ammo,Sapphire dragon bolts,yes,750,450,0.0,,,0,0,0,0,0,0,0,0,0,0,0,122,0,0,ranged 64
ammo,Sapphire dragon bolts (e),yes,780,468,0.0,,,0,0,0,0,0,0,0,0,0,0,0,122,0,0,ranged 64
ammo,Silver bolts,yes,5,3,0.0,,,0,0,0,0,0,0,0,0,0,0,0,36,0,0,ranged 26
ammo,Silver bolts (p),yes,5,3,0.0,,,0,0,0,0,0,0,0,0,0,0,0,36,0,0,ranged 26
ammo,Silver bolts (p+),yes,5,3,0.0,,,0,0,0,0,0,0,0,0,0,0,0,36,0,0,ranged 26
ammo,Silver bolts (p++),yes,5,3,0.0,,,0,0,0,0,0,0,0,0,0,0,0,36,0,0,ranged 26
ammo,Steel arrow,no,12,7,0.0,,,0,0,0,0,0,0,0,0,0,0,0,16,0,0,ranged 5
ammo,Steel arrow(p),yes,12,7,0.0,,,0,0,0,0,0,0,0,0,0,0,0,16,0,0,ranged 5
ammo,Steel arrow(p+),yes,12,7,0.0,,,0,0,0,0,0,0,0,0,0,0,0,16,0,0,ranged 5
ammo,Steel arrow(p++),yes,12,7,0.0,,,0,0,0,0,0,0,0,0,0,0,0,16,0,0,ranged 5
ammo,Steel bolts,yes,8,4,0.0,,,0,0,0,0,0,0,0,0,0,0,0,64,0,0,ranged 31
ammo,Steel bolts (p),yes,8,4,0.0,,,0,0,0,0,0,0,0,0,0,0,0,64,0,0,ranged 31
ammo,Steel bolts (p+),yes,8,4,0.0,,,0,0,0,0,0,0,0,0,0,0,0,64,0,0,ranged 31
ammo,Steel bolts (p++),yes,8,4,0.0,,,0,0,0,0,0,0,0,0,0,0,0,64,0,0,ranged 31
ammo,Steel brutal,yes,20,12,0.0,,,0,0,0,0,0,0,0,0,0,0,0,19,0,0,ranged 5
ammo,Steel fire arrow,yes,3,1,0.0,,,0,0,0,0,0,0,0,0,0,0,0,16,0,0,ranged 5
ammo,Steel fire arrow (lit),yes,10,6,0.0,,,0,0,0,0,0,0,0,0,0,0,0,16,0,0,ranged 5
ammo,Steel javelin,yes,24,14,0.0,,,0,0,0,0,0,0,0,0,0,0,0,64,0,0,ranged 5
ammo,Steel javelin(p),yes,24,14,0.0,,,0,0,0,0,0,0,0,0,0,0,0,64,0,0,ranged 5
ammo,Steel javelin(p+),yes,24,14,0.0,,,0,0,0,0,0,0,0,0,0,0,0,64,0,0,ranged 5
ammo,Steel javelin(p++),yes,24,14,0.0,,,0,0,0,0,0,0,0,0,0,0,0,64,0,0,ranged 5
ammo,Tarromin tar,yes,1,0,0.0,,,0,0,0,0,0,0,0,0,0,0,0,31,0,0,
ammo,Topaz bolts,yes,22,13,0.0,,,0,0,0,0,0,0,0,0,0,0,0,66,0,0,ranged 31
ammo,Topaz bolts (e),yes,24,14,0.0,,,0,0,0,0,0,0,0,0,0,0,0,66,0,0,ranged 31
ammo,Topaz dragon bolts,yes,700,420,0.0,,,0,0,0,0,0,0,0,0,0,0,0,122,0,0,ranged 64
ammo,Topaz dragon bolts (e),yes,730,438,0.0,,,0,0,0,0,0,0,0,0,0,0,0,122,0,0,ranged 64
ammo,Training arrows,no,1,0,0.0,,,0,0,0,0,0,0,0,0,0,0,0,7,0,0,
ammo,Unholy blessing,yes,80,48,0.51,,,0,0,0,0,0,0,0,0,0,0,0,0,0,1,
ammo,War blessing,yes,80,48,0.51,,,0,0,0,0,0,0,0,0,0,0,0,0,0,1,
weapon,'24-carat' sword,no,1,0,0.453,4,blunt,-100,-100,-50,0,0,0,0,0,0,0,-10,0,0,0,
weapon,3rd age axe,yes,55000,33000,1.36,5,axe,-2,38,32,0,0,0,1,0,0,0,42,0,0,0,attack 65
weapon,3rd age druidic staff,yes,200000,120000,2.0,5,staff,7,-1,25,10,0,2,3,1,10,0,32,0,0,6,"prayer 65, attack 65"
weapon,3rd age longsword,yes,150000,90000,1.0,5,2h_sword,0,72,60,0,0,0,3,2,0,0,75,0,0,0,attack 65
weapon,3rd age pickaxe,yes,97950,58770,2.4,5,pickaxe,38,-2,32,0,0,0,1,0,0,0,42,0,0,0,attack 65
weapon,3rd age wand,yes,150000,90000,3.175,4,staff,0,0,0,20,0,0,0,0,20,0,0,0,0,0,magic 65
weapon,Abyssal dagger,yes,115001,69000,0.453,4,stab_sword,75,40,-4,1,0,0,0,0,1,0,75,0,0,0,attack 70
weapon,Abyssal dagger (p),yes,115002,69001,0.453,4,stab_sword,75,40,-4,1,0,0,0,0,1,0,75,0,0,0,attack 70
weapon,Abyssal dagger (p+),yes,115003,69001,0.453,4,stab_sword,75,40,-4,1,0,0,0,0,1,0,75,0,0,0,attack 70
weapon,Abyssal dagger (p++),yes,115004,69002,0.453,4,stab_sword,75,40,-4,1,0,0,0,0,1,0,75,0,0,0,attack 70
weapon,Abyssal tentacle,yes,289800,173880,0.453,4,whip,0,90,0,0,0,0,0,0,0,0,86,0,0,0,attack 75
weapon,Abyssal whip,yes,120001,72000,0.453,4,whip,0,82,0,0,0,0,0,0,0,0,82,0,0,0,attack 70
weapon,Adamant axe,no,1280,768,1.587,5,axe,-2,17,15,0,0,0,1,0,0,0,19,0,0,0,attack 30
weapon,Adamant battleaxe,no,4160,2496,3.175,6,axe,-2,31,26,0,0,0,0,0,0,-1,41,0,0,0,attack 30
weapon,Adamant cane,yes,1440,864,1.814,5,spiked,13,-2,25,0,0,0,0,0,0,0,23,0,0,3,attack 30
weapon,Adamant crossbow,yes,1767,1060,6.0,6,crossbow,0,0,0,0,78,0,0,0,0,0,0,0,0,0,ranged 46
weapon,Adamant dagger,no,800,480,0.51,4,stab_sword,15,8,-4,1,0,0,0,0,1,0,14,0,0,0,attack 30
weapon,Adamant dagger(p),yes,800,480,0.51,4,stab_sword,15,8,-4,1,0,0,0,0,1,0,14,0,0,0,attack 30
weapon,Adamant dagger(p+),yes,800,480,0.51,4,stab_sword,15,8,-4,1,0,0,0,0,1,0,14,0,0,0,attack 30
weapon,Adamant dagger(p++),yes,800,480,0.51,4,stab_sword,15,8,-4,1,0,0,0,0,1,0,14,0,0,0,attack 30
weapon,Adamant dart,yes,65,39,0.0,3,thrown,0,0,0,0,0,0,0,0,0,0,0,17,0,0,ranged 30
weapon,Adamant dart(p),yes,65,39,0.0,3,thrown,0,0,0,0,0,0,0,0,0,0,0,17,0,0,ranged 30
weapon,Adamant dart(p+),yes,65,39,0.0,3,thrown,0,0,0,0,0,0,0,0,0,0,0,17,0,0,ranged 30
weapon,Adamant dart(p++),yes,65,39,0.0,3,thrown,0,0,0,0,0,0,0,0,0,0,0,17,0,0,ranged 30
weapon,Adamant hasta,yes,2080,1248,2.721,4,spear,24,24,24,0,0,-6,-7,-5,0,-6,28,0,0,0,attack 30
weapon,Adamant hasta(kp),yes,2080,1248,2.721,4,spear,24,24,24,0,0,-6,-7,-5,0,-6,28,0,0,0,attack 30
weapon,Adamant hasta(p),yes,2080,1248,2.721,4,spear,24,24,24,0,0,-6,-7,-5,0,-6,28,0,0,0,attack 30
weapon,Adamant hasta(p+),yes,2080,1248,2.721,4,spear,24,24,24,0,0,-6,-7,-5,0,-6,28,0,0,0,attack 30
weapon,Adamant hasta(p++),yes,2080,1248,2.721,4,spear,24,24,24,0,0,-6,-7,-5,0,-6,28,0,0,0,attack 30
weapon,Adamant knife,yes,66,39,0.0,3,thrown,0,0,0,0,15,0,0,0,0,0,0,14,0,0,ranged 30
weapon,Adamant knife(p),yes,66,39,0.0,3,thrown,0,0,0,0,15,0,0,0,0,0,0,14,0,0,ranged 30
weapon,Adamant knife(p+),yes,66,39,0.0,3,thrown,0,0,0,0,15,0,0,0,0,0,0,14,0,0,ranged 30
weapon,Adamant knife(p++),yes,66,39,0.0,3,thrown,0,0,0,0,15,0,0,0,0,0,0,14,0,0,ranged 30
weapon,Adamant longsword,no,3200,1920,2.041,5,slash_sword,20,29,-2,0,0,0,3,2,0,0,31,0,0,0,attack 30
weapon,Adamant mace,no,1440,864,2.041,4,spiked,13,-2,25,0,0,0,0,0,0,0,23,0,0,3,attack 30
weapon,Adamant pickaxe,no,3200,1920,2.721,5,pickaxe,17,-2,15,0,0,0,1,0,0,0,19,0,0,0,"mining 31, attack 30"
weapon,Adamant scimitar,no,2560,1536,2.041,4,slash_sword,6,29,-2,0,0,0,1,0,0,0,28,0,0,0,attack 30
weapon,Adamant sword,no,2080,1248,2.041,4,stab_sword,23,18,-2,0,0,0,2,1,0,0,24,0,0,0,attack 30
weapon,Adamant thrownaxe,yes,176,105,0.0,5,thrown,0,0,0,0,17,0,0,0,0,0,0,23,0,0,ranged 30
weapon,Adamant warhammer,no,4120,2472,2.041,6,blunt,-4,-4,35,-4,0,0,0,0,0,0,39,0,0,0,attack 30
weapon,Ahrim's staff,yes,85000,51000,2.267,6,staff,12,-1,65,15,0,3,5,2,15,0,68,0,5,0,"magic 70, attack 70"
weapon,Ahrim's staff 100,yes,85000,51000,2.267,6,staff,12,-1,65,15,0,3,5,2,15,0,68,0,5,0,"magic 70, attack 70"
weapon,Ahrim's staff 25,yes,85000,51000,2.267,6,staff,12,-1,65,15,0,3,5,2,15,0,68,0,5,0,"magic 70, attack 70"
weapon,Ahrim's staff 50,yes,85000,51000,2.267,6,staff,12,-1,65,15,0,3,5,2,15,0,68,0,5,0,"magic 70, attack 70"
weapon,Ahrim's staff 75,yes,85000,51000,2.267,6,staff,12,-1,65,15,0,3,5,2,15,0,68,0,5,0,"magic 70, attack 70"
weapon,Air battlestaff,yes,15500,9300,2.267,5,staff,7,-1,28,12,0,2,3,1,12,0,35,0,0,0,magic 1
weapon,Ale of the gods,yes,850,510,0.06,4,unarmed,0,0,0,0,0,0,0,0,0,0,0,0,0,0,
weapon,Amethyst dart,yes,400,240,0.0,3,thrown,0,0,0,0,0,0,0,0,0,0,0,28,0,0,
weapon,Amethyst dart(p),yes,400,240,0.0,3,thrown,0,0,0,0,0,0,0,0,0,0,0,28,0,0,
weapon,Amethyst dart(p+),yes,400,240,0.0,3,thrown,0,0,0,0,0,0,0,0,0,0,0,28,0,0,
weapon,Amethyst dart(p++),yes,400,240,0.0,3,thrown,0,0,0,0,0,0,0,0,0,0,0,28,0,0,
weapon,Amy's saw,yes,280,0,0.8,5,slash_sword,2,5,-2,0,0,0,2,1,0,0,5,0,0,0,
weapon,Ancient crozier,yes,5000,3000,0.005,5,staff,7,-1,25,10,0,2,3,1,10,0,32,0,0,6,prayer 60
weapon,Ancient mace,yes,1000,600,1.814,5,spiked,10,-2,16,0,0,0,0,0,0,0,14,0,0,3,"attack 15, prayer 25"
weapon,Ancient staff,yes,100000,60000,2.267,4,staff,10,-1,40,15,0,2,3,1,15,0,50,0,0,-1,"magic 50, attack 50"
weapon,Anger battleaxe,yes,182,109,2.721,6,axe,2,2,2,0,0,0,0,0,0,-1,0,0,0,0,
weapon,Anger mace,yes,18,10,1.814,5,spiked,2,2,2,0,0,0,0,0,0,0,0,0,0,1,
weapon,Anger sword,yes,26,15,1.814,4,stab_sword,2,2,2,0,0,0,2,1,0,0,0,0,0,0,
weapon,Apprentice wand,yes,1500,900,0.255,4,staff,0,0,0,10,0,0,0,0,10,0,0,0,0,0,magic 50
weapon,Arceuus banner,yes,70,42,2.267,5,polestaff,12,12,12,0,0,1,1,0,0,0,12,0,0,0,
weapon,Arclight,yes,500,0,1.814,4,slash_sword,10,38,0,0,0,0,3,2,2,0,8,0,0,0,attack 75
weapon,Armadyl crossbow,yes,990000,594000,6.0,6,crossbow,0,0,0,0,100,0,0,0,0,0,0,0,0,1,ranged 70
weapon,Armadyl crozier,yes,5000,3000,2.0,5,staff,7,-1,25,10,0,2,3,1,10,0,32,0,0,6,prayer 60
weapon,Assorted flowers,yes,100,60,0.028,4,blunt,-100,-100,-50,0,0,0,0,0,0,0,-10,0,0,0,
weapon,Bandos crozier,yes,5000,3000,2.0,5,staff,7,-1,25,10,0,2,3,1,10,0,32,0,0,6,prayer 60
weapon,Banner,yes,1,0,2.267,4,banner,0,0,0,0,0,0,0,0,0,0,0,0,0,0,
weapon,Barb-tail harpoon,yes,36,21,1.36,4,stab_sword,9,4,-4,0,0,0,0,0,0,0,6,0,0,0,
weapon,Barronite mace,no,10500,6300,2.0,4,blunt,20,-2,40,0,0,0,0,0,0,0,40,0,0,2,attack 40
weapon,Barronite mace (l),no,25600,15360,2.0,4,blunt,20,-2,40,0,0,0,0,0,0,0,40,0,0,2,
weapon,Battlestaff,yes,7000,4200,2.267,5,staff,7,-1,25,12,0,2,3,1,12,0,32,0,0,0,
weapon,Beginner wand,yes,1200,720,0.283,4,staff,0,0,0,5,0,0,0,0,5,0,0,0,0,0,magic 45
weapon,Birthday balloons,no,0,0,0.0,4,blunt,-100,-100,-50,0,0,0,0,0,0,0,-10,0,0,0,
weapon,Black axe,no,384,230,1.36,5,axe,-2,10,8,0,0,0,1,0,0,0,12,0,0,0,attack 10
weapon,Black battleaxe,no,1248,748,2.721,6,axe,-2,20,15,0,0,0,0,0,0,-1,24,0,0,0,attack 10
weapon,Black cane,yes,600,360,1.814,5,spiked,8,-2,16,0,0,0,0,0,0,0,13,0,0,2,attack 10
weapon,Black chinchompa,yes,240,144,0.0,4,chinchompas,0,0,0,0,80,0,0,0,0,0,0,30,0,0,ranged 65
weapon,Black dagger,no,240,144,0.453,4,stab_sword,10,5,-4,1,0,0,0,0,1,0,7,0,0,0,attack 10
weapon,Black dagger(p),yes,240,144,0.453,4,stab_sword,10,5,-4,1,0,0,0,0,1,0,7,0,0,0,attack 10
weapon,Black dagger(p+),yes,240,144,0.453,4,stab_sword,10,5,-4,1,0,0,0,0,1,0,7,0,0,0,attack 10
weapon,Black dagger(p++),yes,240,144,0.453,4,stab_sword,10,5,-4,1,0,0,0,0,1,0,7,0,0,0,attack 10
weapon,Black dart,yes,1,0,0.0,3,thrown,0,0,0,0,0,0,0,0,0,0,0,6,0,0,ranged 10
weapon,Black dart(p),yes,18,10,0.0,3,thrown,0,0,0,0,0,0,0,0,0,0,0,6,0,0,ranged 10
weapon,Black dart(p+),yes,18,10,0.0,3,thrown,0,0,0,0,0,0,0,0,0,0,0,6,0,0,ranged 10
weapon,Black dart(p++),yes,18,10,0.0,3,thrown,0,0,0,0,0,0,0,0,0,0,0,6,0,0,ranged 10
weapon,Black flowers,yes,100,60,0.028,4,blunt,-100,-100,-50,0,0,0,0,0,0,0,-10,0,0,0,
weapon,Black knife,yes,19,11,0.0,3,thrown,0,0,0,0,10,0,0,0,0,0,0,8,0,0,ranged 10
weapon,Black knife(p),yes,18,10,0.0,3,thrown,0,0,0,0,10,0,0,0,0,0,0,8,0,0,ranged 10
weapon,Black knife(p+),yes,18,10,0.0,3,thrown,0,0,0,0,10,0,0,0,0,0,0,8,0,0,ranged 10
weapon,Black knife(p++),yes,18,10,0.0,3,thrown,0,0,0,0,10,0,0,0,0,0,0,8,0,0,ranged 10
weapon,Black longsword,no,960,576,1.814,5,slash_sword,13,18,-2,0,0,0,3,2,0,0,16,0,0,0,attack 10
weapon,Black mace,no,432,259,1.814,4,spiked,8,-2,16,0,0,0,0,0,0,0,13,0,0,2,attack 10
weapon,Black pickaxe,no,145,87,0.01,5,pickaxe,10,-2,8,0,0,0,1,0,0,0,11,0,0,0,attack 10
weapon,Black scimitar,no,768,460,1.814,4,slash_sword,4,19,-2,0,0,0,1,0,0,0,14,0,0,0,attack 10
weapon,Black sword,no,624,374,1.814,4,stab_sword,14,10,-2,0,0,0,2,1,0,0,12,0,0,0,attack 10
weapon,Black warhammer,no,980,588,1.814,6,blunt,-4,-4,22,-4,0,0,0,0,0,0,22,0,0,0,attack 10
weapon,Blade of saeldor,yes,5000000,3000000,1.814,4,slash_sword,55,94,0,0,0,0,0,0,0,0,89,0,0,0,attack 75
weapon,Blade of saeldor (c),yes,5000000,3000000,1.814,4,slash_sword,55,94,0,0,0,0,0,0,0,0,89,0,0,0,attack 75
weapon,Blade of saeldor (inactive),yes,5000000,3000000,1.814,4,slash_sword,0,0,0,0,0,0,0,0,0,0,0,0,0,0,attack 75
weapon,Blessed axe,yes,20,12,1.162,5,axe,-2,12,10,0,0,0,1,0,0,0,13,0,0,2,attack 20
weapon,Blisterwood flail,yes,40000,0,0.001,5,staff,30,44,68,8,0,4,4,2,8,0,46,0,0,5,attack 50
weapon,Blisterwood sickle,yes,20000,0,1.587,5,slash_sword,30,38,0,0,0,1,2,2,2,2,32,0,0,5,
weapon,Blue flowers,yes,100,60,0.028,4,blunt,-100,-100,-50,0,0,0,0,0,0,0,-10,0,0,0,
weapon,Blurite crossbow,yes,93,55,4.0,6,crossbow,0,0,0,0,30,0,0,0,0,0,0,0,0,0,ranged 16
weapon,Blurite sword,no,200,120,1.814,5,slash_sword,9,14,-2,0,0,0,3,2,0,0,10,0,0,0,attack 1
weapon,Bone club,yes,600,360,0.907,6,blunt,-4,-4,16,-4,0,0,0,0,0,0,15,0,0,0,
weapon,Bone dagger,yes,2000,1200,0.453,4,stab_sword,5,3,-4,1,0,0,0,0,1,0,4,0,0,0,
weapon,Bone dagger (p),yes,2000,1200,0.453,4,stab_sword,5,3,-4,1,0,0,0,0,1,0,4,0,0,0,
weapon,Bone dagger (p+),yes,2000,1200,0.453,4,stab_sword,5,3,-4,1,0,0,0,0,1,0,4,0,0,0,
weapon,Bone dagger (p++),yes,2000,1200,0.453,4,stab_sword,5,3,-4,1,0,0,0,0,1,0,4,0,0,0,
weapon,Bone spear,yes,600,360,1.36,6,spear,11,11,11,0,0,1,1,0,0,0,13,0,0,0,
weapon,Brine sabre,yes,26000,15600,1.814,4,slash_sword,7,47,-2,0,0,0,0,0,0,0,46,0,0,0,attack 40
weapon,Bronze axe,no,16,9,1.36,5,axe,-2,4,2,0,0,0,1,0,0,0,5,0,0,0,attack 1
weapon,Bronze battleaxe,no,52,31,2.721,6,axe,-2,6,3,0,0,0,0,0,0,-1,9,0,0,0,attack 1
weapon,Bronze crossbow,yes,73,43,4.0,6,crossbow,0,0,0,0,18,0,0,0,0,0,0,0,0,0,ranged 1
weapon,Bronze dagger,no,10,6,0.453,4,stab_sword,4,2,-4,1,0,0,0,0,1,0,3,0,0,0,attack 1
weapon,Bronze dagger(p),yes,10,6,0.453,4,stab_sword,4,2,-4,1,0,0,0,0,1,0,3,0,0,0,attack 1
weapon,Bronze dagger(p+),yes,10,6,0.453,4,stab_sword,4,2,-4,1,0,0,0,0,1,0,3,0,0,0,attack 1
weapon,Bronze dagger(p++),yes,10,6,0.453,4,stab_sword,4,2,-4,1,0,0,0,0,1,0,3,0,0,0,attack 1
weapon,Bronze dart,yes,1,0,0.0,3,thrown,0,0,0,0,0,0,0,0,0,0,0,1,0,0,ranged 1
weapon,Bronze dart(p),yes,1,0,0.0,3,thrown,0,0,0,0,0,0,0,0,0,0,0,1,0,0,ranged 1
weapon,Bronze dart(p+),yes,1,0,0.0,3,thrown,0,0,0,0,0,0,0,0,0,0,0,1,0,0,ranged 1
weapon,Bronze dart(p++),yes,1,0,0.0,3,thrown,0,0,0,0,0,0,0,0,0,0,0,1,0,0,ranged 1
weapon,Bronze fist flag,yes,300,180,2.267,4,banner,0,0,0,0,0,0,0,0,0,0,0,0,0,0,
weapon,Bronze hasta,yes,26,15,2.267,4,spear,5,5,5,0,0,-1,-1,-1,0,-1,6,0,0,0,attack 1
weapon,Bronze hasta(kp),yes,26,15,2.267,4,spear,5,5,5,0,0,-1,-1,-1,0,-1,6,0,0,0,attack 1
weapon,Bronze hasta(p),yes,26,15,2.267,4,spear,5,5,5,0,0,-1,-1,-1,0,-1,6,0,0,0,attack 1
weapon,Bronze hasta(p+),yes,26,15,2.267,4,spear,5,5,5,0,0,-1,-1,-1,0,-1,6,0,0,0,attack 1
weapon,Bronze hasta(p++),yes,26,15,2.267,4,spear,5,5,5,0,0,-1,-1,-1,0,-1,6,0,0,0,attack 1
weapon,Bronze knife,yes,1,0,0.0,3,thrown,0,0,0,0,4,0,0,0,0,0,0,3,0,0,ranged 1
weapon,Bronze knife(p),yes,1,0,0.0,3,thrown,0,0,0,0,4,0,0,0,0,0,0,3,0,0,ranged 1
weapon,Bronze knife(p+),yes,1,0,0.0,3,thrown,0,0,0,0,4,0,0,0,0,0,0,3,0,0,ranged 1
weapon,Bronze knife(p++),yes,1,0,0.0,3,thrown,0,0,0,0,4,0,0,0,0,0,0,3,0,0,ranged 1
weapon,Bronze longsword,no,40,24,1.814,5,slash_sword,4,5,-2,0,0,0,3,2,0,0,7,0,0,0,attack 1
weapon,Bronze mace,no,18,10,1.814,4,spiked,1,-2,6,0,0,0,0,0,0,0,5,0,0,1,attack 1
weapon,Bronze pickaxe,no,1,0,2.267,5,pickaxe,4,-2,2,0,0,0,1,0,0,0,5,0,0,0,"mining 1, attack 1"
weapon,Bronze scimitar,no,32,19,1.814,4,slash_sword,1,7,-2,0,0,0,1,0,0,0,6,0,0,0,attack 1
weapon,Bronze sword,no,26,15,1.814,4,stab_sword,4,3,-2,0,0,0,2,1,0,0,5,0,0,0,attack 1
weapon,Bronze thrownaxe,yes,3,1,0.0,5,thrown,0,0,0,0,4,0,0,0,0,0,0,5,0,0,ranged 1
weapon,Bronze warhammer,no,47,28,1.814,6,blunt,-4,-4,10,-4,0,0,0,0,0,0,8,0,0,0,attack 1
weapon,Bruma torch,yes,1,0,0.003,4,unarmed,0,0,0,0,0,0,0,0,0,0,0,0,0,0,
weapon,Bryophyta's staff,yes,65000,39000,1.5,5,staff,10,-1,40,15,0,2,3,1,15,0,50,0,0,0,"attack 30, magic 30"
weapon,Bryophyta's staff (uncharged),yes,65000,39000,1.5,5,staff,10,-1,40,15,0,2,3,1,15,0,50,0,0,0,"attack 30, magic 30"
weapon,Butterfly net,yes,20,12,0.226,4,spear,0,0,0,0,0,0,0,0,0,0,0,0,0,0,hunter 15
weapon,Candy cane,no,0,0,0.453,4,blunt,-100,-100,-50,0,0,0,0,0,0,0,-10,0,0,0,
weapon,Carrot sword,no,1,0,0.453,4,blunt,-100,-100,-50,0,0,0,0,0,0,0,-10,0,0,0,
weapon,Cattleprod,yes,3,1,0.453,4,stab_sword,4,2,-4,1,0,0,0,0,1,0,3,0,0,0,
weapon,Chinchompa,yes,140,84,0.0,4,chinchompas,0,0,0,0,45,0,0,0,0,0,0,0,0,0,ranged 45
weapon,Cleaver,yes,25600,15360,1.814,4,slash_sword,7,45,-2,0,0,0,1,0,0,0,44,0,0,0,
weapon,Cormorant's glove,yes,1,0,0.907,4,unarmed,0,0,0,0,0,0,1,1,0,0,0,0,0,0,"hunter 35, fishing 43"
weapon,Corrupted axe,yes,1,0,0.907,5,axe,4,4,4,0,0,0,0,0,0,0,5,0,0,0,
weapon,Corrupted harpoon,yes,1,0,0.907,5,stab_sword,4,4,4,0,0,0,0,0,0,0,5,0,0,0,
weapon,Corrupted pickaxe,yes,1,0,1.36,5,pickaxe,4,4,4,0,0,0,0,0,0,0,5,0,0,0,
weapon,Corrupted sceptre,yes,1,0,0.003,5,blunt,8,10,16,0,0,0,0,0,0,0,20,0,0,0,
weapon,Crier bell,yes,5000,3000,0.453,4,blunt,-100,-100,-50,0,0,0,0,0,0,0,-10,0,0,0,
weapon,Crossbow,no,70,42,8.0,6,crossbow,0,0,0,0,6,0,0,0,0,0,0,0,0,0,ranged 1
weapon,Crystal axe,yes,520000,312000,0.907,5,axe,-2,38,32,0,0,0,1,0,0,0,42,0,0,0,"attack 70, agility 50, woodcutting 71"
weapon,Crystal axe (inactive),yes,520000,312000,0.907,5,axe,-2,38,32,0,0,0,1,0,0,0,42,0,0,0,"woodcutting 70, agility 50, attack 70"
weapon,Crystal grail,yes,30000,18000,0.001,4,unarmed,0,0,0,0,0,0,0,0,0,0,0,0,0,0,
weapon,Crystal harpoon,yes,520000,312000,0.907,5,stab_sword,38,32,0,0,0,0,1,0,0,0,42,0,0,0,"attack 70, agility 50, fishing 71"
weapon,Crystal harpoon (inactive),yes,520000,312000,0.907,5,stab_sword,38,32,0,0,0,0,1,0,0,0,42,0,0,0,"attack 70, agility 50, fishing 71"
weapon,Crystal pickaxe,yes,520000,312000,1.36,5,pickaxe,38,-2,32,0,0,0,1,0,0,0,42,0,0,0,"attack 70, agility 50, mining 71"
weapon,Crystal pickaxe (inactive),yes,520000,312000,1.36,5,pickaxe,38,-2,32,0,0,0,1,0,0,0,42,0,0,0,"attack 70, agility 50, mining 71"
weapon,Crystal sceptre,yes,1,0,0.003,5,blunt,8,10,16,0,0,0,0,0,0,0,20,0,0,0,
weapon,Cursed goblin hammer,no,30,18,2.267,4,blunt,0,0,0,0,0,0,0,0,0,0,0,0,0,0,
weapon,Cursed goblin staff,no,30,18,2.267,5,staff,0,0,0,0,0,0,0,0,0,0,0,0,0,0,
weapon,Cutthroat flag,yes,200,120,2.267,4,banner,0,0,0,0,0,0,0,0,0,0,0,0,0,0,
weapon,Dark dagger,yes,1,0,0.453,4,stab_sword,5,3,-4,1,0,0,0,0,1,0,0,0,0,0,
weapon,Darklight,yes,500,300,1.814,5,slash_sword,10,16,-2,0,0,0,3,2,2,0,13,0,0,0,
weapon,Dawnbringer,yes,1,0,1.5,4,powered_staff,0,0,0,25,0,2,3,1,15,0,0,0,0,0,
weapon,Decorative sword,no,500,300,1.587,5,slash_sword,13,18,-2,0,0,0,3,2,0,0,16,0,0,0,attack 5
weapon,Decorative sword (l),no,3200,1920,1.587,5,slash_sword,20,29,-2,0,0,0,3,2,0,0,31,0,0,0,attack 30
weapon,Dorgeshuun crossbow,yes,2000,1200,2.267,5,crossbow,0,0,0,0,42,0,0,0,0,0,0,0,0,0,ranged 28
weapon,Dragon axe,yes,55000,33000,1.36,5,axe,-2,38,32,0,0,0,1,0,0,0,42,0,0,0,attack 61
weapon,Dragon axe (or),yes,55000,33000,1.36,5,axe,-2,38,32,0,0,0,1,0,0,0,42,0,0,0,
weapon,Dragon battleaxe,yes,200000,120000,2.721,6,axe,-2,70,65,0,0,0,0,0,0,-1,85,0,0,0,attack 60
weapon,Dragon cane,yes,30000,18000,1.814,5,polestaff,42,-2,60,0,0,0,0,0,0,0,55,0,0,5,attack 60
weapon,Dragon crossbow,yes,54000,32400,6.0,6,crossbow,0,0,0,0,94,0,0,0,0,0,0,0,0,0,ranged 64
weapon,Dragon dagger,yes,30000,18000,0.453,4,stab_sword,40,25,-4,1,0,0,0,0,1,0,40,0,0,0,attack 60
weapon,Dragon dagger(p),yes,24000,14400,0.453,4,stab_sword,40,25,-4,1,0,0,0,0,1,0,40,0,0,0,attack 60
weapon,Dragon dagger(p+),yes,24000,14400,0.453,4,stab_sword,40,25,-4,1,0,0,0,0,1,0,40,0,0,0,attack 60
weapon,Dragon dagger(p++),yes,24000,14400,0.453,4,stab_sword,40,25,-4,1,0,0,0,0,1,0,40,0,0,0,attack 60
weapon,Dragon dart,yes,500,300,0.0,3,thrown,0,0,0,0,0,0,0,0,0,0,0,35,0,0,ranged 60
weapon,Dragon dart(p),yes,500,300,0.0,3,thrown,0,0,0,0,0,0,0,0,0,0,0,35,0,0,ranged 60
weapon,Dragon dart(p+),yes,500,300,0.0,3,thrown,0,0,0,0,0,0,0,0,0,0,0,35,0,0,ranged 60
weapon,Dragon dart(p++),yes,500,300,0.0,3,thrown,0,0,0,0,0,0,0,0,0,0,0,35,0,0,ranged 60
weapon,Dragon harpoon,yes,55000,33000,2.267,5,stab_sword,38,32,0,0,0,0,1,0,0,0,42,0,0,0,attack 60
weapon,Dragon harpoon (or),yes,55000,33000,2.267,5,stab_sword,38,32,0,0,0,0,1,0,0,0,42,0,0,0,
weapon,Dragon hasta,yes,62400,37440,2.267,4,spear,55,55,55,0,0,-15,-15,-12,0,-15,60,0,0,0,attack 60
weapon,Dragon hasta(kp),yes,62400,37440,2.267,4,spear,55,55,55,0,0,-15,-15,-12,0,-15,60,0,0,0,attack 60
weapon,Dragon hasta(p),yes,62400,37440,2.267,4,spear,55,55,55,0,0,-15,-15,-12,0,-15,60,0,0,0,attack 60
weapon,Dragon hasta(p+),yes,62400,37440,2.267,4,spear,55,55,55,0,0,-15,-15,-12,0,-15,60,0,0,0,attack 60
weapon,Dragon hasta(p++),yes,62400,37440,2.267,4,spear,55,55,55,0,0,-15,-15,-12,0,-15,60,0,0,0,attack 60
weapon,Dragon hunter crossbow,yes,80000,48000,7.0,6,crossbow,0,0,0,0,95,0,0,0,0,0,0,0,0,0,ranged 65
weapon,Dragon hunter crossbow (b),yes,80000,48000,7.0,6,crossbow,0,0,0,0,95,0,0,0,0,0,0,0,0,0,
weapon,Dragon hunter crossbow (t),yes,80000,48000,7.0,6,crossbow,0,0,0,0,95,0,0,0,0,0,0,0,0,0,
weapon,Dragon hunter lance,yes,300000,180000,3.0,4,spear,85,65,65,0,0,0,0,0,0,0,70,0,0,0,attack 70
weapon,Dragon knife,yes,167,100,0.0,3,thrown,0,0,0,0,28,0,0,0,0,0,0,30,0,0,ranged 60
weapon,Dragon knife(p),yes,166,99,0.0,3,thrown,0,0,0,0,28,0,0,0,0,0,0,30,0,0,ranged 60
weapon,Dragon knife(p+),yes,166,99,0.0,3,thrown,0,0,0,0,28,0,0,0,0,0,0,30,0,0,ranged 60
weapon,Dragon knife(p++),yes,166,99,0.0,3,thrown,0,0,0,0,28,0,0,0,0,0,0,30,0,0,ranged 60
weapon,Dragon longsword,yes,100000,60000,1.814,5,slash_sword,58,69,-2,0,0,0,3,2,0,0,71,0,0,0,attack 60
weapon,Dragon mace,yes,50000,30000,1.814,4,spiked,40,-2,60,0,0,0,0,0,0,0,55,0,0,5,attack 60
weapon,Dragon pickaxe,yes,97950,58770,2.4,5,pickaxe,38,-2,32,0,0,0,1,0,0,0,42,0,0,0,attack 60
weapon,Dragon pickaxe (or),yes,97960,58776,2.4,5,pickaxe,38,-2,32,0,0,0,1,0,0,0,42,0,0,0,"attack 60, mining 61"
weapon,Dragon scimitar,yes,100000,60000,1.814,4,slash_sword,8,67,-2,0,0,0,1,0,0,0,66,0,0,0,attack 60
weapon,Dragon scimitar (or),yes,100000,60000,1.814,4,slash_sword,8,67,-2,0,0,0,1,0,0,0,66,0,0,0,attack 60
weapon,Dragon sword,yes,72001,43200,1.814,4,stab_sword,65,55,-2,0,0,0,2,1,0,0,63,0,0,0,attack 60
weapon,Dragon thrownaxe,yes,750,450,0.0,5,thrown,0,0,0,0,36,0,0,0,0,0,0,47,0,0,ranged 61
weapon,Dragon warhammer,yes,120000,72000,2.0,6,blunt,-4,-4,95,-4,0,0,0,0,0,0,85,0,0,0,attack 60
weapon,Dramen staff,yes,15,9,1.814,4,blunt,-1,-1,10,10,0,2,3,1,10,0,10,0,0,0,
weapon,Dust battlestaff,yes,15500,9300,2.267,5,staff,7,-1,28,12,0,2,3,1,12,0,35,0,0,0,"attack 30, magic 30"
weapon,Earth battlestaff,yes,15500,9300,2.267,5,staff,7,-1,28,12,0,2,3,1,12,0,35,0,0,0,magic 1
weapon,Easter basket,no,0,0,0.1,4,blunt,-100,-100,-50,0,0,0,0,0,0,0,-10,0,0,0,
weapon,Egg whisk,yes,50,30,0.453,4,stab_sword,5,3,-4,1,0,0,0,0,1,0,4,0,0,0,
weapon,Eldritch nightmare staff,yes,4600000,2760000,1.6,5,staff,0,0,0,16,0,0,0,0,14,0,0,0,15,0,"magic 75, hitpoints 50"
weapon,Emerald sickle (b),yes,250,150,1.587,5,slash_sword,0,0,0,0,0,0,1,1,1,1,2,0,0,5,
weapon,Enchanted emerald sickle (b),yes,250,150,1.587,5,slash_sword,0,0,0,0,0,0,1,1,1,1,3,0,0,5,
weapon,Enchanted lyre(1),yes,1000,600,1.814,4,unarmed,0,0,0,0,0,0,0,0,0,0,0,0,0,0,
weapon,Enchanted lyre(2),yes,1000,600,1.814,4,unarmed,0,0,0,0,0,0,0,0,0,0,0,0,0,0,
weapon,Enchanted lyre(3),yes,1000,600,1.814,4,unarmed,0,0,0,0,0,0,0,0,0,0,0,0,0,0,
weapon,Enchanted lyre(4),yes,1000,600,1.814,4,unarmed,0,0,0,0,0,0,0,0,0,0,0,0,0,0,
weapon,Enchanted lyre(5),yes,1000,600,1.814,4,unarmed,0,0,0,0,0,0,0,0,0,0,0,0,0,0,
weapon,Enchanted lyre(i),yes,1000,600,1.814,4,unarmed,0,0,0,0,0,0,0,0,0,0,0,0,0,0,
weapon,Enchanted ruby sickle (b),yes,250,150,1.587,5,slash_sword,0,0,0,0,0,0,1,1,1,1,6,0,0,5,
weapon,Excalibur,yes,200,120,2.267,5,slash_sword,20,29,-2,0,0,0,3,2,1,0,25,0,0,0,attack 20
weapon,Falconer's glove,yes,1,0,0.907,4,unarmed,0,0,0,0,0,0,1,1,0,0,0,0,0,0,hunter 43
weapon,Fire battlestaff,yes,15500,9300,2.267,5,staff,7,-1,28,12,0,2,3,1,12,0,35,0,0,0,magic 1
weapon,Fox,yes,1,0,5.0,4,unarmed,0,0,0,0,0,0,0,0,0,0,0,0,0,0,
weapon,Fremennik blade,yes,5000,3000,1.814,4,slash_sword,6,29,-2,0,0,0,1,0,0,0,28,0,0,0,attack 30
weapon,Frozen abyssal whip,yes,120001,72000,0.453,4,whip,0,82,0,0,0,0,0,0,0,0,82,0,0,0,attack 70
weapon,Frying pan,yes,1660,996,1.587,6,blunt,-4,-4,25,-4,0,0,0,0,0,0,20,0,0,0,
weapon,Ghrazi rapier,yes,5000000,3000000,1.814,4,stab_sword,94,55,0,0,0,0,0,0,0,0,89,0,0,0,attack 75
weapon,Gilded axe,no,35000,21000,1.36,5,axe,-2,26,24,0,0,0,1,0,0,0,29,0,0,0,"woodcutting 41, attack 40"
weapon,Gilded hasta,yes,20800,12480,2.267,4,spear,36,36,36,0,0,-10,-10,-9,0,-10,42,0,0,0,attack 40
weapon,Gilded pickaxe,no,50000,30000,2.267,5,pickaxe,26,-2,24,0,0,0,1,0,0,0,29,0,0,0,"mining 41, attack 40"
weapon,Gilded scimitar,no,25600,15360,1.814,4,slash_sword,7,45,-2,0,0,0,1,0,0,0,44,0,0,0,attack 40
weapon,Gilded smile flag,yes,200,120,2.267,4,banner,0,0,0,0,0,0,0,0,0,0,0,0,0,0,
weapon,Glowing dagger,yes,1,0,0.453,4,stab_sword,5,3,-4,1,0,0,0,0,1,0,0,0,0,0,
weapon,Golden tench,yes,100,60,0.028,4,blunt,-100,-100,-50,0,0,0,0,0,0,0,-10,0,0,0,
weapon,Granite hammer,yes,64000,38400,5.0,4,blunt,0,0,57,-3,-1,0,0,0,0,0,56,0,0,0,"attack 50, strength 50"
weapon,Granite longsword,yes,32000,19200,2.721,5,slash_sword,56,65,-2,0,0,0,3,2,0,0,62,0,0,0,"attack 50, strength 50"
weapon,Green banner,no,49,29,2.267,4,banner,0,0,0,0,0,0,0,0,0,0,0,0,0,0,
weapon,Guthix crozier,yes,5000,3000,2.0,5,staff,7,-1,25,10,0,2,3,1,10,0,32,0,0,6,prayer 60
weapon,Guthix staff,yes,80000,48000,2.267,5,staff,-1,-1,6,6,0,2,3,1,6,0,2,0,0,0,magic 60
weapon,Hallowed hammer,yes,100,0,0.02,4,blunt,0,0,0,0,0,0,0,0,0,0,0,0,0,0,
weapon,Ham joint,no,1500,900,2.0,3,blunt,0,0,0,0,0,0,0,0,0,0,0,0,0,0,
weapon,Harmonised nightmare staff,yes,4600000,2760000,1.6,5,staff,0,0,0,16,0,0,0,0,14,0,0,0,15,0,"magic 75, hitpoints 50"
weapon,Harry's cutlass,yes,1040,624,1.814,4,slash_sword,3,14,0,-5,0,4,4,4,0,0,22,0,0,0,attack 20
weapon,Heat-proof vessel,yes,1,0,4.0,4,unarmed,0,0,0,0,0,0,0,0,0,0,0,0,0,0,
weapon,Holy ghrazi rapier,yes,5000000,3000000,1.814,4,stab_sword,94,55,0,0,0,0,0,0,0,0,89,0,0,0,
weapon,Holy sanguinesti staff,yes,5000000,3000000,1.5,4,powered_staff,0,0,0,25,-4,2,3,1,15,0,0,0,0,0,
weapon,Holy sanguinesti staff (uncharged),yes,5000000,3000000,1.5,4,powered_staff,0,0,0,25,-4,2,3,1,15,0,0,0,0,0,
weapon,Holy water,yes,1,0,0.0,3,thrown,0,0,0,0,6,0,0,0,0,0,0,12,0,0,
weapon,Hosidius banner,yes,70,42,2.267,5,polestaff,12,12,12,0,0,1,1,0,0,0,12,0,0,0,
weapon,Hunters' crossbow,yes,1300,780,5.0,4,crossbow,0,0,0,0,55,0,0,0,0,0,0,0,0,0,ranged 50
weapon,Hunting knife,no,1,0,0.453,4,blunt,-100,-100,-50,0,0,0,0,0,0,0,-10,0,0,0,
weapon,Iban's staff,yes,42500,25500,2.267,5,staff,10,-1,40,10,0,2,3,1,10,0,50,0,0,0,"magic 50, attack 50"
weapon,Iban's staff (u),yes,85000,51000,2.267,5,staff,10,-1,40,10,0,2,3,1,10,0,50,0,0,0,"attack 50, magic 50"
weapon,Imbued tephra,yes,100,60,0.0,3,unarmed,0,0,0,0,0,0,0,0,0,0,0,0,0,0,
weapon,Imcando hammer,yes,1,0,2.0,6,blunt,0,0,0,0,0,0,0,0,0,0,0,0,0,0,
weapon,Infernal axe,yes,99801,59880,1.814,5,axe,-2,38,32,0,0,0,1,0,0,0,42,0,0,0,attack 60
weapon,Infernal axe (or),yes,55000,33000,1.814,5,axe,-2,38,32,0,0,0,1,0,0,0,42,0,0,0,
weapon,Infernal axe (uncharged),yes,99800,59880,1.814,5,axe,-2,38,32,0,0,0,1,0,0,0,42,0,0,0,attack 60
weapon,Infernal harpoon,yes,99801,59880,2.267,5,stab_sword,38,32,0,0,0,0,1,0,0,0,42,0,0,0,attack 60
weapon,Infernal harpoon (or),yes,55000,33000,2.267,5,stab_sword,38,32,0,0,0,0,1,0,0,0,42,0,0,0,
weapon,Infernal harpoon (uncharged),yes,99800,59880,2.267,5,stab_sword,38,32,0,0,0,0,1,0,0,0,42,0,0,0,attack 60
weapon,Infernal pickaxe,yes,99801,59880,2.4,5,pickaxe,38,-2,32,0,0,0,1,0,0,0,42,0,0,0,attack 60
weapon,Infernal pickaxe (or),yes,97950,58770,2.4,5,pickaxe,38,-2,32,0,0,0,1,0,0,0,42,0,0,0,
weapon,Infernal pickaxe (uncharged),yes,99800,59880,2.4,5,pickaxe,38,-2,32,0,0,0,1,0,0,0,42,0,0,0,attack 60
weapon,Inquisitor's mace,yes,5000000,3000000,1.814,4,spiked,52,-4,95,0,0,0,0,0,0,0,89,0,0,2,attack 75
weapon,Iron axe,no,56,33,1.36,5,axe,-2,5,3,0,0,0,1,0,0,0,7,0,0,0,attack 1
weapon,Iron battleaxe,no,182,109,2.721,6,axe,-2,8,5,0,0,0,0,0,0,-1,13,0,0,0,attack 1
weapon,Iron crossbow,yes,157,94,4.0,6,crossbow,0,0,0,0,42,0,0,0,0,0,0,0,0,0,attack 26
weapon,Iron dagger,no,35,21,0.453,4,stab_sword,5,3,-4,1,0,0,0,0,1,0,4,0,0,0,attack 1
weapon,Iron dagger(p),yes,35,21,0.453,4,stab_sword,5,3,-4,1,0,0,0,0,1,0,4,0,0,0,attack 1
weapon,Iron dagger(p+),yes,35,21,0.453,4,stab_sword,5,3,-4,1,0,0,0,0,1,0,4,0,0,0,attack 1
weapon,Iron dagger(p++),yes,35,21,0.453,4,stab_sword,5,3,-4,1,0,0,0,0,1,0,4,0,0,0,attack 1
weapon,Iron dart,yes,2,1,0.0,3,thrown,0,0,0,0,0,0,0,0,0,0,0,2,0,0,ranged 1
weapon,Iron dart (p),yes,2,1,0.0,3,thrown,0,0,0,0,0,0,0,0,0,0,0,2,0,0,ranged 1
weapon,Iron dart(p+),yes,2,1,0.0,3,thrown,0,0,0,0,0,0,0,0,0,0,0,2,0,0,ranged 1
weapon,Iron dart(p++),yes,2,1,0.0,3,thrown,0,0,0,0,0,0,0,0,0,0,0,2,0,0,ranged 1
weapon,Iron hasta,yes,91,54,2.267,4,spear,8,8,8,0,0,-2,-2,-2,0,-2,10,0,0,0,attack 1
weapon,Iron hasta(kp),yes,91,54,2.267,4,spear,8,8,8,0,0,-2,-2,-2,0,-2,10,0,0,0,attack 1
weapon,Iron hasta(p),yes,91,54,2.267,4,spear,8,8,8,0,0,-2,-2,-2,0,-2,10,0,0,0,attack 1
weapon,Iron hasta(p+),yes,91,54,2.267,4,spear,8,8,8,0,0,-2,-2,-2,0,-2,10,0,0,0,attack 1
weapon,Iron hasta(p++),yes,91,54,2.267,4,spear,8,8,8,0,0,-2,-2,-2,0,-2,10,0,0,0,attack 1
weapon,Iron knife,yes,3,1,0.0,3,thrown,0,0,0,0,5,0,0,0,0,0,0,4,0,0,ranged 1
weapon,Iron knife(p),yes,3,1,0.0,3,thrown,0,0,0,0,5,0,0,0,0,0,0,4,0,0,ranged 1
weapon,Iron knife(p+),yes,3,1,0.0,3,thrown,0,0,0,0,5,0,0,0,0,0,0,4,0,0,ranged 1
weapon,Iron knife(p++),yes,3,1,0.0,3,thrown,0,0,0,0,5,0,0,0,0,0,0,4,0,0,ranged 1
weapon,Iron longsword,no,140,84,1.814,5,slash_sword,6,8,-2,0,0,0,3,2,0,0,10,0,0,0,attack 1
weapon,Iron mace,no,63,37,1.814,4,spiked,4,-2,9,0,0,0,0,0,0,0,7,0,0,1,attack 1
weapon,Iron pickaxe,no,140,84,2.267,5,pickaxe,5,-2,3,0,0,0,1,0,0,0,7,0,0,0,"mining 1, attack 1"
weapon,Iron pickaxe (nz),yes,0,0,2.267,5,pickaxe,5,-2,3,0,0,0,1,0,0,0,7,0,0,0,attack 1
weapon,Iron scimitar,no,112,67,1.814,4,slash_sword,2,10,-2,0,0,0,1,0,0,0,9,0,0,0,attack 1
weapon,Iron sickle,yes,15,9,1.587,5,slash_sword,0,0,0,0,0,0,1,1,1,1,1,0,0,0,
weapon,Iron sword,no,91,54,1.814,4,stab_sword,6,4,-2,0,0,0,2,1,0,0,7,0,0,0,attack 1
weapon,Iron thrownaxe,yes,7,4,0.0,5,thrown,0,0,0,0,5,0,0,0,0,0,0,7,0,0,ranged 1
weapon,Iron warhammer,no,173,103,1.814,6,blunt,-4,-4,11,-4,0,0,0,0,0,0,11,0,0,0,attack 1
weapon,Ivandis flail,yes,20000,0,0.001,5,staff,24,38,62,8,0,4,4,2,8,0,42,0,0,5,attack 40
weapon,Jade machete,yes,1000,600,1.36,4,slash_sword,0,11,-2,0,0,0,1,1,0,0,6,0,0,0,
weapon,Keris,yes,10000,6000,0.453,4,stab_sword,40,20,-10,2,0,0,0,0,2,0,30,0,0,2,attack 50
weapon,Keris partisan,yes,1000000,600000,2.267,4,spear,58,58,57,2,0,0,0,0,0,0,45,0,0,3,
weapon,Keris(p),yes,10000,6000,0.453,4,stab_sword,40,20,-10,2,0,0,0,0,2,0,30,0,0,2,attack 50
weapon,Keris(p+),yes,10000,6000,0.453,4,stab_sword,40,20,-10,2,0,0,0,0,2,0,30,0,0,2,attack 50
weapon,Keris(p++),yes,10000,6000,0.453,4,stab_sword,40,20,-10,2,0,0,0,0,2,0,30,0,0,2,attack 50
weapon,Killer's knife,no,1,0,0.453,4,stab_sword,0,0,0,0,0,0,0,0,0,0,0,0,0,0,
weapon,Kitchen knife,yes,8000,4800,0.453,4,stab_sword,25,12,-4,1,0,0,0,0,1,0,24,0,0,0,attack 40
weapon,Kodai wand,yes,150000,90000,0.198,4,staff,0,0,0,28,0,0,3,3,20,0,0,0,15,0,magic 75
weapon,Lava battlestaff,yes,17000,10200,2.267,5,staff,7,-1,28,12,0,2,3,1,12,0,35,0,0,0,"magic 30, attack 30"
weapon,Leaf-bladed battleaxe,yes,96000,57600,2.721,5,axe,-2,72,72,0,0,0,0,0,0,-1,92,0,0,0,"attack 65, slayer 55"
weapon,Leaf-bladed sword,yes,68000,40800,1.814,4,stab_sword,67,62,0,0,0,0,0,0,0,0,50,0,0,0,"attack 50, slayer 55"
weapon,Lovakengj banner,yes,70,42,2.267,5,polestaff,12,12,12,0,0,1,1,0,0,0,12,0,0,0,
weapon,Lucky cutlass,yes,2560,1536,1.814,4,slash_sword,5,20,0,-5,0,6,6,6,0,0,25,0,0,0,attack 30
weapon,Lucky shot flag,yes,400,240,2.267,4,banner,0,0,0,0,0,0,0,0,0,0,0,0,0,0,
weapon,Lunar staff,yes,1,0,2.267,5,staff,3,2,16,13,0,2,3,2,13,1,15,0,0,3,magic 65
weapon,Lunar staff - pt1,yes,15,9,1.814,4,staff,-1,-1,10,10,0,2,3,1,10,0,10,0,0,0,
weapon,Lunar staff - pt2,yes,15,9,1.814,4,staff,-1,-1,10,10,0,2,3,1,10,0,10,0,0,0,
weapon,Lunar staff - pt3,yes,15,9,1.814,4,staff,-1,-1,10,10,0,2,3,1,10,0,10,0,0,0,
weapon,Lyre,yes,1,0,1.814,4,unarmed,0,0,0,0,0,0,0,0,0,0,0,0,0,0,
weapon,Machete,yes,40,24,1.36,5,slash_sword,0,6,-2,0,0,0,0,0,0,0,5,0,0,0,
weapon,Magic butterfly net,yes,1000,600,0.226,4,spear,0,0,0,0,0,0,0,0,0,0,0,0,0,0,hunter 17
weapon,Magic secateurs,yes,1,0,0.453,5,stab_sword,7,9,-5,1,0,0,1,0,1,0,1,0,0,0,
weapon,Magic secateurs (nz),yes,0,0,0.453,5,stab_sword,7,9,-5,1,0,0,1,0,1,0,1,0,0,0,
weapon,Magic staff,no,200,120,2.267,5,staff,2,-1,10,10,0,2,3,1,10,0,7,0,0,0,
weapon,Maple blackjack,yes,1200,720,1.814,4,blunt,0,0,0,0,0,0,0,0,0,0,20,0,0,0,
weapon,Maple blackjack(d),yes,1600,960,1.814,4,blunt,0,0,0,0,0,0,0,24,0,0,20,0,0,0,
weapon,Maple blackjack(o),yes,1600,960,1.814,4,blunt,0,0,24,0,0,0,0,0,0,0,20,0,0,0,
weapon,Master wand,yes,100001,60000,0.198,4,staff,0,0,0,20,0,0,0,0,20,0,0,0,0,0,magic 60
weapon,Meat tenderiser,yes,41500,24900,1.814,6,blunt,-4,-4,53,-4,0,0,0,0,0,0,48,0,0,0,
weapon,Mist battlestaff,yes,15500,9300,2.267,5,staff,7,-1,28,12,0,2,3,1,12,0,35,0,0,0,"attack 30, magic 30"
weapon,Mithril axe,no,520,312,1.133,5,axe,-2,12,10,0,0,0,1,0,0,0,13,0,0,0,attack 20
weapon,Mithril battleaxe,no,1690,1014,2.267,6,axe,-2,22,17,0,0,0,0,0,0,-1,29,0,0,0,attack 20
weapon,Mithril crossbow,yes,783,469,5.0,6,crossbow,0,0,0,0,66,0,0,0,0,0,0,0,0,0,ranged 36
weapon,Mithril dagger,no,325,195,0.396,4,stab_sword,11,5,-4,1,0,0,0,0,1,0,10,0,0,0,attack 20
weapon,Mithril dagger(p),yes,325,195,0.396,4,stab_sword,11,5,-4,1,0,0,0,0,1,0,10,0,0,0,attack 20
weapon,Mithril dagger(p+),yes,325,195,0.396,4,stab_sword,11,5,-4,1,0,0,0,0,1,0,10,0,0,0,attack 20
weapon,Mithril dagger(p++),yes,325,195,0.396,4,stab_sword,11,5,-4,1,0,0,0,0,1,0,10,0,0,0,attack 20
weapon,Mithril dart,yes,25,15,0.0,3,thrown,0,0,0,0,0,0,0,0,0,0,0,9,0,0,ranged 20
weapon,Mithril dart(p),yes,25,15,0.0,3,thrown,0,0,0,0,0,0,0,0,0,0,0,9,0,0,ranged 20
weapon,Mithril dart(p+),yes,25,15,0.0,3,thrown,0,0,0,0,0,0,0,0,0,0,0,9,0,0,ranged 20
weapon,Mithril dart(p++),yes,25,15,0.0,3,thrown,0,0,0,0,0,0,0,0,0,0,0,9,0,0,ranged 20
weapon,Mithril hasta,yes,845,507,1.814,4,spear,17,17,17,0,0,-5,-5,-4,0,-5,18,0,0,0,attack 20
weapon,Mithril hasta(kp),yes,845,507,1.814,4,spear,17,17,17,0,0,-5,-5,-4,0,-5,18,0,0,0,attack 20
weapon,Mithril hasta(p),yes,845,507,1.814,4,spear,17,17,17,0,0,-5,-5,-4,0,-5,18,0,0,0,attack 20
weapon,Mithril hasta(p+),yes,845,507,1.814,4,spear,17,17,17,0,0,-5,-5,-4,0,-5,18,0,0,0,attack 20
weapon,Mithril hasta(p++),yes,845,507,1.814,4,spear,17,17,17,0,0,-5,-5,-4,0,-5,18,0,0,0,attack 20
weapon,Mithril knife,yes,27,16,0.0,3,thrown,0,0,0,0,11,0,0,0,0,0,0,10,0,0,ranged 20
weapon,Mithril knife(p),yes,27,16,0.0,3,thrown,0,0,0,0,11,0,0,0,0,0,0,10,0,0,ranged 20
weapon,Mithril knife(p+),yes,27,16,0.0,3,thrown,0,0,0,0,11,0,0,0,0,0,0,10,0,0,ranged 20
weapon,Mithril knife(p++),yes,27,16,0.0,3,thrown,0,0,0,0,11,0,0,0,0,0,0,10,0,0,ranged 20
weapon,Mithril longsword,no,1300,780,1.587,5,slash_sword,15,20,-2,0,0,0,3,2,0,0,22,0,0,0,attack 20
weapon,Mithril mace,no,585,351,1.587,4,spiked,11,-2,18,0,0,0,0,0,0,0,16,0,0,3,attack 20
weapon,Mithril pickaxe,no,1300,780,1.814,5,pickaxe,12,-2,10,0,0,0,1,0,0,0,13,0,0,0,"mining 21, attack 20"
weapon,Mithril pickaxe (nz),yes,0,0,2.267,5,pickaxe,12,-2,10,0,0,0,1,0,0,0,13,0,0,0,attack 20
weapon,Mithril scimitar,no,1040,624,1.587,4,slash_sword,5,21,-2,0,0,0,1,0,0,0,20,0,0,0,attack 20
weapon,Mithril sword,no,845,507,1.587,4,stab_sword,16,11,-2,0,0,0,2,1,0,0,17,0,0,0,attack 20
weapon,Mithril thrownaxe,yes,70,42,0.0,5,thrown,0,0,0,0,12,0,0,0,0,0,0,16,0,0,ranged 20
weapon,Mithril warhammer,no,1660,996,1.587,6,blunt,-4,-4,25,-4,0,0,0,0,0,0,27,0,0,0,attack 20
weapon,Mixed flowers,yes,100,60,0.028,4,blunt,-100,-100,-50,0,0,0,0,0,0,0,-10,0,0,0,
weapon,Morrigan's javelin,yes,4000,2400,0.0,6,thrown,0,0,0,0,105,0,0,0,0,0,0,145,0,0,ranged 78
weapon,Morrigan's throwing axe,yes,4000,2400,0.0,5,thrown,0,0,0,0,93,0,0,0,0,0,0,117,0,0,ranged 78
weapon,Mouse toy,yes,1,0,0.1,4,blunt,-100,-100,-50,0,0,0,0,0,0,0,-10,0,0,0,
weapon,Mud battlestaff,yes,17000,10200,2.267,5,staff,7,-1,28,12,0,2,3,1,12,0,35,0,0,0,"attack 30, magic 30"
weapon,Mud pie,yes,54,32,0.001,4,thrown,-100,-100,-50,0,0,0,0,0,0,0,-10,0,0,0,
weapon,Mystic air staff,yes,42500,25500,2.267,5,staff,10,-1,40,14,0,2,3,1,14,0,50,0,0,0,"magic 40, attack 40"
weapon,Mystic dust staff,yes,42500,25500,2.267,5,staff,10,-1,40,14,0,2,3,1,14,0,50,0,0,0,"attack 40, magic 40"
weapon,Mystic earth staff,yes,42500,25500,2.267,5,staff,10,-1,40,14,0,2,3,1,14,0,50,0,0,0,"magic 40, attack 40"
weapon,Mystic fire staff,yes,42500,25500,2.267,5,staff,10,-1,40,14,0,2,3,1,14,0,50,0,0,0,"magic 40, attack 40"
weapon,Mystic lava staff,yes,45000,27000,2.267,5,staff,10,-1,40,14,0,2,3,1,14,0,50,0,0,0,"magic 40, attack 40"
weapon,Mystic mist staff,yes,42500,25500,2.267,5,staff,10,-1,40,14,0,2,3,1,14,0,50,0,0,0,"attack 40, magic 40"
weapon,Mystic mud staff,yes,45000,27000,2.267,5,staff,10,-1,40,14,0,2,3,1,14,0,50,0,0,0,"attack 40, magic 40"
weapon,Mystic smoke staff,yes,42500,25500,2.267,5,staff,10,-1,40,14,0,2,3,1,14,0,50,0,0,0,"attack 40, magic 40"
weapon,Mystic steam staff,yes,45000,27000,2.267,5,staff,7,-1,40,14,0,2,3,1,14,0,50,0,0,0,"attack 40, magic 40"
weapon,Mystic water staff,yes,42500,25500,2.267,5,staff,10,-1,40,14,0,2,3,1,14,0,50,0,0,0,"magic 40, attack 40"
weapon,Nightmare staff,yes,600000,360000,1.5,5,staff,0,0,0,16,0,0,0,0,14,0,0,0,15,0,"magic 65, hitpoints 50"
weapon,Noose wand,yes,4,2,1.814,4,spear,0,0,0,0,0,0,0,0,0,0,0,0,0,0,
weapon,Oak blackjack,yes,1,0,1.814,4,blunt,0,0,0,0,0,0,0,0,0,0,2,0,0,0,
weapon,Oak blackjack(d),yes,400,240,1.814,4,blunt,0,0,0,0,0,0,0,4,0,0,4,0,0,0,
weapon,Oak blackjack(o),yes,400,240,1.814,4,blunt,0,0,4,0,0,0,0,0,0,0,4,0,0,0,
weapon,Oily pearl fishing rod,yes,80,48,0.481,5,unarmed,0,0,0,0,0,0,0,0,0,0,0,0,0,0,
weapon,Opal machete,yes,500,300,1.36,4,slash_sword,0,8,-2,0,0,0,1,1,0,0,4,0,0,0,
weapon,Orange flowers,yes,100,60,0.028,4,blunt,-100,-100,-50,0,0,0,0,0,0,0,-10,0,0,0,
weapon,Osmumten's khopesh,yes,1000000,600000,1.814,5,slash_sword,150,105,0,0,0,0,0,0,0,0,115,0,0,0,
weapon,Pearl barbarian rod,no,150,90,0.453,5,unarmed,0,0,0,0,0,0,0,0,0,0,0,0,0,0,
weapon,Pearl fishing rod,no,100,60,0.453,5,unarmed,0,0,0,0,0,0,0,0,0,0,0,0,0,0,
weapon,Pearl fly fishing rod,no,120,72,0.453,5,unarmed,0,0,0,0,0,0,0,0,0,0,0,0,0,0,
weapon,Phasmatys flag,yes,600,360,2.267,4,banner,0,0,0,0,0,0,0,0,0,0,0,0,0,0,
weapon,Phoenix crossbow,no,4,2,3.628,6,crossbow,0,0,0,0,6,0,0,0,0,0,0,0,0,0,ranged 1
weapon,Piscarilius banner,yes,70,42,2.267,5,polestaff,12,12,12,0,0,1,1,0,0,0,12,0,0,0,
weapon,Prop sword,no,1,0,0.453,4,blunt,-100,-100,-50,0,0,0,0,0,0,0,-10,0,0,0,
weapon,Purple flowers,yes,100,60,0.028,4,blunt,-100,-100,-50,0,0,0,0,0,0,0,-10,0,0,0,
weapon,Rapier,yes,25600,15360,1.814,4,stab_sword,45,7,-2,0,0,0,1,0,0,0,44,0,0,0,attack 40
weapon,Rat pole,yes,1,0,2.267,5,blunt,0,-1,7,4,0,2,3,1,4,0,3,0,0,0,
weapon,Red chinchompa,yes,160,96,0.0,4,chinchompas,0,0,0,0,70,0,0,0,0,0,0,15,0,0,ranged 55
weapon,Red flowers,yes,100,60,0.028,4,blunt,-100,-100,-50,0,0,0,0,0,0,0,-10,0,0,0,
weapon,Red topaz machete,yes,2000,1200,1.36,4,slash_sword,0,16,-2,0,0,0,1,1,0,0,10,0,0,0,
weapon,Rod of ivandis (1),yes,1000,600,0.001,5,staff,0,-1,7,4,0,2,3,1,4,0,3,0,0,0,
weapon,Rod of ivandis (10),yes,1000,600,0.001,5,staff,0,-1,7,4,0,2,3,1,4,0,3,0,0,0,
weapon,Rod of ivandis (2),yes,1000,600,0.001,5,staff,0,-1,7,4,0,2,3,1,4,0,3,0,0,0,
weapon,Rod of ivandis (3),yes,1000,600,0.001,5,staff,0,-1,7,4,0,2,3,1,4,0,3,0,0,0,
weapon,Rod of ivandis (4),yes,1000,600,0.001,5,staff,0,-1,7,4,0,2,3,1,4,0,3,0,0,0,
weapon,Rod of ivandis (5),yes,1000,600,0.001,5,staff,0,-1,7,4,0,2,3,1,4,0,3,0,0,0,
weapon,Rod of ivandis (6),yes,1000,600,0.001,5,staff,0,-1,7,4,0,2,3,1,4,0,3,0,0,0,
weapon,Rod of ivandis (7),yes,1000,600,0.001,5,staff,0,-1,7,4,0,2,3,1,4,0,3,0,0,0,
weapon,Rod of ivandis (8),yes,1000,600,0.001,5,staff,0,-1,7,4,0,2,3,1,4,0,3,0,0,0,
weapon,Rod of ivandis (9),yes,1000,600,0.001,5,staff,0,-1,7,4,0,2,3,1,4,0,3,0,0,0,
weapon,Rolling pin,yes,14400,8640,1.814,5,blunt,20,-2,39,0,0,0,0,0,0,0,36,0,0,4,
weapon,Royal sceptre,yes,5000,3000,4.535,4,polestaff,0,0,0,0,0,0,0,0,0,0,0,0,0,0,
weapon,Rubber chicken,no,0,0,0.453,4,blunt,-100,-100,-50,0,0,0,0,0,0,0,-10,0,0,0,
weapon,Ruby sickle (b),yes,250,150,1.587,5,slash_sword,0,0,0,0,0,0,1,1,1,1,4,0,0,5,
weapon,Rune axe,no,12800,7680,1.36,5,axe,-2,26,24,0,0,0,1,0,0,0,29,0,0,0,attack 40
weapon,Rune battleaxe,no,41600,24960,2.721,6,axe,-2,48,43,0,0,0,0,0,0,-1,64,0,0,0,attack 40
weapon,Rune cane,yes,14400,8640,1.814,5,spiked,20,-2,39,0,0,0,0,0,0,0,36,0,0,4,attack 40
weapon,Rune crossbow,yes,16200,9720,6.0,6,crossbow,0,0,0,0,90,0,0,0,0,0,0,0,0,0,ranged 61
weapon,Rune dagger,no,8000,4800,0.453,4,stab_sword,25,12,-4,1,0,0,0,0,1,0,24,0,0,0,attack 40
weapon,Rune dagger(p),yes,8000,4800,0.453,4,stab_sword,25,12,-4,1,0,0,0,0,1,0,24,0,0,0,attack 40
weapon,Rune dagger(p+),yes,8000,4800,0.453,4,stab_sword,25,12,-4,1,0,0,0,0,1,0,24,0,0,0,attack 40
weapon,Rune dagger(p++),yes,8000,4800,0.453,4,stab_sword,25,12,-4,1,0,0,0,0,1,0,24,0,0,0,attack 40
weapon,Rune dart,yes,350,210,0.0,3,thrown,0,0,0,0,0,0,0,0,0,0,0,26,0,0,ranged 40
weapon,Rune dart(p),yes,350,210,0.0,3,thrown,0,0,0,0,0,0,0,0,0,0,0,26,0,0,ranged 40
weapon,Rune dart(p+),yes,350,210,0.0,3,thrown,0,0,0,0,0,0,0,0,0,0,0,26,0,0,ranged 40
weapon,Rune dart(p++),yes,350,210,0.0,3,thrown,0,0,0,0,0,0,0,0,0,0,0,26,0,0,ranged 40
weapon,Rune hasta,yes,20800,12480,2.267,4,spear,36,36,36,0,0,-10,-10,-9,0,-10,42,0,0,0,attack 40
weapon,Rune hasta(kp),yes,20800,12480,2.267,4,spear,36,36,36,0,0,-10,-10,-9,0,-10,42,0,0,0,attack 40
weapon,Rune hasta(p),yes,20800,12480,2.267,4,spear,36,36,36,0,0,-10,-10,-9,0,-10,42,0,0,0,attack 40
weapon,Rune hasta(p+),yes,20800,12480,2.267,4,spear,36,36,36,0,0,-10,-10,-9,0,-10,42,0,0,0,attack 40
weapon,Rune hasta(p++),yes,20800,12480,2.267,4,spear,36,36,36,0,0,-10,-10,-9,0,-10,42,0,0,0,attack 40
weapon,Rune knife,yes,167,100,0.0,3,thrown,0,0,0,0,25,0,0,0,0,0,0,24,0,0,ranged 40
weapon,Rune knife(p),yes,166,99,0.0,3,thrown,0,0,0,0,25,0,0,0,0,0,0,24,0,0,ranged 40
weapon,Rune knife(p+),yes,166,99,0.0,3,thrown,0,0,0,0,25,0,0,0,0,0,0,24,0,0,ranged 40
weapon,Rune knife(p++),yes,166,99,0.0,3,thrown,0,0,0,0,25,0,0,0,0,0,0,24,0,0,ranged 40
weapon,Rune longsword,no,32000,19200,1.814,5,slash_sword,38,47,-2,0,0,0,3,2,0,0,49,0,0,0,attack 40
weapon,Rune mace,no,14400,8640,1.814,4,spiked,20,-2,39,0,0,0,0,0,0,0,36,0,0,4,attack 40
weapon,Rune pickaxe,no,32000,19200,2.267,5,pickaxe,26,-2,24,0,0,0,1,0,0,0,29,0,0,0,"mining 41, attack 40"
weapon,Rune pickaxe (nz),yes,0,0,2.267,5,pickaxe,26,-2,24,0,0,0,1,0,0,0,29,0,0,0,attack 40
weapon,Rune scimitar,no,25600,15360,1.814,4,slash_sword,7,45,-2,0,0,0,1,0,0,0,44,0,0,0,attack 40
weapon,Rune sword,no,20800,12480,1.814,4,stab_sword,38,26,-2,0,0,0,2,1,0,0,39,0,0,0,attack 40
weapon,Rune thrownaxe,yes,440,264,0.0,5,thrown,0,0,0,0,26,0,0,0,0,0,0,36,0,0,ranged 40
weapon,Rune warhammer,no,41500,24900,1.814,6,blunt,-4,-4,53,-4,0,0,0,0,0,0,62,0,0,0,attack 40
weapon,Sanguinesti staff,yes,5000000,3000000,1.5,4,powered_staff,0,0,0,25,-4,2,3,1,15,0,0,0,0,0,magic 75
weapon,Sanguinesti staff (uncharged),yes,5000000,3000000,1.5,4,powered_staff,0,0,0,25,-4,2,3,1,15,0,0,0,0,0,magic 75
weapon,Sarachnis cudgel,yes,120001,72000,0.453,4,spiked,30,0,70,0,0,0,0,0,0,0,70,0,0,0,attack 65
weapon,Saradomin banner,no,1,0,2.267,4,banner,0,0,0,0,0,0,0,0,0,0,0,0,0,0,
weapon,Saradomin crozier,yes,5000,3000,2.0,5,staff,7,-1,25,10,0,2,3,1,10,0,32,0,0,6,prayer 60
weapon,Saradomin staff,yes,80000,48000,2.267,5,staff,-1,-1,6,6,0,2,3,1,6,0,2,0,0,0,magic 60
weapon,Severed leg,yes,1,0,1.8,4,blunt,-100,-100,-50,0,0,0,0,0,0,0,-10,0,0,0,
weapon,Shayzien banner,yes,70,42,2.267,5,polestaff,12,12,12,0,0,1,1,0,0,0,12,0,0,0,
weapon,Silver sickle,yes,175,105,1.587,5,slash_sword,0,0,0,0,0,0,1,1,1,1,1,0,0,0,
weapon,Silver sickle (b),yes,250,150,1.587,5,slash_sword,0,0,0,0,0,0,1,1,1,1,1,0,0,5,
weapon,Silverlight,no,50,30,1.814,5,slash_sword,9,14,-2,0,0,0,3,2,1,0,12,0,0,0,
weapon,Skewer,yes,3200,1920,2.041,5,slash_sword,20,29,-2,0,0,0,3,2,0,0,31,0,0,0,
weapon,Skull sceptre,no,1,0,1.814,5,staff,0,-1,7,10,0,2,3,1,4,0,3,0,0,0,
weapon,Skull sceptre (i),no,1,0,1.814,5,staff,0,-1,7,10,0,2,3,1,4,0,3,0,0,0,
weapon,Slayer's staff,yes,21000,12600,1.814,4,staff,7,-1,25,12,0,2,3,1,10,0,35,0,0,0,"slayer 55, magic 50"
weapon,Slayer's staff (e),yes,25000,15000,1.95,4,staff,7,-1,25,12,0,2,3,1,10,0,35,0,0,0,"slayer 55, magic 50"
weapon,Smoke battlestaff,yes,15500,9300,2.267,5,staff,7,-1,28,12,0,2,3,1,12,0,35,0,0,0,"attack 30, magic 30"
weapon,Snowball,no,0,0,0.0,4,unarmed,0,0,0,0,0,0,0,0,0,0,0,0,0,0,
weapon,Spork,yes,325,195,1.814,4,stab_sword,11,8,-2,0,0,0,2,1,0,0,12,0,0,0,
weapon,Staff,no,15,9,1.814,5,staff,0,-1,7,4,0,2,3,1,4,0,3,0,0,0,
weapon,Staff of air,no,1500,900,2.267,5,staff,0,-1,7,10,0,2,3,1,10,0,3,0,0,0,magic 1
weapon,Staff of balance,yes,1000004,600002,1.5,4,bladed_staff,55,70,0,17,0,0,3,3,17,0,72,0,15,0,"attack 75, magic 75"
weapon,Staff of bob the cat,yes,1500,900,2.0,5,staff,2,-1,10,10,0,2,3,1,10,0,7,0,0,0,
weapon,Staff of earth,no,1500,900,2.267,5,staff,1,-1,9,10,0,2,3,1,10,0,5,0,0,0,magic 1
weapon,Staff of fire,no,1500,900,2.267,5,staff,3,-1,9,10,0,2,3,1,10,0,6,0,0,0,magic 1
weapon,Staff of light,yes,1000005,600003,1.5,4,bladed_staff,55,70,0,17,0,0,3,3,17,0,72,0,15,0,"magic 75, attack 75"
weapon,Staff of the dead,yes,1000005,600003,1.5,4,bladed_staff,55,70,0,17,0,0,3,3,17,0,72,0,15,0,"attack 75, magic 75"
weapon,Staff of water,no,1500,900,2.267,5,staff,0,-1,7,10,0,2,3,1,10,0,3,0,0,0,magic 1
weapon,Stale baguette,no,225,135,2.267,4,blunt,-100,-100,-50,0,0,0,0,0,0,0,-10,0,0,0,
weapon,Starter staff,no,500,0,1.814,4,powered_staff,0,0,0,10,0,2,3,1,10,0,0,0,0,0,
weapon,Starter sword,no,500,0,1.814,4,slash_sword,5,21,-2,0,0,0,1,0,0,0,20,0,0,0,
weapon,Statius's warhammer,yes,300000,180000,1.814,5,blunt,-4,-4,123,0,0,0,0,0,0,0,114,0,0,0,attack 78
weapon,Steam battlestaff,yes,17000,10200,2.267,5,staff,7,-1,28,12,0,2,3,1,12,0,35,0,0,0,"attack 30, magic 30"
weapon,Steel axe,no,200,120,1.36,5,axe,-2,8,6,0,0,0,1,0,0,0,9,0,0,0,attack 5
weapon,Steel battleaxe,no,650,390,2.721,6,axe,-2,16,11,0,0,0,0,0,0,-1,20,0,0,0,attack 5
weapon,Steel crossbow,yes,360,216,5.0,6,crossbow,0,0,0,0,54,0,0,0,0,0,0,0,0,0,ranged 31
weapon,Steel dagger,no,125,75,0.453,4,stab_sword,8,4,-4,1,0,0,0,0,1,0,7,0,0,0,attack 5
weapon,Steel dagger(p),yes,125,75,0.453,4,stab_sword,8,4,-4,1,0,0,0,0,1,0,7,0,0,0,attack 5
weapon,Steel dagger(p+),yes,125,75,0.453,4,stab_sword,8,4,-4,1,0,0,0,0,1,0,7,0,0,0,attack 5
weapon,Steel dagger(p++),yes,125,75,0.453,4,stab_sword,8,4,-4,1,0,0,0,0,1,0,7,0,0,0,attack 5
weapon,Steel dart,yes,10,6,0.0,3,thrown,0,0,0,0,0,0,0,0,0,0,0,3,0,0,ranged 5
weapon,Steel dart(p),yes,10,6,0.0,3,thrown,0,0,0,0,0,0,0,0,0,0,0,3,0,0,ranged 5
weapon,Steel dart(p+),yes,10,6,0.0,3,thrown,0,0,0,0,0,0,0,0,0,0,0,3,0,0,ranged 5
weapon,Steel dart(p++),yes,10,6,0.0,3,thrown,0,0,0,0,0,0,0,0,0,0,0,3,0,0,ranged 5
weapon,Steel hasta,yes,325,195,2.267,4,spear,12,12,12,0,0,-3,-3,-3,0,-3,12,0,0,0,attack 5
weapon,Steel hasta(kp),yes,325,195,2.267,4,spear,12,12,12,0,0,-3,-3,-3,0,-3,12,0,0,0,attack 5
weapon,Steel hasta(p),yes,325,195,2.267,4,spear,12,12,12,0,0,-3,-3,-3,0,-3,12,0,0,0,attack 5
weapon,Steel hasta(p+),yes,325,195,2.267,4,spear,12,12,12,0,0,-3,-3,-3,0,-3,12,0,0,0,attack 5
weapon,Steel hasta(p++),yes,325,195,2.267,4,spear,12,12,12,0,0,-3,-3,-3,0,-3,12,0,0,0,attack 5
weapon,Steel knife,yes,11,6,0.0,3,thrown,0,0,0,0,8,0,0,0,0,0,0,7,0,0,ranged 5
weapon,Steel knife(p),yes,10,6,0.0,3,thrown,0,0,0,0,8,0,0,0,0,0,0,7,0,0,ranged 5
weapon,Steel knife(p+),yes,10,6,0.0,3,thrown,0,0,0,0,8,0,0,0,0,0,0,7,0,0,ranged 5
weapon,Steel knife(p++),yes,10,6,0.0,3,thrown,0,0,0,0,8,0,0,0,0,0,0,7,0,0,ranged 5
weapon,Steel longsword,no,500,300,1.814,5,slash_sword,9,14,-2,0,0,0,3,2,0,0,16,0,0,0,attack 5
weapon,Steel mace,no,225,135,1.814,4,spiked,7,-2,13,0,0,0,0,0,0,0,11,0,0,2,attack 5
weapon,Steel pickaxe,no,500,300,2.267,5,pickaxe,8,-2,6,0,0,0,1,0,0,0,9,0,0,0,"mining 6, attack 5"
weapon,Steel scimitar,no,400,240,1.814,4,slash_sword,3,15,-2,0,0,0,1,0,0,0,14,0,0,0,attack 5
weapon,Steel sword,no,325,195,1.814,4,stab_sword,11,8,-2,0,0,0,2,1,0,0,12,0,0,0,attack 5
weapon,Steel thrownaxe,yes,26,15,0.0,5,thrown,0,0,0,0,8,0,0,0,0,0,0,11,0,0,ranged 5
weapon,Steel warhammer,no,640,384,1.814,6,blunt,-4,-4,18,-4,0,0,0,0,0,0,18,0,0,0,attack 5
weapon,Swift blade,no,1500,900,1.814,3,stab_sword,0,0,0,0,0,0,0,0,0,0,0,0,0,0,
weapon,Teacher wand,yes,2000,1200,0.226,4,staff,0,0,0,15,0,0,0,0,15,0,0,0,0,0,magic 50
weapon,Thammaron's sceptre,yes,120000,72000,0.198,4,staff,0,0,0,20,0,0,0,0,20,0,0,0,0,0,magic 60
weapon,Thammaron's sceptre (u),yes,120000,72000,0.198,4,staff,0,0,0,20,0,0,0,0,20,0,0,0,0,0,magic 60
weapon,Toktz-xil-ak,yes,40000,24000,1.814,4,stab_sword,47,38,-2,0,0,2,3,0,0,0,49,0,0,0,attack 60
weapon,Toktz-xil-ek,yes,25000,15000,0.453,4,slash_sword,16,48,0,0,0,0,0,0,0,0,39,0,0,0,attack 60
weapon,Toktz-xil-ul,yes,250,150,0.0,4,thrown,0,0,0,0,69,0,0,0,0,0,0,49,0,0,ranged 60
weapon,Toxic staff (uncharged),yes,1000006,600003,1.5,4,bladed_staff,55,70,0,17,0,0,3,3,17,0,72,0,15,0,"magic 75, attack 75"
weapon,Toxic staff of the dead,yes,1000006,600003,1.5,4,bladed_staff,55,70,0,25,0,0,3,3,17,0,72,0,15,0,"magic 75, attack 75"
weapon,Trailblazer axe,yes,10,6,0.907,5,axe,-2,38,32,0,0,0,1,0,0,0,42,0,0,0,
weapon,Trailblazer banner,yes,1000,600,2.267,4,banner,0,0,0,0,0,0,0,0,0,0,0,0,0,0,
weapon,Trailblazer cane,yes,150000,90000,1.814,5,spiked,0,0,0,0,0,0,0,0,0,0,0,0,0,0,
weapon,Trailblazer harpoon,yes,1,0,0.907,5,stab_sword,38,32,0,0,0,0,1,0,0,0,42,0,0,0,
weapon,Trailblazer pickaxe,yes,10,6,1.36,5,pickaxe,38,-2,32,0,0,0,1,0,0,0,42,0,0,0,
weapon,Training sword,no,1,0,1.814,4,stab_sword,4,3,-2,0,0,0,2,1,0,0,5,0,0,0,
weapon,Treasure flag,yes,500,300,2.267,4,banner,0,0,0,0,0,0,0,0,0,0,0,0,0,0,
weapon,Trident of the seas,yes,68500,41100,1.814,4,powered_staff,0,0,0,15,0,2,3,1,15,0,0,0,0,0,magic 75
weapon,Trident of the seas (e),yes,98500,59100,1.814,4,powered_staff,0,0,0,15,0,2,3,1,15,0,0,0,0,0,magic 75
weapon,Trident of the seas (full),yes,69000,41400,1.814,4,powered_staff,0,0,0,15,0,2,3,1,15,0,0,0,0,0,magic 75
weapon,Trident of the swamp,yes,78500,47100,1.814,4,powered_staff,0,0,0,25,0,2,3,1,15,0,0,0,0,0,magic 75
weapon,Trident of the swamp (e),yes,108500,65100,1.814,4,powered_staff,0,0,0,25,0,2,3,1,15,0,0,0,0,0,magic 75
weapon,Trollweiss,yes,5,3,0.028,4,blunt,-100,-100,-50,0,0,0,0,0,0,0,-10,0,0,0,
weapon,Twisted banner,yes,1000,600,2.267,4,banner,0,0,0,0,0,0,0,0,0,0,0,0,0,0,
weapon,Twisted cane,yes,1000,600,1.814,5,spiked,0,0,0,0,0,0,0,0,0,0,0,0,0,0,
weapon,Tzhaar-ket-em,yes,30000,18000,1.814,5,blunt,-4,-4,62,0,0,0,0,0,0,0,56,0,0,0,attack 60
weapon,Uncharged toxic trident,yes,78000,46800,1.814,4,powered_staff,0,0,0,25,0,2,3,1,15,0,0,0,0,0,magic 75
weapon,Uncharged toxic trident (e),yes,108000,64800,1.814,4,powered_staff,0,0,0,25,0,2,3,1,15,0,0,0,0,0,magic 75
weapon,Uncharged trident,yes,68000,40800,1.814,4,powered_staff,0,0,0,15,0,2,3,1,15,0,0,0,0,0,magic 75
weapon,Uncharged trident (e),yes,98000,58800,1.814,4,powered_staff,0,0,0,15,0,2,3,1,15,0,0,0,0,0,magic 75
weapon,Undead chicken,yes,100,60,0.453,4,blunt,-100,-100,-50,0,0,0,0,0,0,0,-10,0,0,0,
weapon,Vesta's blighted longsword,yes,800000,480000,1.814,5,slash_sword,106,121,-2,0,0,1,4,3,0,0,118,0,0,0,attack 75
weapon,Vesta's longsword,yes,300000,180000,1.814,5,slash_sword,106,121,-2,0,0,1,4,3,0,0,118,0,0,0,attack 78
weapon,Viggora's chainmace,yes,120000,72000,2.0,4,spiked,53,-2,67,0,0,0,1,0,0,0,66,0,0,2,attack 60
weapon,Viggora's chainmace (u),yes,120000,72000,2.0,4,spiked,53,-2,67,0,0,0,1,0,0,0,66,0,0,2,attack 60
weapon,Void knight mace,yes,12000,7200,1.814,5,staff,22,0,41,8,0,2,2,2,2,2,38,0,0,6,"attack 42, strength 42, hitpoints 42, ranged 42, magic 42, defence 42, prayer 22"
weapon,Void knight mace (l),yes,12000,7200,1.814,5,staff,22,0,41,8,0,2,2,2,2,2,38,0,0,6,"attack 42, strength 42, hitpoints 42, ranged 42, magic 42, defence 42, prayer 22"
weapon,Volatile nightmare staff,yes,4600000,2760000,1.6,5,staff,0,0,0,16,0,0,0,0,14,0,0,0,15,0,"magic 75, hitpoints 50"
weapon,Volcanic abyssal whip,yes,120001,72000,0.453,4,whip,0,82,0,0,0,0,0,0,0,0,82,0,0,0,attack 70
weapon,Water battlestaff,yes,15500,9300,2.267,5,staff,10,-1,28,12,0,2,3,1,12,0,35,0,0,0,magic 1
weapon,Western banner 1,yes,0,0,2.267,5,polestaff,12,12,12,0,0,1,1,0,0,0,12,0,0,0,
weapon,Western banner 2,yes,0,0,2.267,5,polestaff,15,15,15,0,0,1,1,0,0,0,16,0,0,0,
weapon,Western banner 3,yes,0,0,2.267,5,polestaff,17,17,17,0,0,1,1,0,0,0,18,0,0,0,
weapon,Western banner 4,yes,0,0,2.267,5,polestaff,24,24,24,0,0,1,1,0,0,0,28,0,0,0,
weapon,White battleaxe,yes,1248,748,2.721,6,axe,-2,20,15,0,0,0,0,0,0,-1,24,0,0,1,attack 10
weapon,White dagger,yes,240,144,0.453,4,stab_sword,10,5,-4,1,0,0,0,0,1,0,7,0,0,1,attack 10
weapon,White dagger(p),yes,240,144,0.453,4,stab_sword,10,5,-4,1,0,0,0,0,1,0,7,0,0,1,attack 10
weapon,White dagger(p+),yes,240,144,0.453,4,stab_sword,10,5,-4,1,0,0,0,0,1,0,7,0,0,1,attack 10
weapon,White dagger(p++),yes,240,144,0.453,4,stab_sword,10,5,-4,1,0,0,0,0,1,0,7,0,0,1,attack 10
weapon,White flowers,yes,100,60,0.028,4,blunt,-100,-100,-50,0,0,0,0,0,0,0,-10,0,0,0,
weapon,White longsword,yes,960,576,1.814,5,slash_sword,13,18,-2,0,0,0,3,2,0,0,16,0,0,1,attack 10
weapon,White mace,yes,432,259,1.814,4,spiked,8,-2,16,0,0,0,0,0,0,0,13,0,0,3,attack 10
weapon,White magic staff,yes,200,120,2.267,5,staff,2,-1,10,10,0,2,3,1,10,0,7,0,0,1,attack 10
weapon,White scimitar,yes,768,460,1.814,4,slash_sword,4,19,-2,0,0,0,1,0,0,0,14,0,0,1,attack 10
weapon,White sword,yes,624,374,1.814,4,stab_sword,14,10,-2,0,0,0,2,1,0,0,12,0,0,1,attack 10
weapon,White warhammer,yes,980,588,1.814,6,blunt,-4,-4,22,-4,0,0,0,0,0,0,22,0,0,1,attack 10
weapon,Wilderness sword 1,yes,0,0,1.814,4,stab_sword,6,4,-2,0,0,0,2,1,0,0,7,0,0,0,
weapon,Wilderness sword 2,yes,0,0,1.814,4,stab_sword,11,8,-2,0,0,0,2,1,0,0,12,0,0,0,
weapon,Wilderness sword 3,yes,0,0,1.814,4,stab_sword,16,11,-2,0,0,0,2,1,0,0,17,0,0,0,
weapon,Wilderness sword 4,yes,0,0,1.814,4,stab_sword,23,18,-2,0,0,0,2,1,0,0,24,0,0,0,
weapon,Willow blackjack,yes,600,360,1.814,4,blunt,0,0,0,0,0,0,0,0,0,0,8,0,0,0,
weapon,Willow blackjack(d),yes,800,480,1.814,4,blunt,0,0,0,0,0,0,0,8,0,0,8,0,0,0,
weapon,Willow blackjack(o),yes,800,480,1.814,4,blunt,0,0,8,0,0,0,0,0,0,0,8,0,0,0,
weapon,Wolfbane,yes,300,180,0.453,4,stab_sword,11,5,-4,1,0,0,0,0,1,0,10,0,0,5,
weapon,Wooden spoon,yes,35,21,0.453,5,slash_sword,4,5,-2,0,0,0,3,2,0,0,7,0,0,0,
weapon,Wooden sword,yes,1,0,1.814,4,stab_sword,4,3,-2,0,0,0,2,1,0,0,5,0,0,0,
weapon,Yellow flowers,yes,100,60,0.028,4,blunt,-100,-100,-50,0,0,0,0,0,0,0,-10,0,0,0,
weapon,Zamorak banner,no,1,0,2.267,4,banner,0,0,0,0,0,0,0,0,0,0,0,0,0,0,
weapon,Zamorak crozier,yes,5000,3000,2.0,5,staff,7,-1,25,10,0,2,3,1,10,0,32,0,0,6,prayer 60
weapon,Zamorak staff,yes,80000,48000,2.267,5,staff,-1,-1,6,6,0,2,3,1,6,0,2,0,0,0,magic 60
weapon,Zamorakian hasta,yes,300000,180000,3.0,4,spear,85,65,65,0,0,13,13,12,0,13,75,0,0,2,attack 70
weapon,Zombie head,yes,5000,3000,1.814,6,blunt,-4,-4,10,-4,0,0,0,0,0,0,8,0,0,0,
weapon,Zuriel's staff,yes,300000,180000,2.267,5,staff,13,-1,65,18,0,5,7,4,18,0,72,0,10,0,magic 78
2h,3rd age bow,yes,150000,90000,3.175,4,bow,0,0,0,0,80,0,0,0,0,0,0,0,0,0,ranged 65
2h,Abyssal bludgeon,yes,260000,156000,6.0,4,bludgeon,0,0,102,0,0,0,0,0,0,0,85,0,0,0,"attack 70, strength 70"
2h,Adamant 2h sword,no,6400,3840,4.082,7,2h_sword,-4,43,30,-4,0,0,0,0,0,-1,44,0,0,0,attack 30
2h,Adamant claws,yes,1200,720,0.907,4,claw,18,23,-4,0,0,6,12,3,0,0,24,0,0,0,attack 30
2h,Adamant halberd,yes,6400,3840,3.628,7,polearm,28,41,0,-4,0,-1,3,4,0,0,42,0,0,0,"attack 30, strength 15"
2h,Adamant spear,yes,2080,1248,2.721,4,spear,24,24,24,0,0,1,1,0,0,0,28,0,0,0,attack 30
2h,Adamant spear(kp),yes,2080,1248,2.721,4,spear,24,24,24,0,0,1,1,0,0,0,28,0,0,0,attack 30
2h,Adamant spear(p),yes,2080,1248,2.721,4,spear,24,24,24,0,0,1,1,0,0,0,28,0,0,0,attack 30
2h,Adamant spear(p+),yes,2080,1248,2.721,4,spear,24,24,24,0,0,1,1,0,0,0,28,0,0,0,attack 30
2h,Adamant spear(p++),yes,2080,1248,2.721,4,spear,24,24,24,0,0,1,1,0,0,0,28,0,0,0,attack 30
2h,Anger spear,yes,26,15,0.003,5,spear,2,2,2,0,0,1,1,0,0,0,0,0,0,0,
2h,Armadyl godsword,yes,1250000,750000,10.0,6,2h_sword,0,132,80,0,0,0,0,0,0,0,132,0,0,8,attack 75
2h,Armadyl godsword (or),yes,1250000,750000,10.0,6,2h_sword,0,132,80,0,0,0,0,0,0,0,132,0,0,8,attack 75
2h,Bandos godsword,yes,1250000,750000,10.0,6,2h_sword,0,132,80,0,0,0,0,0,0,0,132,0,0,8,attack 75
2h,Bandos godsword (or),yes,1250000,750000,10.0,6,2h_sword,0,132,80,0,0,0,0,0,0,0,132,0,0,8,attack 75
2h,Barrelchest anchor,yes,230000,138000,30.0,6,spiked,-2,10,92,0,0,0,0,0,0,0,100,0,0,0,"attack 60, strength 40"
2h,Beach boxing gloves,no,50,30,0.453,4,claw,0,0,1,0,0,0,1,1,0,0,0,0,0,0,
2h,Black 2h sword,no,1920,1152,3.628,7,2h_sword,-4,27,21,-4,0,0,0,0,0,-1,26,0,0,0,attack 10
2h,Black claws,yes,360,216,0.907,4,claw,10,14,-4,0,0,4,7,2,0,0,14,0,0,0,attack 10
2h,Black halberd,yes,1920,1152,3.175,7,polearm,19,25,0,-4,0,-1,2,3,0,0,20,0,0,0,"attack 10, strength 5"
2h,Black salamander,yes,200,120,4.0,5,salamander,0,59,0,0,69,0,0,0,0,0,71,0,0,0,"ranged 70, attack 70, magic 70"
2h,Black spear,yes,650,390,2.267,4,spear,15,15,15,0,0,1,1,0,0,0,16,0,0,0,attack 10
2h,Black spear(kp),yes,750,450,2.267,4,spear,15,15,15,0,0,1,1,0,0,0,16,0,0,0,attack 10
2h,Black spear(p),yes,750,450,2.267,4,spear,15,15,15,0,0,1,1,0,0,0,16,0,0,0,attack 10
2h,Black spear(p+),yes,750,450,2.267,4,spear,15,15,15,0,0,1,1,0,0,0,16,0,0,0,attack 10
2h,Black spear(p++),yes,750,450,2.267,4,spear,15,15,15,0,0,1,1,0,0,0,16,0,0,0,attack 10
2h,Bow of faerdhinen,yes,5000000,3000000,1.5,5,bow,0,0,0,0,128,0,0,0,0,0,0,106,0,0,ranged 75
2h,Bow of faerdhinen (c),yes,5000000,3000000,1.5,5,bow,0,0,0,0,128,0,0,0,0,0,0,106,0,0,
2h,Bow of faerdhinen (inactive),yes,5000000,3000000,1.5,5,bow,0,0,0,0,0,0,0,0,0,0,0,0,0,0,
2h,Boxing gloves,yes,0,0,0.453,4,claw,0,0,0,0,0,0,1,2,0,0,0,0,0,0,
2h,Bronze 2h sword,no,80,48,3.628,7,2h_sword,-4,9,8,-4,0,0,0,0,0,-1,10,0,0,0,attack 1
2h,Bronze claws,yes,15,9,0.907,4,claw,3,4,-4,0,0,1,2,1,0,0,5,0,0,0,attack 1
2h,Bronze halberd,yes,80,48,3.175,7,polearm,7,8,0,-4,0,-1,1,2,0,0,8,0,0,0,attack 1
2h,Bronze spear,yes,26,15,2.267,4,spear,5,5,5,0,0,1,1,0,0,0,6,0,0,0,attack 1
2h,Bronze spear(kp),yes,26,15,2.267,4,spear,5,5,5,0,0,1,1,0,0,0,6,0,0,0,attack 1
2h,Bronze spear(p),yes,26,15,2.267,4,spear,5,5,5,0,0,1,1,0,0,0,6,0,0,0,attack 1
2h,Bronze spear(p+),yes,26,15,2.267,4,spear,5,5,5,0,0,1,1,0,0,0,6,0,0,0,attack 1
2h,Bronze spear(p++),yes,26,15,2.267,4,spear,5,5,5,0,0,1,1,0,0,0,6,0,0,0,attack 1
2h,Clan vexillum,no,1,0,1.814,4,banner,0,0,0,0,0,0,0,0,0,0,0,0,0,0,
2h,Clueless scroll,yes,1000,600,1.0,4,blunt,-100,-100,-50,0,0,0,0,0,0,0,-10,0,0,0,
2h,Comp ogre bow,yes,180,108,1.814,5,bow,0,0,0,0,38,0,0,0,0,0,0,0,0,0,ranged 30
2h,Corrupted bow (attuned),yes,1,0,1.814,5,bow,0,0,0,0,118,0,0,0,0,0,0,88,0,1,
2h,Corrupted bow (basic),yes,1,0,1.814,5,bow,0,0,0,0,72,0,0,0,0,0,0,42,0,1,
2h,Corrupted bow (perfected),yes,1,0,1.814,5,bow,0,0,0,0,172,0,0,0,0,0,0,138,0,3,
2h,Corrupted halberd (attuned),yes,1,0,1.814,4,polearm,114,114,12,0,0,0,0,0,0,0,88,0,0,2,
2h,Corrupted halberd (basic),yes,1,0,1.814,4,polearm,68,68,4,0,0,0,0,0,0,0,42,0,0,1,
2h,Corrupted halberd (perfected),yes,1,0,1.814,4,polearm,166,166,28,0,0,0,0,0,0,0,138,0,0,3,
2h,Corrupted staff (attuned),yes,1,0,1.36,4,powered_staff,0,0,0,128,0,0,0,0,0,0,0,0,0,2,
2h,Corrupted staff (basic),yes,1,0,1.36,4,powered_staff,0,0,0,84,0,0,0,0,0,0,0,0,0,1,
2h,Corrupted staff (perfected),yes,1,0,1.36,4,powered_staff,0,0,0,184,0,0,0,0,0,0,0,0,0,3,
2h,Craw's bow,yes,120000,72000,3.175,4,bow,0,0,0,0,75,0,0,0,0,0,0,60,0,0,ranged 60
2h,Craw's bow (u),yes,120000,72000,3.175,4,bow,0,0,0,0,75,0,0,0,0,0,0,60,0,0,ranged 60
2h,Crystal bow,yes,300000,180000,1.814,5,bow,0,0,0,0,100,0,0,0,0,0,0,78,0,0,"ranged 70, agility 50"
2h,Crystal bow (attuned),yes,1,0,1.814,5,bow,0,0,0,0,118,0,0,0,0,0,0,88,0,1,
2h,Crystal bow (basic),yes,1,0,1.814,5,bow,0,0,0,0,72,0,0,0,0,0,0,42,0,1,
2h,Crystal bow (inactive),yes,300000,180000,1.814,5,bow,0,0,0,0,100,0,0,0,0,0,0,78,0,0,
2h,Crystal bow (perfected),yes,1,0,1.814,5,bow,0,0,0,0,172,0,0,0,0,0,0,138,0,3,
2h,Crystal bow 1/10,no,1,0,2.0,5,bow,0,0,0,0,64,0,0,0,0,0,0,52,0,0,"agility 50, ranged 70"
2h,Crystal bow 1/10 (i),no,1,0,2.0,5,bow,0,0,0,0,100,0,0,0,0,0,0,70,0,0,"agility 50, ranged 70"
2h,Crystal bow 2/10,no,1,0,2.0,5,bow,0,0,0,0,68,0,0,0,0,0,0,54,0,0,"agility 50, ranged 70"
2h,Crystal bow 2/10 (i),no,1,0,2.0,5,bow,0,0,0,0,100,0,0,0,0,0,0,70,0,0,"agility 50, ranged 70"
2h,Crystal bow 3/10,no,1,0,2.0,5,bow,0,0,0,0,72,0,0,0,0,0,0,56,0,0,"agility 50, ranged 70"
2h,Crystal bow 3/10 (i),no,1,0,2.0,5,bow,0,0,0,0,100,0,0,0,0,0,0,70,0,0,"agility 50, ranged 70"
2h,Crystal bow 4/10,no,1,0,2.0,5,bow,0,0,0,0,76,0,0,0,0,0,0,58,0,0,"agility 50, ranged 70"
2h,Crystal bow 4/10 (i),no,1,0,2.0,5,bow,0,0,0,0,100,0,0,0,0,0,0,70,0,0,"agility 50, ranged 70"
2h,Crystal bow 5/10,no,1,0,2.0,5,bow,0,0,0,0,80,0,0,0,0,0,0,60,0,0,"agility 50, ranged 70"
2h,Crystal bow 5/10 (i),no,1,0,2.0,5,bow,0,0,0,0,100,0,0,0,0,0,0,70,0,0,"agility 50, ranged 70"
2h,Crystal bow 6/10,no,1,0,2.0,5,bow,0,0,0,0,84,0,0,0,0,0,0,62,0,0,"agility 50, ranged 70"
2h,Crystal bow 6/10 (i),no,1,0,2.0,5,bow,0,0,0,0,100,0,0,0,0,0,0,70,0,0,"agility 50, ranged 70"
2h,Crystal bow 7/10,no,1,0,2.0,5,bow,0,0,0,0,88,0,0,0,0,0,0,64,0,0,"agility 50, ranged 70"
2h,Crystal bow 7/10 (i),no,1,0,2.0,5,bow,0,0,0,0,100,0,0,0,0,0,0,70,0,0,"agility 50, ranged 70"
2h,Crystal bow 8/10,no,1,0,2.0,5,bow,0,0,0,0,92,0,0,0,0,0,0,66,0,0,"agility 50, ranged 70"
2h,Crystal bow 8/10 (i),no,1,0,2.0,5,bow,0,0,0,0,100,0,0,0,0,0,0,70,0,0,"agility 50, ranged 70"
2h,Crystal bow 9/10,no,1,0,2.0,5,bow,0,0,0,0,96,0,0,0,0,0,0,68,0,0,"agility 50, ranged 70"
2h,Crystal bow 9/10 (i),no,1,0,2.0,5,bow,0,0,0,0,100,0,0,0,0,0,0,70,0,0,"agility 50, ranged 70"
2h,Crystal bow full,no,1,0,2.0,5,bow,0,0,0,0,100,0,0,0,0,0,0,70,0,0,"agility 50, ranged 70"
2h,Crystal bow full (i),no,1,0,2.0,5,bow,0,0,0,0,100,0,0,0,0,0,0,70,0,0,"agility 50, ranged 70"
2h,Crystal halberd,yes,300000,180000,1.814,7,polearm,85,110,5,-4,0,-1,4,5,0,0,118,0,0,0,"attack 70, agility 50, strength 35"
2h,Crystal halberd (attuned),yes,1,0,1.814,4,polearm,114,114,12,0,0,0,0,0,0,0,88,0,0,2,
2h,Crystal halberd (basic),yes,1,0,1.814,4,polearm,68,68,4,0,0,0,0,0,0,0,42,0,0,1,
2h,Crystal halberd (inactive),yes,300000,180000,1.814,7,polearm,85,110,5,-4,0,-1,4,5,0,0,118,0,0,0,
2h,Crystal halberd (perfected),yes,1,0,1.814,4,polearm,166,166,28,0,0,0,0,0,0,0,138,0,0,3,
2h,Crystal halberd 1/10,no,1,0,2.0,7,polearm,58,74,2,-4,0,-1,1,2,0,0,73,0,0,0,"attack 70, strength 35, agility 50"
2h,Crystal halberd 1/10 (i),no,1,0,2.0,7,polearm,85,110,5,-4,0,-1,4,5,0,0,118,0,0,0,"attack 70, strength 35, agility 50"
2h,Crystal halberd 2/10,no,1,0,2.0,7,polearm,61,78,3,-4,0,-1,2,3,0,0,78,0,0,0,"attack 70, strength 35, agility 50"
2h,Crystal halberd 2/10 (i),no,1,0,2.0,7,polearm,85,110,5,-4,0,-1,4,5,0,0,118,0,0,0,"attack 70, strength 35, agility 50"
2h,Crystal halberd 3/10,no,1,0,2.0,7,polearm,64,82,3,-4,0,-1,2,3,0,0,83,0,0,0,"attack 70, strength 35, agility 50"
2h,Crystal halberd 3/10 (i),no,1,0,2.0,7,polearm,85,110,5,-4,0,-1,4,5,0,0,118,0,0,0,"attack 70, strength 35, agility 50"
2h,Crystal halberd 4/10,no,1,0,2.0,7,polearm,67,86,3,-4,0,-1,2,3,0,0,88,0,0,0,"attack 70, strength 35, agility 50"
2h,Crystal halberd 4/10 (i),no,1,0,2.0,7,polearm,85,110,5,-4,0,-1,4,5,0,0,118,0,0,0,"attack 70, strength 35, agility 50"
2h,Crystal halberd 5/10,no,1,0,2.0,7,polearm,70,90,4,-4,0,-1,3,4,0,0,93,0,0,0,"attack 70, strength 35, agility 50"
2h,Crystal halberd 5/10 (i),no,1,0,2.0,7,polearm,85,110,5,-4,0,-1,4,5,0,0,118,0,0,0,"attack 70, strength 35, agility 50"
2h,Crystal halberd 6/10,no,1,0,2.0,7,polearm,73,94,4,-4,0,-1,3,4,0,0,98,0,0,0,"attack 70, strength 35, agility 50"
2h,Crystal halberd 6/10 (i),no,1,0,2.0,7,polearm,85,110,5,-4,0,-1,4,5,0,0,118,0,0,0,"attack 70, strength 35, agility 50"
2h,Crystal halberd 7/10,no,1,0,2.0,7,polearm,76,98,4,-4,0,-1,3,4,0,0,103,0,0,0,"attack 70, strength 35, agility 50"
2h,Crystal halberd 7/10 (i),no,1,0,2.0,7,polearm,85,110,5,-4,0,-1,4,5,0,0,118,0,0,0,"attack 70, strength 35, agility 50"
2h,Crystal halberd 8/10,no,1,0,2.0,7,polearm,79,102,5,-4,0,-1,4,5,0,0,108,0,0,0,"attack 70, strength 35, agility 50"
2h,Crystal halberd 8/10 (i),no,1,0,2.0,7,polearm,85,110,5,-4,0,-1,4,5,0,0,118,0,0,0,"attack 70, strength 35, agility 50"
2h,Crystal halberd 9/10,no,1,0,2.0,7,polearm,82,106,5,-4,0,-1,4,5,0,0,113,0,0,0,"attack 70, strength 35, agility 50"
2h,Crystal halberd 9/10 (i),no,1,0,2.0,7,polearm,85,110,5,-4,0,-1,4,5,0,0,118,0,0,0,"attack 70, strength 35, agility 50"
2h,Crystal halberd full,no,1,0,2.0,7,polearm,85,110,5,-4,0,-1,4,5,0,0,118,0,0,0,"attack 70, strength 35, agility 50"
2h,Crystal halberd full (i),no,1,0,2.0,7,polearm,85,110,5,-4,0,-1,4,5,0,0,118,0,0,0,"attack 70, strength 35, agility 50"
2h,Crystal staff (attuned),yes,1,0,1.36,4,powered_staff,0,0,0,128,0,0,0,0,0,0,0,0,0,2,
2h,Crystal staff (basic),yes,1,0,1.36,4,powered_staff,0,0,0,84,0,0,0,0,0,0,0,0,0,1,
2h,Crystal staff (perfected),yes,1,0,1.36,4,powered_staff,0,0,0,184,0,0,0,0,0,0,0,0,0,3,
2h,Cursed banana,no,0,0,0.1,4,blunt,-100,-100,-50,0,0,0,0,0,0,0,-10,0,0,0,
2h,Cursed goblin bow,no,30,18,1.814,6,bow,0,0,0,0,0,0,0,0,0,0,0,0,0,0,
2h,Dark bow,yes,120002,72001,1.814,9,bow,0,0,0,0,95,0,0,0,0,0,0,0,0,0,ranged 60
2h,Dharok's greataxe,yes,208000,124800,3.175,7,axe,-4,103,95,-4,0,0,0,0,0,-1,105,0,0,0,"attack 70, strength 70"
2h,Dharok's greataxe 100,yes,208000,124800,3.175,7,axe,-4,103,95,-4,0,0,0,0,0,-1,105,0,0,0,"attack 70, strength 70"
2h,Dharok's greataxe 25,yes,208000,124800,3.175,7,axe,-4,103,95,-4,0,0,0,0,0,-1,105,0,0,0,"attack 70, strength 70"
2h,Dharok's greataxe 50,yes,208000,124800,3.175,7,axe,-4,103,95,-4,0,0,0,0,0,-1,105,0,0,0,"attack 70, strength 70"
2h,Dharok's greataxe 75,yes,208000,124800,3.175,7,axe,-4,103,95,-4,0,0,0,0,0,-1,105,0,0,0,"attack 70, strength 70"
2h,Dinh's bulwark,yes,560000,336000,30.0,5,bulwark,0,0,124,0,0,106,109,109,-10,148,38,0,0,0,"attack 75, defence 75"
2h,Dragon 2h sword,yes,220000,132000,3.628,7,2h_sword,-4,92,80,-4,0,0,0,0,0,-1,93,0,0,0,attack 60
2h,Dragon claws,yes,205000,123000,0.907,4,claw,41,57,-4,0,0,13,26,7,0,0,56,0,0,0,attack 60
2h,Dragon halberd,yes,250000,150000,3.175,7,polearm,70,95,0,-4,0,-1,4,5,0,0,89,0,0,0,"attack 60, strength 30"
2h,Dragon spear,yes,62400,37440,2.267,4,spear,55,55,55,0,0,5,5,5,5,5,60,0,0,0,attack 60
2h,Dragon spear(kp),yes,62400,37440,2.267,4,spear,55,55,55,0,0,5,5,5,5,5,60,0,0,0,attack 60
2h,Dragon spear(p),yes,62400,37440,2.267,4,spear,55,55,55,0,0,5,5,5,5,5,60,0,0,0,attack 60
2h,Dragon spear(p+),yes,62400,37440,2.267,4,spear,55,55,55,0,0,5,5,5,5,5,60,0,0,0,attack 60
2h,Dragon spear(p++),yes,62400,37440,2.267,4,spear,55,55,55,0,0,5,5,5,5,5,60,0,0,0,attack 60
2h,Dual sai,yes,6000,3600,1.36,5,stab_sword,11,8,-4,-4,0,0,0,0,0,0,14,0,0,0,
2h,Elder maul,yes,500010,300006,5.443,6,blunt,0,0,135,-4,0,0,0,0,0,0,147,0,0,0,"attack 75, strength 75"
2h,Event rpg,no,150,0,1.0,3,unarmed,0,0,0,0,0,0,0,0,0,0,0,0,0,0,
2h,Fixed device,yes,150,90,4.0,4,gun,0,0,0,0,0,0,0,0,0,0,0,0,0,0,
2h,Gadderhammer,yes,3000,1800,1.814,5,blunt,-4,-4,35,-4,0,0,0,0,0,0,35,0,0,0,attack 30
2h,Giant boulder,no,1,0,15.0,4,blunt,-100,-100,-50,0,0,0,0,0,0,0,-10,0,0,0,
2h,Giant easter egg,no,1,0,15.0,4,blunt,-100,-100,-50,0,0,0,0,0,0,0,-10,0,0,0,
2h,Giant present,no,1,0,15.0,4,blunt,-100,-100,-50,0,0,0,0,0,0,0,-10,0,0,0,
2h,Gilded 2h sword,no,64000,38400,3.628,7,2h_sword,-4,69,50,-4,0,0,0,0,0,-1,70,0,0,0,attack 40
2h,Gilded spade,no,1000,600,3.0,4,blunt,-100,-100,-50,0,0,0,0,0,0,0,-10,0,0,0,
2h,Gilded spear,yes,20800,12480,2.267,4,spear,36,36,36,0,0,1,1,0,0,0,42,0,0,0,attack 40
2h,Granite maul,yes,50000,30000,4.535,7,blunt,0,0,81,0,0,0,0,0,0,0,79,0,0,0,attack 50
2h,Gregg's eastdoor,no,0,0,0.1,6,blunt,-100,-100,-50,0,0,0,0,0,0,0,-10,0,0,0,
2h,Guthan's warspear,yes,100000,60000,2.267,5,spear,75,75,75,0,0,7,7,7,0,0,75,0,0,0,attack 70
2h,Guthan's warspear 100,yes,100000,60000,2.267,5,spear,75,75,75,0,0,7,7,7,0,0,75,0,0,0,attack 70
2h,Guthan's warspear 25,yes,100000,60000,2.267,5,spear,75,75,75,0,0,7,7,7,0,0,75,0,0,0,attack 70
2h,Guthan's warspear 50,yes,100000,60000,2.267,5,spear,75,75,75,0,0,7,7,7,0,0,75,0,0,0,attack 70
2h,Guthan's warspear 75,yes,100000,60000,2.267,5,spear,75,75,75,0,0,7,7,7,0,0,75,0,0,0,attack 70
2h,Guthix mjolnir,yes,625,375,2.267,6,polestaff,0,0,11,0,0,0,0,0,0,0,14,0,0,0,
2h,Heavy ballista,yes,950000,570000,6.0,7,crossbow,0,0,0,0,125,0,0,0,0,0,0,15,0,0,ranged 75
2h,Heavy casket,yes,1000,600,15.0,6,blunt,-4,-4,11,-4,0,0,0,0,0,0,9,0,0,0,
2h,Hill giant club,no,60000,36000,3.628,7,blunt,-4,50,65,-4,0,0,0,0,0,-1,70,0,0,0,attack 40
2h,Holy scythe of vitur,yes,4000000,2400000,3.175,5,scythe,70,110,30,-6,0,-2,8,10,0,0,75,0,0,0,
2h,Holy scythe of vitur (uncharged),yes,4000000,2400000,3.175,5,scythe,50,75,10,-6,0,-2,6,0,0,0,50,0,0,0,
2h,Iron 2h sword,no,280,168,3.628,7,2h_sword,-4,13,10,-4,0,0,0,0,0,-1,14,0,0,0,attack 1
2h,Iron claws,yes,50,30,0.907,4,claw,4,6,-4,0,0,2,3,1,0,0,7,0,0,0,attack 1
2h,Iron halberd,yes,280,168,3.175,7,polearm,9,12,0,-4,0,-1,1,2,0,0,12,0,0,0,attack 1
2h,Iron spear,yes,91,54,2.267,4,spear,8,8,8,0,0,1,1,0,0,0,10,0,0,0,attack 1
2h,Iron spear(kp),yes,91,54,2.267,4,spear,8,8,8,0,0,1,1,0,0,0,10,0,0,0,attack 1
2h,Iron spear(p),yes,91,54,2.267,4,spear,8,8,8,0,0,1,1,0,0,0,10,0,0,0,attack 1
2h,Iron spear(p+),yes,91,54,2.267,4,spear,8,8,8,0,0,1,1,0,0,0,10,0,0,0,attack 1
2h,Iron spear(p++),yes,91,54,2.267,4,spear,8,8,8,0,0,1,1,0,0,0,10,0,0,0,attack 1
2h,Karil's crossbow,yes,160000,96000,3.628,4,crossbow,0,0,0,0,84,0,0,0,0,0,0,0,0,0,ranged 70
2h,Karil's crossbow 100,yes,160000,96000,3.628,4,crossbow,0,0,0,0,84,0,0,0,0,0,0,0,0,0,ranged 70
2h,Karil's crossbow 25,yes,160000,96000,3.628,4,crossbow,0,0,0,0,84,0,0,0,0,0,0,0,0,0,ranged 70
2h,Karil's crossbow 50,yes,160000,96000,3.628,4,crossbow,0,0,0,0,84,0,0,0,0,0,0,0,0,0,ranged 70
2h,Karil's crossbow 75,yes,160000,96000,3.628,4,crossbow,0,0,0,0,84,0,0,0,0,0,0,0,0,0,ranged 70
2h,Katana,yes,24000,14400,0.453,4,slash_sword,7,45,0,0,0,3,7,7,0,-3,40,0,0,0,
2h,Large spade,yes,1000,600,3.0,4,blunt,-100,-100,-50,0,0,0,0,0,0,0,-10,0,0,0,
2h,Leaf-bladed spear,yes,31000,18600,2.267,5,spear,47,42,36,0,0,1,1,0,0,0,50,0,0,0,"slayer 55, attack 50"
2h,Light ballista,yes,125000,75000,3.0,7,crossbow,0,0,0,0,110,0,0,0,0,0,0,0,0,0,ranged 65
2h,Longbow,no,80,48,1.814,6,bow,0,0,0,0,8,0,0,0,0,0,0,0,0,0,ranged 1
2h,Magic comp bow,yes,2500,1500,1.8,5,bow,0,0,0,0,71,0,0,0,0,0,0,0,0,0,ranged 50
2h,Magic longbow,yes,2560,1536,1.814,6,bow,0,0,0,0,69,0,0,0,0,0,0,0,0,0,ranged 50
2h,Magic shortbow,yes,1600,960,1.36,4,bow,0,0,0,0,69,0,0,0,0,0,0,0,0,0,ranged 50
2h,Magic shortbow (i),yes,1600,960,1.36,4,bow,0,0,0,0,75,0,0,0,0,0,0,0,0,0,ranged 50
2h,Maple longbow,no,640,384,1.814,6,bow,0,0,0,0,29,0,0,0,0,0,0,0,0,0,ranged 30
2h,Maple shortbow,no,400,240,1.36,4,bow,0,0,0,0,29,0,0,0,0,0,0,0,0,0,ranged 30
2h,Merfolk trident,yes,400,240,0.907,5,spear,8,8,8,0,0,1,1,0,0,0,4,0,0,0,
2h,Mithril 2h sword,no,2600,1560,3.175,7,2h_sword,-4,30,24,-4,0,0,0,0,0,-1,31,0,0,0,attack 20
2h,Mithril claws,yes,475,285,0.907,4,claw,11,16,-4,0,0,4,8,2,0,0,17,0,0,0,attack 20
2h,Mithril halberd,yes,2600,1560,2.721,7,polearm,22,28,0,-4,0,-1,2,4,0,0,29,0,0,0,"attack 20, strength 10"
2h,Mithril spear,yes,845,507,1.814,4,spear,17,17,17,0,0,1,1,0,0,0,18,0,0,0,attack 20
2h,Mithril spear(kp),yes,845,507,1.814,4,spear,17,17,17,0,0,1,1,0,0,0,18,0,0,0,attack 20
2h,Mithril spear(p),yes,845,507,1.814,4,spear,17,17,17,0,0,1,1,0,0,0,18,0,0,0,attack 20
2h,Mithril spear(p+),yes,845,507,1.814,4,spear,17,17,17,0,0,1,1,0,0,0,18,0,0,0,attack 20
2h,Mithril spear(p++),yes,845,507,1.814,4,spear,17,17,17,0,0,1,1,0,0,0,18,0,0,0,attack 20
2h,New crystal bow,no,1,0,2.0,5,bow,0,0,0,0,100,0,0,0,0,0,0,70,0,0,"agility 50, ranged 70"
2h,New crystal bow (i),no,1,0,2.0,5,bow,0,0,0,0,100,0,0,0,0,0,0,70,0,0,"agility 50, ranged 70"
2h,New crystal halberd full,no,1,0,2.0,7,polearm,85,110,5,-4,0,-1,4,5,0,0,118,0,0,0,"attack 75, strength 35, agility 50"
2h,New crystal halberd full (i),no,1,0,2.0,7,polearm,85,110,5,-4,0,-1,4,5,0,0,118,0,0,0,"attack 75, strength 35, agility 50"
2h,Nunchaku,yes,6000,3600,1.36,5,blunt,-4,-4,11,-4,0,0,0,0,0,0,14,0,0,0,
2h,Oak longbow,no,160,96,2.267,6,bow,0,0,0,0,14,0,0,0,0,0,0,0,0,0,ranged 5
2h,Oak shortbow,no,100,60,1.814,4,bow,0,0,0,0,14,0,0,0,0,0,0,0,0,0,ranged 5
2h,Ogre bow,yes,500,300,1.814,8,bow,0,0,0,0,38,0,0,0,0,0,0,0,0,0,ranged 30
2h,Orange salamander,yes,100,60,4.0,5,salamander,0,19,0,0,29,0,0,0,0,0,31,0,0,0,"ranged 50, attack 50, magic 50"
2h,Pet rock,yes,1,0,1.36,4,unarmed,0,0,0,0,0,0,0,0,0,0,0,0,0,0,
2h,Pharaoh's sceptre,yes,83334,50000,2.0,4,polestaff,7,-1,25,10,0,2,3,1,10,0,32,0,0,0,"attack 30, magic 30"
2h,Pharaoh's sceptre (1),yes,83334,50000,2.0,4,polestaff,7,-1,25,10,0,2,3,1,10,0,32,0,0,0,"attack 30, magic 30"
2h,Pharaoh's sceptre (2),yes,83334,50000,2.0,4,polestaff,7,-1,25,10,0,2,3,1,10,0,32,0,0,0,"attack 30, magic 30"
2h,Pharaoh's sceptre (3),yes,83334,50000,2.0,4,polestaff,7,-1,25,10,0,2,3,1,10,0,32,0,0,0,"attack 30, magic 30"
2h,Pharaoh's sceptre (4),yes,83334,50000,2.0,4,polestaff,7,-1,25,10,0,2,3,1,10,0,32,0,0,0,"attack 30, magic 30"
2h,Pharaoh's sceptre (5),yes,83334,50000,2.0,4,polestaff,7,-1,25,10,0,2,3,1,10,0,32,0,0,0,"attack 30, magic 30"
2h,Pharaoh's sceptre (6),yes,83334,50000,2.0,4,polestaff,7,-1,25,10,0,2,3,1,10,0,32,0,0,0,"attack 30, magic 30"
2h,Pharaoh's sceptre (7),yes,83334,50000,2.0,4,polestaff,7,-1,25,10,0,2,3,1,10,0,32,0,0,0,"attack 30, magic 30"
2h,Pharaoh's sceptre (8),yes,83334,50000,2.0,4,polestaff,7,-1,25,10,0,2,3,1,10,0,32,0,0,0,"attack 30, magic 30"
2h,Protest banner,yes,500,300,2.267,4,banner,0,0,0,0,0,0,0,0,0,0,0,0,0,0,
2h,Rain bow,yes,500,300,1.36,4,bow,0,0,0,0,8,0,0,0,0,0,0,0,0,0,
2h,Red salamander,yes,150,90,4.0,5,salamander,0,37,0,0,47,0,0,0,0,0,49,0,0,0,"ranged 60, attack 60, magic 60"
2h,Rune 2h sword,no,64000,38400,3.628,7,2h_sword,-4,69,50,-4,0,0,0,0,0,-1,70,0,0,0,attack 40
2h,Rune claws,yes,12000,7200,0.907,4,claw,26,38,-4,0,0,10,19,5,0,0,39,0,0,0,attack 40
2h,Rune halberd,yes,64000,38400,3.175,7,polearm,48,67,0,-4,0,-1,4,5,0,0,68,0,0,0,"attack 40, strength 20"
2h,Rune spear,yes,20800,12480,2.267,4,spear,36,36,36,0,0,1,1,0,0,0,42,0,0,0,attack 40
2h,Rune spear(kp),yes,20800,12480,2.267,4,spear,36,36,36,0,0,1,1,0,0,0,42,0,0,0,attack 40
2h,Rune spear(p),yes,20800,12480,2.267,4,spear,36,36,36,0,0,1,1,0,0,0,42,0,0,0,attack 40
2h,Rune spear(p+),yes,20800,12480,2.267,4,spear,36,36,36,0,0,1,1,0,0,0,42,0,0,0,attack 40
2h,Rune spear(p++),yes,20800,12480,2.267,4,spear,36,36,36,0,0,1,1,0,0,0,42,0,0,0,attack 40
2h,Sanguine scythe of vitur,yes,4000000,2400000,3.175,5,scythe,70,110,30,-6,0,-2,8,10,0,0,75,0,0,0,
2h,Sanguine scythe of vitur (uncharged),yes,4000000,2400000,3.175,5,scythe,50,75,10,-6,0,-2,6,0,0,0,50,0,0,0,
2h,Sara's blessed sword (full),yes,289850,173910,3.0,4,2h_sword,0,100,60,0,0,0,0,0,0,0,88,0,0,2,attack 75
2h,Saradomin godsword,yes,1250000,750000,10.0,6,2h_sword,0,132,80,0,0,0,0,0,0,0,132,0,0,8,attack 75
2h,Saradomin godsword (or),yes,1250000,750000,10.0,6,2h_sword,0,132,80,0,0,0,0,0,0,0,132,0,0,8,attack 75
2h,Saradomin mjolnir,yes,625,375,2.267,6,polestaff,0,0,11,0,0,0,0,0,0,0,14,0,0,0,
2h,Saradomin sword,yes,130000,78000,3.0,4,2h_sword,0,82,60,0,0,0,0,0,0,0,82,0,0,2,attack 70
2h,Saradomin's blessed sword,yes,289850,173910,3.0,4,2h_sword,0,100,60,0,0,0,0,0,0,0,88,0,0,2,attack 75
2h,Scythe,no,1,0,3.175,6,scythe,3,8,3,0,0,0,3,1,0,0,10,0,0,0,
2h,Scythe of vitur,yes,4000000,2400000,3.175,5,scythe,70,110,30,-6,0,-2,8,10,0,0,75,0,0,0,"attack 75, strength 75"
2h,Scythe of vitur (uncharged),yes,4000000,2400000,3.175,5,scythe,50,75,10,-6,0,-2,6,0,0,0,50,0,0,0,"attack 75, strength 75"
2h,Seercull,yes,8000,4800,1.36,5,bow,0,0,0,0,69,0,0,0,0,0,0,0,0,0,ranged 50
2h,Shadow sword,yes,0,0,3.628,6,2h_sword,-4,27,21,4,0,0,0,0,4,-1,26,0,0,0,
2h,Shortbow,no,50,30,1.36,4,bow,0,0,0,0,8,0,0,0,0,0,0,0,0,0,ranged 1
2h,Signed oak bow,yes,160,96,2.267,6,bow,0,0,0,0,14,0,0,0,0,0,0,0,0,0,ranged 5
2h,Skeleton lantern,no,0,0,0.07,4,blunt,-100,-100,-50,0,0,0,0,0,0,0,-10,0,0,0,
2h,Spatula,yes,1920,1152,3.628,7,2h_sword,-4,27,21,-4,0,0,0,0,0,-1,26,0,0,0,
2h,Spear,no,1,0,3.628,7,polearm,22,18,0,-4,0,-1,2,4,0,0,20,0,0,0,
2h,Starter bow,no,500,0,1.36,4,bow,0,0,0,0,20,0,0,0,0,0,0,7,0,0,
2h,Steel 2h sword,no,1000,600,3.628,7,2h_sword,-4,21,16,-4,0,0,0,0,0,-1,22,0,0,0,attack 5
2h,Steel claws,yes,175,105,0.907,4,claw,8,11,-4,0,0,3,6,2,0,0,12,0,0,0,attack 5
2h,Steel halberd,yes,1000,600,3.175,7,polearm,14,19,0,-4,0,-1,1,2,0,0,20,0,0,0,attack 5
2h,Steel spear,yes,325,195,2.267,4,spear,12,12,12,0,0,1,1,0,0,0,12,0,0,0,attack 5
2h,Steel spear(kp),yes,325,195,2.267,4,spear,12,12,12,0,0,1,1,0,0,0,12,0,0,0,attack 5
2h,Steel spear(p),yes,325,195,2.267,4,spear,12,12,12,0,0,1,1,0,0,0,12,0,0,0,attack 5
2h,Steel spear(p+),yes,325,195,2.267,4,spear,12,12,12,0,0,1,1,0,0,0,12,0,0,0,attack 5
2h,Steel spear(p++),yes,325,195,2.267,4,spear,12,12,12,0,0,1,1,0,0,0,12,0,0,0,attack 5
2h,Swamp lizard,yes,50,30,4.0,5,salamander,0,10,0,0,20,0,0,0,0,0,22,0,0,0,"ranged 30, attack 30, magic 30"
2h,Toktz-mej-tal,yes,35000,21000,1.814,6,staff,15,-1,55,15,0,10,15,5,15,0,55,0,0,5,"attack 60, magic 60"
2h,Torag's hammers,yes,160000,96000,3.628,5,blunt,-4,-4,85,-4,0,0,0,0,0,0,72,0,0,0,"attack 70, strength 70"
2h,Torag's hammers 100,yes,160000,96000,3.628,5,blunt,-4,-4,85,-4,0,0,0,0,0,0,72,0,0,0,"attack 70, strength 70"
2h,Torag's hammers 25,yes,160000,96000,3.628,5,blunt,-4,-4,85,-4,0,0,0,0,0,0,72,0,0,0,"attack 70, strength 70"
2h,Torag's hammers 50,yes,160000,96000,3.628,5,blunt,-4,-4,85,-4,0,0,0,0,0,0,72,0,0,0,"attack 70, strength 70"
2h,Torag's hammers 75,yes,160000,96000,3.628,5,blunt,-4,-4,85,-4,0,0,0,0,0,0,72,0,0,0,"attack 70, strength 70"
2h,Toxic blowpipe,yes,120000,72000,0.5,3,thrown,0,0,0,0,30,0,0,0,0,0,0,20,0,0,ranged 75
2h,Trailblazer adamant trophy,yes,1,0,15.0,4,blunt,-100,-100,-50,0,0,0,0,0,0,0,-10,0,0,0,
2h,Trailblazer dragon trophy,yes,1,0,15.0,4,blunt,-100,-100,-50,0,0,0,0,0,0,0,-10,0,0,0,
2h,Trailblazer rune trophy,yes,1,0,15.0,4,blunt,-100,-100,-50,0,0,0,0,0,0,0,-10,0,0,0,
2h,Training bow,no,1,0,1.36,4,bow,0,0,0,0,8,0,0,0,0,0,0,0,0,0,
2h,Twisted adamant trophy,yes,1,0,15.0,4,blunt,-100,-100,-50,0,0,0,0,0,0,0,-10,0,0,0,
2h,Twisted bow,yes,4000000,2400000,1.814,6,bow,0,0,0,0,70,0,0,0,0,0,0,20,0,0,ranged 75
2h,Twisted dragon trophy,yes,1,0,15.0,4,blunt,-100,-100,-50,0,0,0,0,0,0,0,-10,0,0,0,
2h,Twisted rune trophy,yes,1,0,15.0,4,blunt,-100,-100,-50,0,0,0,0,0,0,0,-10,0,0,0,
2h,Tzhaar-ket-om,yes,50001,30000,3.628,7,blunt,0,0,80,-4,0,0,0,0,0,0,85,0,0,0,strength 60
2h,Tzhaar-ket-om (t),yes,50001,30000,3.628,7,blunt,0,0,80,-4,0,0,0,0,0,0,85,0,0,0,strength 40
2h,Verac's flail,yes,160000,96000,2.267,5,spiked,68,-2,82,0,0,0,0,0,0,0,72,0,0,6,attack 70
2h,Verac's flail 100,yes,160000,96000,2.267,5,spiked,68,-2,82,0,0,0,0,0,0,0,72,0,0,6,attack 70
2h,Verac's flail 25,yes,160000,96000,2.267,5,spiked,68,-2,82,0,0,0,0,0,0,0,72,0,0,6,attack 70
2h,Verac's flail 50,yes,160000,96000,2.267,5,spiked,68,-2,82,0,0,0,0,0,0,0,72,0,0,6,attack 70
2h,Verac's flail 75,yes,160000,96000,2.267,5,spiked,68,-2,82,0,0,0,0,0,0,0,72,0,0,6,attack 70
2h,Vesta's spear,yes,300000,180000,2.267,5,spear,133,113,120,0,0,18,21,21,0,0,122,0,0,0,attack 78
2h,White 2h sword,yes,1920,1152,3.628,7,2h_sword,-4,27,21,-4,0,0,0,0,0,-1,26,0,0,1,attack 10
2h,White claws,yes,360,216,0.907,4,claw,10,14,-4,0,0,4,7,2,0,0,14,0,0,1,attack 10
2h,White halberd,yes,1920,1152,3.175,7,polearm,19,25,0,-4,0,-1,2,3,0,0,20,0,0,1,"attack 10, strength 5"
2h,Willow comp bow,no,300,180,1.8,5,bow,0,0,0,0,22,0,0,0,0,0,0,0,0,0,ranged 20
2h,Willow longbow,no,320,192,1.814,6,bow,0,0,0,0,20,0,0,0,0,0,0,0,0,0,ranged 20
2h,Willow shortbow,no,200,120,1.36,4,bow,0,0,0,0,20,0,0,0,0,0,0,0,0,0,ranged 20
2h,Yew comp bow,yes,1800,1080,1.8,5,bow,0,0,0,0,49,0,0,0,0,0,0,0,0,0,ranged 40
2h,Yew longbow,yes,1280,768,1.814,6,bow,0,0,0,0,47,0,0,0,0,0,0,0,0,0,ranged 40
2h,Yew shortbow,yes,800,480,1.36,4,bow,0,0,0,0,47,0,0,0,0,0,0,0,0,0,ranged 40
2h,Zamorak godsword,yes,1250000,750000,10.0,6,2h_sword,0,132,80,0,0,0,0,0,0,0,132,0,0,8,attack 75
2h,Zamorak godsword (or),yes,1250000,750000,10.0,6,2h_sword,0,132,80,0,0,0,0,0,0,0,132,0,0,8,attack 75
2h,Zamorak mjolnir,yes,625,375,2.267,6,polestaff,0,0,11,0,0,0,0,0,0,0,14,0,0,0,
2h,Zamorakian spear,yes,100005,60003,3.0,4,spear,85,65,65,0,0,13,13,12,0,13,75,0,0,2,attack 70
shield,3rd age kiteshield,yes,180000,108000,2.721,,,0,0,0,-10,-4,63,65,61,-3,63,0,0,0,0,defence 65
shield,Adamant defender,yes,1,0,0.453,,,13,12,11,-3,-2,13,12,11,-3,-2,4,0,0,0,"attack 30, defence 30"
shield,Adamant defender (l),yes,1,0,0.453,,,13,12,11,-3,-2,13,12,11,-3,-2,4,0,0,0,"attack 30, defence 30"
shield,Adamant kiteshield,no,5440,3264,5.896,,,0,0,0,-8,-3,27,31,29,-1,29,0,0,0,0,defence 30
shield,Adamant kiteshield (g),no,5440,3264,5.896,,,0,0,0,-8,-3,27,31,29,-1,29,0,0,0,0,defence 30
shield,Adamant kiteshield (t),no,5440,3264,5.896,,,0,0,0,-8,-3,27,31,29,-1,29,0,0,0,0,defence 30
shield,Adamant shield (h1),no,5440,3264,5.896,,,0,0,0,-8,-3,27,31,29,-1,29,0,0,0,0,defence 30
shield,Adamant shield (h2),no,5440,3264,5.896,,,0,0,0,-8,-3,27,31,29,-1,29,0,0,0,0,defence 30
shield,Adamant shield (h3),no,5440,3264,5.896,,,0,0,0,-8,-3,27,31,29,-1,29,0,0,0,0,defence 30
shield,Adamant shield (h4),no,5440,3264,5.896,,,0,0,0,-8,-3,27,31,29,-1,29,0,0,0,0,defence 30
shield,Adamant shield (h5),no,5440,3264,5.896,,,0,0,0,-8,-3,27,31,29,-1,29,0,0,0,0,defence 30
shield,Adamant sq shield,no,3840,2304,4.082,,,0,0,0,-6,0,24,26,22,0,24,0,0,0,0,defence 30
shield,Ancient d'hide shield,yes,28334,17000,8.0,,,-15,-15,-11,-10,7,21,18,16,15,14,0,0,0,1,"defence 40, ranged 70"
shield,Ancient kiteshield,no,54400,32640,5.443,,,0,0,0,-8,-3,44,48,46,-1,46,0,0,0,1,defence 40
shield,Ancient wyvern shield,yes,2000000,1200000,4.535,,,-10,-10,-10,15,-10,72,80,75,15,-5,-2,0,0,0,"magic 70, defence 75"
shield,Anti-dragon shield,no,20,12,5.443,,,0,0,0,0,0,7,9,8,2,8,0,0,0,0,
shield,Anti-dragon shield (nz),yes,0,0,5.443,,,0,0,0,0,0,7,9,8,2,8,0,0,0,0,
shield,Arcane spirit shield,yes,2000000,1200000,2.0,,,0,0,0,20,0,53,55,73,2,52,0,0,0,3,"defence 75, prayer 70, magic 65"
shield,Armadyl d'hide shield,yes,28334,17000,8.0,,,-15,-15,-11,-10,7,21,18,16,15,14,0,0,0,1,"defence 40, ranged 70"
shield,Armadyl kiteshield,no,54400,32640,5.443,,,0,0,0,-8,-3,44,48,46,-1,46,0,0,0,1,defence 40
shield,Avernic defender,yes,2500000,1500000,0.453,,,30,29,28,-5,-4,30,29,28,-5,-4,8,0,0,0,"attack 70, defence 70"
shield,Avernic defender (l),yes,2500000,1500000,0.453,,,30,29,28,-5,-4,30,29,28,-5,-4,8,0,0,0,"attack 70, defence 70"
shield,Bandos d'hide shield,yes,28334,17000,8.0,,,-15,-15,-11,-10,7,21,18,16,15,14,0,0,0,1,"defence 40, ranged 70"
shield,Bandos kiteshield,no,54400,32640,5.443,,,0,0,0,-8,-3,44,48,46,-1,46,0,0,0,1,defence 40
shield,Black d'hide shield,yes,28334,17000,8.0,,,-15,-15,-11,-10,7,21,18,16,15,14,0,0,0,0,"ranged 70, defence 40"
shield,Black defender,yes,1,0,0.453,,,9,8,7,-3,-2,9,8,7,-3,-2,2,0,0,0,"attack 10, defence 10"
shield,Black defender (l),yes,1,0,0.453,,,9,8,7,-3,-2,9,8,7,-3,-2,2,0,0,0,"attack 10, defence 10"
shield,Black kiteshield,no,1632,979,5.443,,,0,0,0,-8,-3,17,19,18,-1,18,0,0,0,0,defence 10
shield,Black kiteshield (g),no,1632,979,5.443,,,0,0,0,-8,-3,17,19,18,-1,18,0,0,0,0,defence 10
shield,Black kiteshield (t),no,1632,979,5.443,,,0,0,0,-8,-3,17,19,18,-1,18,0,0,0,0,defence 10
shield,Black satchel,yes,100,60,0.15,,,0,0,0,0,0,0,0,0,0,0,0,0,0,0,
shield,Black shield (h1),no,1632,979,5.443,,,0,0,0,-8,-3,17,19,18,-1,18,0,0,0,0,defence 10
shield,Black shield (h2),no,1632,979,5.443,,,0,0,0,-8,-3,17,19,18,-1,18,0,0,0,0,defence 10
shield,Black shield (h3),no,1632,979,5.443,,,0,0,0,-8,-3,17,19,18,-1,18,0,0,0,0,defence 10
shield,Black shield (h4),no,1632,979,5.443,,,0,0,0,-8,-3,17,19,18,-1,18,0,0,0,0,defence 10
shield,Black shield (h5),no,1632,979,5.443,,,0,0,0,-8,-3,17,19,18,-1,18,0,0,0,0,defence 10
shield,Black sq shield,no,1152,691,3.628,,,0,0,0,-6,0,15,16,14,0,15,0,0,0,0,defence 10
shield,Blessed spirit shield,yes,1200000,720000,2.0,,,0,0,0,0,0,53,55,73,2,52,0,0,0,3,"defence 70, prayer 50"
shield,Blue d'hide shield,yes,7500,4500,8.0,,,-15,-15,-11,-10,5,16,14,12,12,12,0,0,0,0,"ranged 50, defence 40"
shield,Blue gingerbread shield,no,0,0,3.175,,,0,0,0,0,0,0,0,0,0,0,0,0,0,0,
shield,Book of balance,yes,200,120,1.0,,,4,4,4,4,4,4,4,4,4,4,0,0,0,5,
shield,Book of darkness,yes,200,120,1.0,,,0,0,0,10,0,0,0,0,0,0,0,0,0,5,
shield,Book of law,yes,200,120,1.0,,,0,0,0,0,10,0,0,0,0,0,0,0,0,5,
shield,Book of the dead,yes,200,120,0.0,,,0,0,0,6,0,0,0,0,0,0,0,0,0,3,
shield,Book of war,yes,200,120,1.0,,,0,0,0,0,0,0,0,0,0,0,2,0,0,5,
shield,Briefcase,yes,666,399,0.005,,,0,0,0,0,0,0,0,0,0,0,0,0,0,0,
shield,Bronze defender,yes,1,0,0.453,,,3,2,1,-3,-2,3,2,1,-3,-2,0,0,0,0,"attack 1, defence 1"
shield,Bronze defender (l),yes,1,0,0.453,,,3,2,1,-3,-2,3,2,1,-3,-2,0,0,0,0,"attack 1, defence 1"
shield,Bronze kiteshield,no,68,40,5.443,,,0,0,0,-8,-3,5,7,6,-1,6,0,0,0,0,defence 1
shield,Bronze kiteshield (g),no,64,38,5.443,,,0,0,0,-8,-3,5,7,6,-1,6,0,0,0,0,defence 1
shield,Bronze kiteshield (t),no,64,38,5.443,,,0,0,0,-8,-3,5,7,6,-1,6,0,0,0,0,defence 1
shield,Bronze sq shield,no,48,28,3.628,,,0,0,0,-6,0,5,6,4,0,5,0,0,0,0,defence 1
shield,Broodoo shield,yes,3000,1800,5.443,,,0,0,0,3,-7,10,10,15,5,0,0,0,0,5,defence 25
shield,Broodoo shield (1),yes,3000,1800,5.443,,,0,0,0,3,-7,10,10,15,5,0,0,0,0,5,defence 25
shield,Broodoo shield (10),yes,3000,1800,5.443,,,0,0,0,3,-7,10,10,15,5,0,0,0,0,5,defence 25
shield,Broodoo shield (2),yes,3000,1800,5.443,,,0,0,0,3,-7,10,10,15,5,0,0,0,0,5,defence 25
shield,Broodoo shield (3),yes,3000,1800,5.443,,,0,0,0,3,-7,10,10,15,5,0,0,0,0,5,defence 25
shield,Broodoo shield (4),yes,3000,1800,5.443,,,0,0,0,3,-7,10,10,15,5,0,0,0,0,5,defence 25
shield,Broodoo shield (5),yes,3000,1800,5.443,,,0,0,0,3,-7,10,10,15,5,0,0,0,0,5,defence 25
shield,Broodoo shield (6),yes,3000,1800,5.443,,,0,0,0,3,-7,10,10,15,5,0,0,0,0,5,defence 25
shield,Broodoo shield (7),yes,3000,1800,5.443,,,0,0,0,3,-7,10,10,15,5,0,0,0,0,5,defence 25
shield,Broodoo shield (8),yes,3000,1800,5.443,,,0,0,0,3,-7,10,10,15,5,0,0,0,0,5,defence 25
shield,Broodoo shield (9),yes,2750,1650,5.443,,,0,0,0,3,-7,10,10,15,5,0,0,0,0,5,defence 25
shield,Cabbage round shield,yes,3000,1800,4.535,,,0,0,0,-6,-2,24,26,22,0,24,0,0,0,0,defence 30
shield,Chicken,yes,1,0,5.0,,,0,0,0,0,0,0,0,0,0,0,0,0,0,0,
shield,Chronicle,no,200,0,1.0,,,0,0,0,0,0,0,0,0,0,0,0,0,0,0,
shield,Corrupted kiteshield,yes,1,0,5.443,,,0,0,0,-8,-3,8,10,9,-1,9,0,0,0,0,
shield,Cruciferous codex,no,200,120,1.0,,,0,0,0,0,0,0,0,0,0,0,0,0,0,0,
shield,Crystal shield,yes,300000,180000,2.721,,,0,0,0,-10,-10,51,54,53,0,80,0,0,0,0,"defence 70, agility 50"
shield,Crystal shield (inactive),yes,300000,180000,2.721,,,0,0,0,-10,-10,51,54,53,0,80,0,0,0,0,
shield,Crystal shield 1/10,no,1,0,2.7,,,0,0,0,-10,-10,33,36,35,0,62,0,0,0,0,"agility 50, defence 70"
shield,Crystal shield 1/10 (i),no,1,0,2.7,,,0,0,0,-10,-10,51,54,53,0,80,0,0,0,0,"agility 50, defence 70"
shield,Crystal shield 2/10,no,1,0,2.7,,,0,0,0,-10,-10,35,38,37,0,64,0,0,0,0,"agility 50, defence 70"
shield,Crystal shield 2/10 (i),no,1,0,2.7,,,0,0,0,-10,-10,51,54,53,0,80,0,0,0,0,"agility 50, defence 70"
shield,Crystal shield 3/10,no,1,0,2.7,,,0,0,0,-10,-10,37,40,39,0,66,0,0,0,0,"agility 50, defence 70"
shield,Crystal shield 3/10 (i),no,1,0,2.7,,,0,0,0,-10,-10,51,54,53,0,80,0,0,0,0,"agility 50, defence 70"
shield,Crystal shield 4/10,no,1,0,2.7,,,0,0,0,-10,-10,39,42,41,0,68,0,0,0,0,"agility 50, defence 70"
shield,Crystal shield 4/10 (i),no,1,0,2.7,,,0,0,0,-10,-10,51,54,53,0,80,0,0,0,0,"agility 50, defence 70"
shield,Crystal shield 5/10,no,1,0,2.7,,,0,0,0,-10,-10,41,44,43,0,70,0,0,0,0,"agility 50, defence 70"
shield,Crystal shield 5/10 (i),no,1,0,2.7,,,0,0,0,-10,-10,51,54,53,0,80,0,0,0,0,"agility 50, defence 70"
shield,Crystal shield 6/10,no,1,0,2.7,,,0,0,0,-10,-10,43,46,45,0,72,0,0,0,0,"agility 50, defence 70"
shield,Crystal shield 6/10 (i),no,1,0,2.7,,,0,0,0,-10,-10,51,54,53,0,80,0,0,0,0,"agility 50, defence 70"
shield,Crystal shield 7/10,no,1,0,2.7,,,0,0,0,-10,-10,45,48,47,0,74,0,0,0,0,"agility 50, defence 70"
shield,Crystal shield 7/10 (i),no,1,0,2.7,,,0,0,0,-10,-10,51,54,53,0,80,0,0,0,0,"agility 50, defence 70"
shield,Crystal shield 8/10,no,1,0,2.7,,,0,0,0,-10,-10,47,50,49,0,76,0,0,0,0,"agility 50, defence 70"
shield,Crystal shield 8/10 (i),no,1,0,2.7,,,0,0,0,-10,-10,51,54,53,0,80,0,0,0,0,"agility 50, defence 70"
shield,Crystal shield 9/10,no,1,0,2.7,,,0,0,0,-10,-10,49,52,51,0,78,0,0,0,0,"agility 50, defence 70"
shield,Crystal shield 9/10 (i),no,1,0,2.7,,,0,0,0,-10,-10,51,54,53,0,80,0,0,0,0,"agility 50, defence 70"
shield,Crystal shield full,no,1,0,2.7,,,0,0,0,-10,-10,51,54,53,0,80,0,0,0,0,"agility 50, defence 70"
shield,Crystal shield full (i),no,1,0,2.7,,,0,0,0,-10,-10,51,54,53,0,80,0,0,0,0,"agility 50, defence 70"
shield,Damaged book,yes,200,120,1.0,,,0,0,0,0,0,0,0,0,0,0,0,0,0,5,
shield,Decorative shield,no,850,510,4.535,,,0,0,0,-8,-3,13,15,14,-1,14,0,0,0,0,defence 5
shield,Decorative shield (l),no,5440,3264,4.535,,,0,0,0,-8,-3,27,31,29,-1,29,0,0,0,0,defence 30
shield,Dragon defender,yes,68007,40804,0.453,,,25,24,23,-3,-2,25,24,23,-3,-2,6,0,0,0,defence 60
shield,Dragon defender (l),yes,68007,40804,0.453,,,25,24,23,-3,-2,25,24,23,-3,-2,6,0,0,0,"attack 60, defence 60"
shield,Dragon defender (t),yes,68007,0,0.453,,,25,24,23,-3,-2,25,24,23,-3,-2,6,0,0,0,defence 60
shield,Dragon kiteshield,yes,1600000,960000,6.803,,,0,0,0,-8,-3,56,60,58,-1,58,0,0,0,0,defence 60
shield,Dragon kiteshield (g),yes,1600000,960000,6.803,,,0,0,0,-8,-3,56,60,58,-1,58,0,0,0,0,defence 60
shield,Dragon sq shield,yes,500000,300000,3.175,,,0,0,0,-6,0,50,52,48,0,50,0,0,0,0,defence 60
shield,Dragon sq shield (g),yes,500000,300000,3.175,,,0,0,0,-6,0,50,52,48,0,50,0,0,0,0,defence 60
shield,Dragonfire shield,yes,2000000,1200000,7.257,,,0,0,0,-10,-5,70,75,72,10,72,7,0,0,0,defence 75
shield,Dragonfire ward,yes,2000000,1200000,4.082,,,-10,-10,-10,-10,15,25,30,28,28,68,-2,8,0,0,"ranged 70, defence 75"
shield,Elemental shield,yes,20,12,0.226,,,0,0,0,0,0,0,0,0,6,0,0,0,0,0,
shield,Elidinis' ward,yes,10000000,6000000,3.628,,,0,0,0,25,0,53,55,73,2,52,0,0,5,4,
shield,Elysian spirit shield,yes,2000000,1200000,2.0,,,0,0,0,0,0,63,65,75,2,57,0,0,0,3,"defence 75, prayer 75"
shield,Fairy mushroom,yes,400,240,0.002,,,0,0,0,0,0,0,0,0,0,0,0,0,0,0,
shield,Falador shield 1,yes,0,0,5.443,,,0,0,0,-8,-2,8,10,9,-1,9,0,0,0,1,
shield,Falador shield 2,yes,0,0,5.443,,,0,0,0,-8,-2,13,15,14,-1,14,0,0,0,3,
shield,Falador shield 3,yes,0,0,5.443,,,0,0,0,-8,-2,18,22,20,-1,20,0,0,0,4,
shield,Falador shield 4,yes,0,0,5.443,,,0,0,0,-8,-2,27,31,29,-1,29,0,0,0,5,
shield,Fremennik shield,yes,5000,3000,2.267,,,0,0,0,-8,-2,27,31,29,-1,29,0,0,0,0,defence 30
shield,Ghommal's hilt 1,yes,0,0,0.001,,,0,0,0,0,0,0,0,0,0,0,0,0,0,0,
shield,Ghommal's hilt 2,yes,0,0,0.001,,,0,0,0,0,0,0,0,0,0,0,0,0,0,0,
shield,Ghommal's hilt 3,yes,0,0,0.001,,,0,0,0,0,0,0,0,0,0,0,0,0,0,0,
shield,Ghommal's hilt 4,yes,0,0,0.001,,,0,0,0,0,0,0,0,0,0,0,0,0,0,0,
shield,Ghommal's hilt 5,yes,0,0,0.001,,,0,0,0,0,0,0,0,0,0,0,0,0,0,0,
shield,Ghommal's hilt 6,yes,0,0,0.001,,,0,0,0,0,0,0,0,0,0,0,0,0,0,0,
shield,Gilded kiteshield,no,54400,32640,5.443,,,0,0,0,-8,-3,44,48,46,-1,46,0,0,0,0,defence 40
shield,Gilded sq shield,no,38400,23040,3.628,,,0,0,0,-6,0,38,40,36,0,38,0,0,0,0,defence 40
shield,Gold satchel,yes,100,60,0.15,,,0,0,0,0,0,0,0,0,0,0,0,0,0,0,
shield,Granite shield,yes,56000,33600,6.803,,,0,0,0,-12,-8,40,42,38,0,65,0,0,0,0,"defence 50, strength 50"
shield,Green d'hide shield,yes,5500,3300,8.0,,,-15,-15,-11,-10,4,14,12,11,9,11,0,0,0,0,"ranged 40, defence 40"
shield,Green gingerbread shield,no,0,0,3.175,,,0,0,0,0,0,0,0,0,0,0,0,0,0,0,
shield,Green satchel,yes,100,60,0.15,,,0,0,0,0,0,0,0,0,0,0,0,0,0,0,
shield,Guthix d'hide shield,yes,28334,17000,8.0,,,-15,-15,-11,-10,7,21,18,16,15,14,0,0,0,1,"defence 40, ranged 70"
shield,Guthix kiteshield,no,54400,32640,5.443,,,0,0,0,-8,-3,44,48,46,-1,46,0,0,0,1,defence 40
shield,Hallowed focus,yes,100,0,0.001,,,0,0,0,0,0,0,0,0,0,0,0,0,0,0,
shield,Hard leather shield,yes,500,300,7.0,,,-15,-15,-11,-10,2,8,7,7,5,9,0,0,0,0,"ranged 20, defence 10"
shield,Holy book,yes,200,120,1.0,,,0,0,0,0,0,8,8,8,8,8,0,0,0,5,
shield,Iron defender,yes,1,0,0.453,,,5,4,3,-3,-2,5,4,3,-3,-2,0,0,0,0,"attack 1, defence 1"
shield,Iron defender (l),yes,1,0,0.453,,,5,4,3,-3,-2,5,4,3,-3,-2,0,0,0,0,"attack 1, defence 1"
shield,Iron kiteshield,no,238,142,5.443,,,0,0,0,-8,-3,8,10,9,-1,9,0,0,0,0,defence 1
shield,Iron kiteshield (g),no,240,144,5.443,,,0,0,0,-8,-3,8,10,9,-1,9,0,0,0,0,defence 1
shield,Iron kiteshield (t),no,240,144,5.443,,,0,0,0,-8,-3,8,10,9,-1,9,0,0,0,0,defence 1
shield,Iron sq shield,no,168,100,3.628,,,0,0,0,-6,0,8,9,7,0,8,0,0,0,0,defence 1
shield,Kharedst's memoirs,yes,200,120,0.2,,,0,0,0,0,0,0,0,0,0,0,0,0,0,1,
shield,Lit bug lantern,yes,130,78,2.267,,,0,0,0,0,0,0,0,0,0,0,0,0,0,0,slayer 33
shield,Mage's book,yes,500,300,1.0,,,0,0,0,15,0,0,0,0,15,0,0,0,0,0,magic 60
shield,Magic shield,yes,1280,768,3.175,,,0,0,0,0,0,10,13,9,3,9,0,0,0,0,defence 40
shield,Malediction ward,yes,45000,27000,3.628,,,-8,-8,-8,12,-12,50,52,48,15,0,0,0,0,0,defence 60
shield,Maple shield,yes,320,192,3.175,,,0,0,0,0,0,7,8,6,2,7,0,0,0,0,defence 40
shield,Mind shield,yes,3000,1800,0.226,,,0,0,0,0,0,0,0,0,9,0,0,0,0,0,
shield,Mirror shield,yes,5000,3000,2.267,,,0,0,0,0,0,10,15,5,5,10,0,0,0,0,"slayer 25, defence 20"
shield,Mithril defender,yes,1,0,0.453,,,10,9,8,-3,-2,10,9,8,-3,-2,3,0,0,0,"attack 20, defence 20"
shield,Mithril defender (l),yes,1,0,0.453,,,10,9,8,-3,-2,10,9,8,-3,-2,3,0,0,0,"attack 20, defence 20"
shield,Mithril kiteshield,no,2210,1326,4.535,,,0,0,0,-8,-3,18,22,20,-1,20,0,0,0,0,defence 20
shield,Mithril kiteshield (g),no,2210,1326,4.535,,,0,0,0,-8,-3,18,22,20,-1,20,0,0,0,0,defence 20
shield,Mithril kiteshield (t),no,2210,1326,4.535,,,0,0,0,-8,-3,18,22,20,-1,20,0,0,0,0,defence 20
shield,Mithril sq shield,no,1560,936,3.175,,,0,0,0,-6,0,17,19,15,0,17,0,0,0,0,defence 20
shield,Neitiznot shield,yes,500,300,3.628,,,0,0,0,-10,-10,17,17,31,-4,33,0,0,0,0,defence 30
shield,New crystal shield,no,1,0,2.7,,,0,0,0,-10,-10,51,54,53,0,80,0,0,0,0,"agility 50, defence 70"
shield,New crystal shield (i),no,1,0,2.7,,,0,0,0,-10,-10,51,54,53,0,80,0,0,0,0,"agility 50, defence 70"
shield,Oak shield,yes,80,48,3.175,,,0,0,0,0,0,5,6,4,1,5,0,0,0,0,defence 10
shield,Odium ward,yes,45000,27000,3.628,,,-12,-12,-12,-8,12,0,0,0,24,52,0,4,0,0,defence 60
shield,Plain satchel,yes,100,60,0.15,,,0,0,0,0,0,0,0,0,0,0,0,0,0,0,
shield,Pumpkin lantern,no,1,0,0.07,,,0,0,0,0,0,0,0,0,0,0,0,0,0,0,
shield,Red d'hide shield,yes,11000,6600,8.0,,,-15,-15,-11,-10,6,18,16,14,13,13,0,0,0,0,"ranged 60, defence 40"
shield,Red gingerbread shield,no,0,0,3.175,,,0,0,0,0,0,0,0,0,0,0,0,0,0,0,
shield,Red satchel,yes,100,60,0.15,,,0,0,0,0,0,0,0,0,0,0,0,0,0,0,
shield,Redwood shield,yes,1280,768,3.175,,,0,0,0,0,0,12,15,11,4,10,0,0,0,0,defence 40
shield,Rune defender,yes,65004,39002,0.453,,,20,19,18,-3,-2,20,19,18,-3,-2,5,0,0,0,"attack 40, defence 40"
shield,Rune defender (l),yes,65004,39002,0.453,,,20,19,18,-3,-2,20,19,18,-3,-2,5,0,0,0,"attack 40, defence 40"
shield,Rune defender (t),yes,65004,0,0.453,,,20,19,18,-3,-2,20,19,18,-3,-2,5,0,0,0,"attack 40, defence 40"
shield,Rune kiteshield,no,54400,32640,5.443,,,0,0,0,-8,-3,44,48,46,-1,46,0,0,0,0,defence 40
shield,Rune kiteshield (g),no,54400,32640,5.443,,,0,0,0,-8,-3,44,48,46,-1,46,0,0,0,0,defence 40
shield,Rune kiteshield (t),no,54400,32640,5.443,,,0,0,0,-8,-3,44,48,46,-1,46,0,0,0,0,defence 40
shield,Rune satchel,yes,100,60,0.15,,,0,0,0,0,0,0,0,0,0,0,0,0,0,0,
shield,Rune shield (h1),no,54400,32640,5.443,,,0,0,0,-8,-3,44,48,46,-1,46,0,0,0,0,defence 40
shield,Rune shield (h2),no,54400,32640,5.443,,,0,0,0,-8,-3,44,48,46,-1,46,0,0,0,0,defence 40
shield,Rune shield (h3),no,54400,32640,5.443,,,0,0,0,-8,-3,44,48,46,-1,46,0,0,0,0,defence 40
shield,Rune shield (h4),no,54400,32640,5.443,,,0,0,0,-8,-3,44,48,46,-1,46,0,0,0,0,defence 40
shield,Rune shield (h5),no,54400,32640,5.443,,,0,0,0,-8,-3,44,48,46,-1,46,0,0,0,0,defence 40
shield,Rune sq shield,no,38400,23040,3.628,,,0,0,0,-6,0,38,40,36,0,38,0,0,0,0,defence 40
shield,Runefest shield,no,1,0,0.453,,,0,0,0,0,0,0,0,0,0,0,0,0,0,0,
shield,Saradomin d'hide shield,yes,28334,17000,8.0,,,-15,-15,-11,-10,7,21,18,16,15,14,0,0,0,1,"defence 40, ranged 70"
shield,Saradomin kiteshield,no,54400,32640,5.443,,,0,0,0,-8,-3,44,48,46,-1,46,0,0,0,1,defence 40
shield,Snakeskin shield,yes,920,552,8.0,,,-15,-15,-11,-10,3,10,9,8,7,10,0,0,0,0,"ranged 30, defence 30"
shield,Spectral spirit shield,yes,2000000,1200000,2.0,,,0,0,0,0,0,53,55,73,30,52,0,0,0,3,"defence 75, prayer 70, magic 65"
shield,Spirit shield,yes,70000,42000,2.0,,,0,0,0,0,0,39,41,50,1,45,0,0,0,1,"defence 45, prayer 55"
shield,Steel defender,yes,1,0,0.453,,,7,6,5,-3,-2,7,6,5,-3,-2,1,0,0,0,"attack 5, defence 5"
shield,Steel defender (l),yes,1,0,0.453,,,7,6,5,-3,-2,7,6,5,-3,-2,1,0,0,0,"attack 5, defence 5"
shield,Steel kiteshield,no,850,510,5.443,,,0,0,0,-8,-3,13,15,14,-1,14,0,0,0,0,defence 5
shield,Steel kiteshield (g),no,850,510,5.443,,,0,0,0,-8,-3,13,15,14,-1,14,0,0,0,0,defence 5
shield,Steel kiteshield (t),no,850,510,5.443,,,0,0,0,-8,-3,13,15,14,-1,14,0,0,0,0,defence 5
shield,Steel sq shield,no,600,360,3.628,,,0,0,0,-6,0,12,13,11,0,12,0,0,0,0,defence 5
shield,Toktz-ket-xil,yes,45000,27000,3.628,,,0,0,0,-12,-8,40,42,38,0,65,5,0,0,0,defence 60
shield,Tome of fire,yes,20000,12000,1.0,,,0,0,0,8,0,0,0,0,8,0,0,0,0,0,magic 50
shield,Tome of fire (empty),yes,20000,12000,1.0,,,0,0,0,8,0,0,0,0,8,0,0,0,0,0,magic 50
shield,Tome of water,yes,19500,11700,1.0,,,0,0,0,8,0,0,0,0,8,0,0,0,0,0,
shield,Tome of water (empty),yes,19500,11700,1.0,,,0,0,0,8,0,0,0,0,8,0,0,0,0,0,
shield,Trailblazer bronze trophy,yes,1,0,1.0,,,0,0,0,0,0,0,0,0,0,0,0,0,0,0,
shield,Trailblazer iron trophy,yes,1,0,1.0,,,0,0,0,0,0,0,0,0,0,0,0,0,0,0,
shield,Trailblazer mithril trophy,yes,1,0,1.0,,,0,0,0,0,0,0,0,0,0,0,0,0,0,0,
shield,Trailblazer steel trophy,yes,1,0,1.0,,,0,0,0,0,0,0,0,0,0,0,0,0,0,0,
shield,Training shield,no,1,0,5.443,,,0,0,0,0,0,4,5,3,1,4,0,0,0,0,
shield,Twisted bronze trophy,yes,1,0,1.0,,,0,0,0,0,0,0,0,0,0,0,0,0,0,0,
shield,Twisted buckler,yes,90000,54000,5.443,,,-7,-8,-7,-10,18,22,24,22,26,58,0,10,0,0,"defence 75, ranged 75"
shield,Twisted iron trophy,yes,1,0,1.0,,,0,0,0,0,0,0,0,0,0,0,0,0,0,0,
shield,Twisted mithril trophy,yes,1,0,1.0,,,0,0,0,0,0,0,0,0,0,0,0,0,0,0,
shield,Twisted steel trophy,yes,1,0,1.0,,,0,0,0,0,0,0,0,0,0,0,0,0,0,0,
shield,Unholy book,yes,200,120,1.0,,,8,8,8,8,8,0,0,0,0,0,0,0,0,5,
shield,Unlit bug lantern,yes,130,78,2.267,,,0,0,0,0,0,0,0,0,0,0,0,0,0,0,slayer 33
shield,V's shield,yes,50000,30000,2.267,,,0,0,0,-8,-2,27,31,29,-1,29,0,0,0,0,defence 40
shield,White kiteshield,yes,1632,979,5.443,,,0,0,0,-8,-3,17,19,18,-1,18,0,0,0,1,defence 10
shield,White sq shield,yes,1152,691,3.628,,,0,0,0,-6,0,15,16,14,0,15,0,0,0,1,defence 10
shield,Willow shield,yes,160,96,3.175,,,0,0,0,0,0,6,7,5,2,6,0,0,0,0,defence 30
shield,Wooden shield,no,20,12,2.267,,,0,0,0,0,0,4,5,3,1,4,0,0,0,0,
shield,Wooden shield (g),no,20,12,2.267,,,0,0,0,0,0,4,5,3,1,4,0,0,0,0,
shield,Yew shield,yes,640,384,3.175,,,0,0,0,0,0,8,9,7,3,8,0,0,0,0,defence 40
shield,Zamorak d'hide shield,yes,28334,17000,8.0,,,-15,-15,-11,-10,7,21,18,16,15,14,0,0,0,1,"defence 40, ranged 70"
shield,Zamorak kiteshield,no,54400,32640,5.443,,,0,0,0,-8,-3,44,48,46,-1,46,0,0,0,1,defence 40
body,20th anniversary top,no,0,0,0.907,,,0,0,0,0,0,0,0,0,0,0,0,0,0,0,
body,3rd age druidic robe top,yes,200000,120000,1.5,,,0,0,0,0,0,0,0,0,0,0,0,0,0,8,"prayer 65, defence 65"
body,3rd age platebody,yes,200000,120000,9.979,,,0,0,0,-20,0,96,108,113,-4,97,0,0,0,0,defence 65
body,3rd age range top,yes,50800,30480,4.0,,,0,0,0,-15,30,55,47,60,60,55,0,0,0,0,"ranged 65, defence 45"
body,3rd age robe top,yes,50800,30480,2.7,,,0,0,0,24,0,0,0,0,24,0,0,0,0,0,"magic 65, defence 30"
body,Adamant chainbody,no,4800,2880,7.711,,,0,0,0,-15,0,36,50,61,-3,38,0,0,0,0,defence 30
body,Adamant platebody,no,16640,9984,11.339,,,0,0,0,-30,-15,65,63,55,-6,63,0,0,0,0,defence 30
body,Adamant platebody (g),no,16640,9984,11.339,,,0,0,0,-30,-15,65,63,55,-6,63,0,0,0,0,defence 30
body,Adamant platebody (h1),no,16640,9984,11.339,,,0,0,0,-30,-15,65,63,55,-6,63,0,0,0,0,defence 30
body,Adamant platebody (h2),no,16640,9984,11.339,,,0,0,0,-30,-15,65,63,55,-6,63,0,0,0,0,defence 30
body,Adamant platebody (h3),no,16640,9984,11.339,,,0,0,0,-30,-15,65,63,55,-6,63,0,0,0,0,defence 30
body,Adamant platebody (h4),no,16640,9984,11.339,,,0,0,0,-30,-15,65,63,55,-6,63,0,0,0,0,defence 30
body,Adamant platebody (h5),no,16640,9984,11.339,,,0,0,0,-30,-15,65,63,55,-6,63,0,0,0,0,defence 30
body,Adamant platebody (t),no,16640,9984,11.339,,,0,0,0,-30,-15,65,63,55,-6,63,0,0,0,0,defence 30
body,Ahrim's robetop,yes,50000,30000,4.535,,,0,0,0,30,-10,52,37,63,30,0,0,0,0,0,"magic 70, defence 70"
body,Ahrim's robetop 100,yes,50000,30000,4.535,,,0,0,0,30,-10,52,37,63,30,0,0,0,0,0,"magic 70, defence 70"
body,Ahrim's robetop 25,yes,50000,30000,4.535,,,0,0,0,30,-10,52,37,63,30,0,0,0,0,0,"magic 70, defence 70"
body,Ahrim's robetop 50,yes,50000,30000,4.535,,,0,0,0,30,-10,52,37,63,30,0,0,0,0,0,"magic 70, defence 70"
body,Ahrim's robetop 75,yes,50000,30000,4.535,,,0,0,0,30,-10,52,37,63,30,0,0,0,0,0,"magic 70, defence 70"
body,Ancestral robe top,yes,120000,72000,2.721,,,0,0,0,35,-8,42,31,51,28,0,0,0,2,0,"defence 65, magic 75"
body,Ancient d'hide body,yes,13000,7800,6.0,,,0,0,0,-15,30,55,47,60,50,55,0,0,0,1,"ranged 70, defence 40"
body,Ancient platebody,no,65000,39000,9.979,,,0,0,0,-30,-15,82,80,72,-6,80,0,0,0,1,defence 40
body,Ancient robe top,yes,7000,4200,0.005,,,0,0,0,4,0,0,0,0,4,0,0,0,0,6,prayer 20
body,Angler top,yes,100,60,1.0,,,0,0,0,0,0,0,0,0,0,0,0,0,0,0,
body,Ankou top,yes,1,0,0.5,,,0,0,0,0,0,0,0,0,0,0,0,0,0,0,
body,Antisanta jacket,no,0,0,0.3,,,0,0,0,0,0,0,0,0,0,0,0,0,0,0,
body,Ardougne knight platebody,yes,2000,1200,9.979,,,0,0,0,-30,-15,21,20,12,-6,20,0,0,0,0,
body,Armadyl chestplate,yes,290000,174000,4.0,,,-7,-7,-7,-15,33,56,48,61,70,57,0,0,0,1,"defence 70, ranged 70"
body,Armadyl d'hide body,yes,13000,7800,6.0,,,0,0,0,-15,30,55,47,60,50,55,0,0,0,1,"ranged 70, defence 40"
body,Armadyl platebody,no,65000,39000,9.979,,,0,0,0,-30,-15,82,80,72,-6,80,0,0,0,1,defence 40
body,Armadyl robe top,yes,7000,4200,1.8,,,0,0,0,4,0,0,0,0,4,0,0,0,0,6,prayer 20
body,Bandos chestplate,yes,290010,174006,12.0,,,0,0,0,-15,-10,98,93,105,-6,133,4,0,0,1,defence 65
body,Bandos d'hide body,yes,13000,7800,6.0,,,0,0,0,-15,30,55,47,60,50,55,0,0,0,1,"ranged 70, defence 40"
body,Bandos platebody,no,65000,39000,9.979,,,0,0,0,-30,-15,82,80,72,-6,80,0,0,0,1,defence 40
body,Bandos robe top,yes,7000,4200,1.8,,,0,0,0,4,0,0,0,0,4,0,0,0,0,6,prayer 20
body,Banshee top,no,1,0,0.9,,,0,0,0,0,0,0,0,0,0,0,0,0,0,0,
body,Beekeeper's top,no,1,0,0.001,,,0,0,0,0,0,0,0,0,0,0,0,0,0,0,
body,Black chainbody,no,1440,864,6.803,,,0,0,0,-15,0,22,32,39,-3,24,0,0,0,0,defence 10
body,Black d'hide body,yes,13480,8088,6.803,,,0,0,0,-15,30,30,38,45,45,50,0,0,0,0,"ranged 70, defence 40"
body,Black d'hide body (g),yes,13480,8088,6.803,,,0,0,0,-15,30,55,47,60,50,55,0,0,0,0,"ranged 70, defence 40"
body,Black d'hide body (t),yes,13480,8088,6.803,,,0,0,0,-15,30,55,47,60,50,55,0,0,0,0,"ranged 70, defence 40"
body,Black desert shirt,yes,40,24,0.907,,,0,0,0,0,0,0,0,0,0,0,0,0,0,0,
body,Black elegant shirt,yes,2000,1200,1.0,,,0,0,0,0,0,0,0,0,0,0,0,0,0,0,
body,Black naval shirt,yes,100,60,0.003,,,0,0,0,0,0,0,0,0,0,0,0,0,0,0,
body,Black platebody,no,3840,2304,9.979,,,0,0,0,-30,-15,41,40,30,-6,40,0,0,0,0,defence 10
body,Black platebody (g),no,3840,2304,9.979,,,0,0,0,-30,-15,41,40,30,-6,40,0,0,0,0,defence 10
body,Black platebody (h1),no,3840,2304,9.979,,,0,0,0,-30,-15,41,40,30,-6,40,0,0,0,0,defence 10
body,Black platebody (h2),no,3840,2304,9.979,,,0,0,0,-30,-15,41,40,30,-6,40,0,0,0,0,defence 10
body,Black platebody (h3),no,3840,2304,9.979,,,0,0,0,-30,-15,41,40,30,-6,40,0,0,0,0,defence 10
body,Black platebody (h4),no,3840,2304,9.979,,,0,0,0,-30,-15,41,40,30,-6,40,0,0,0,0,defence 10
body,Black platebody (h5),no,3840,2304,9.979,,,0,0,0,-30,-15,41,40,30,-6,40,0,0,0,0,defence 10
body,Black platebody (t),no,3840,2304,9.979,,,0,0,0,-30,-15,41,40,30,-6,40,0,0,0,0,defence 10
body,Black robe,no,13,7,0.907,,,0,0,0,3,0,0,0,0,3,0,0,0,0,0,
body,Black wizard robe (g),no,15,9,0.907,,,0,0,0,3,0,0,0,0,3,0,0,0,0,0,
body,Black wizard robe (t),no,15,9,0.907,,,0,0,0,3,0,0,0,0,3,0,0,0,0,0,
body,Bloodbark body,yes,120000,72000,4.535,,,0,0,0,18,0,53,39,64,24,0,0,0,0,0,"magic 60, defence 60"
body,Blue d'hide body,yes,9360,5616,6.803,,,0,0,0,-15,20,23,30,30,26,40,0,0,0,0,"ranged 50, defence 40"
body,Blue d'hide body (g),yes,9360,5616,6.803,,,0,0,0,-15,20,23,30,30,26,40,0,0,0,0,"ranged 50, defence 40"
body,Blue d'hide body (t),yes,9360,5616,6.803,,,0,0,0,-15,20,23,30,30,26,40,0,0,0,0,"ranged 50, defence 40"
body,Blue elegant blouse,yes,2000,1200,1.0,,,0,0,0,0,0,0,0,0,0,0,0,0,0,0,
body,Blue elegant shirt,yes,2000,1200,1.0,,,0,0,0,0,0,0,0,0,0,0,0,0,0,0,
body,Blue naval shirt,yes,100,60,0.003,,,0,0,0,0,0,0,0,0,0,0,0,0,0,0,
body,Blue robe top,yes,180,108,0.907,,,0,0,0,0,0,0,2,2,0,0,0,0,0,0,
body,Blue wizard robe,no,15,9,0.907,,,0,0,0,3,0,0,0,0,3,0,0,0,0,0,
body,Blue wizard robe (g),no,15,9,0.907,,,0,0,0,3,0,0,0,0,3,0,0,0,0,0,
body,Blue wizard robe (t),no,15,9,0.907,,,0,0,0,3,0,0,0,0,3,0,0,0,0,0,
body,Bob's black shirt,yes,3,1,1.0,,,0,0,0,0,0,0,0,0,0,0,0,0,0,0,
body,Bob's blue shirt,yes,3,1,1.0,,,0,0,0,0,0,0,0,0,0,0,0,0,0,0,
body,Bob's green shirt,yes,3,1,1.0,,,0,0,0,0,0,0,0,0,0,0,0,0,0,0,
body,Bob's purple shirt,yes,3,1,1.0,,,0,0,0,0,0,0,0,0,0,0,0,0,0,0,
body,Bob's red shirt,yes,3,1,1.0,,,0,0,0,0,0,0,0,0,0,0,0,0,0,0,
body,Bomber jacket,yes,1,0,0.001,,,0,0,0,0,0,0,0,0,0,0,0,0,0,0,
body,Bronze chainbody,no,60,36,6.803,,,0,0,0,-15,0,7,11,13,-3,9,0,0,0,0,defence 1
body,Bronze platebody,no,160,96,9.979,,,0,0,0,-30,-15,15,14,9,-6,14,0,0,0,0,defence 1
body,Bronze platebody (g),no,160,96,9.979,,,0,0,0,-30,-15,15,14,9,-6,14,0,0,0,0,defence 1
body,Bronze platebody (t),no,160,96,9.979,,,0,0,0,-30,-15,15,14,9,-6,14,0,0,0,0,defence 1
body,Brown apron,no,2,1,0.453,,,0,0,0,0,0,0,0,0,0,0,0,0,0,0,
body,Brown naval shirt,yes,100,60,0.003,,,0,0,0,0,0,0,0,0,0,0,0,0,0,0,
body,Builder's shirt,yes,100,60,0.9,,,0,0,0,0,0,0,0,0,0,0,0,0,0,0,
body,Bunny top,no,50,0,0.907,,,0,0,0,0,0,0,0,0,0,0,0,0,0,0,
body,Camo top,no,1,0,2.721,,,0,0,0,0,0,0,0,0,0,0,0,0,0,0,
body,Carnillean armour,yes,65,39,9.071,,,0,0,0,0,0,20,14,8,0,0,0,0,0,0,defence 1
body,Carpenter's shirt,yes,380,0,0.62,,,0,0,0,0,0,0,0,0,0,0,0,0,0,0,
body,Chicken wings,no,1,0,0.25,,,0,0,0,0,0,0,0,0,0,0,0,0,0,0,
body,Citizen top,yes,5,3,0.907,,,0,0,0,0,0,0,2,2,0,0,0,0,0,0,
body,Clown gown,no,1,0,0.9,,,0,0,0,0,0,0,0,0,0,0,0,0,0,0,
body,Clue hunter garb,yes,1,0,2.0,,,0,0,0,-2,2,8,9,10,4,9,0,0,0,0,
body,Corrupted body (attuned),yes,1,0,9.979,,,12,12,4,12,12,102,102,102,102,102,0,0,0,4,
body,Corrupted body (basic),yes,1,0,9.979,,,8,8,3,8,8,86,86,86,86,86,0,0,0,3,
body,Corrupted body (perfected),yes,1,0,9.979,,,15,16,5,16,16,124,124,124,124,124,0,0,0,5,
body,Corrupted platebody,yes,1,0,9.979,,,0,0,0,-30,-15,21,20,12,-6,20,0,0,0,0,
body,Cow top,no,1,0,3.0,,,0,0,0,0,0,0,0,0,0,0,0,0,0,0,
body,Cream robe top,yes,180,108,0.907,,,0,0,0,0,0,0,2,2,0,0,0,0,0,0,
body,Crier coat,yes,5000,3000,0.001,,,0,0,0,0,0,0,0,0,0,0,0,0,0,0,
body,Crystal body,yes,1500000,900000,2.0,,,0,0,0,-18,31,46,38,48,44,68,0,0,0,3,defence 70
body,Crystal body (attuned),yes,1,0,9.979,,,12,12,4,12,12,102,102,102,102,102,0,0,0,4,
body,Crystal body (basic),yes,1,0,9.979,,,8,8,3,8,8,86,86,86,86,86,0,0,0,3,
body,Crystal body (inactive),yes,1500000,900000,2.0,,,0,0,0,0,0,0,0,0,0,0,0,0,0,0,defence 70
body,Crystal body (perfected),yes,1,0,9.979,,,15,16,5,16,16,124,124,124,124,124,0,0,0,5,
body,Dagon'hai robe top,yes,140000,84000,2.267,,,0,0,0,25,0,0,0,0,21,0,0,0,0,2,"magic 70, defence 40"
body,Dark infinity top,yes,140000,84000,2.267,,,0,0,0,22,0,0,0,0,22,0,0,0,0,0,"magic 50, defence 25"
body,Dark tuxedo jacket,yes,10000,6000,2.0,,,0,0,0,0,0,0,0,0,0,0,0,0,0,0,
body,Deadman's chest,no,1,0,9.979,,,0,0,0,-30,-10,21,20,12,-6,20,0,0,0,0,
body,Decorative armour,no,2000,1200,8.618,,,0,0,0,-30,-15,32,31,24,-6,31,0,0,0,0,defence 5
body,Decorative armour (l),no,12800,7680,8.618,,,0,0,0,-30,-15,65,63,55,-6,63,0,0,0,0,defence 30
body,Desert camo top,yes,20,12,0.226,,,0,0,0,0,0,10,15,19,0,12,0,0,0,0,
body,Desert shirt,yes,40,24,0.907,,,0,0,0,0,0,0,0,0,0,0,0,0,0,0,
body,Desert top,yes,15,9,0.005,,,0,0,0,0,0,0,0,0,0,0,0,0,0,0,
body,Dharok's platebody,yes,280000,168000,9.979,,,0,0,0,-30,-10,122,120,107,-6,132,0,0,0,0,defence 70
body,Dharok's platebody 100,yes,280000,168000,9.979,,,0,0,0,-30,-10,122,120,107,-6,132,0,0,0,0,defence 70
body,Dharok's platebody 25,yes,280000,168000,9.979,,,0,0,0,-30,-10,122,120,107,-6,132,0,0,0,0,defence 70
body,Dharok's platebody 50,yes,280000,168000,9.979,,,0,0,0,-30,-10,122,120,107,-6,132,0,0,0,0,defence 70
body,Dharok's platebody 75,yes,280000,168000,9.979,,,0,0,0,-30,-10,122,120,107,-6,132,0,0,0,0,defence 70
body,Dragon chainbody,yes,250000,150000,6.803,,,0,0,0,-15,0,81,93,98,-3,82,0,0,0,0,defence 60
body,Dragon chainbody (g),yes,250000,150000,6.803,,,0,0,0,-15,0,81,93,98,-3,82,0,0,0,0,defence 60
body,Dragon platebody,yes,2000000,1200000,11.339,,,0,0,0,-30,-15,109,107,97,-6,106,0,0,0,0,defence 60
body,Dragon platebody (g),yes,2000000,1200000,11.339,,,0,0,0,-30,-15,109,107,97,-6,106,0,0,0,0,defence 60
body,Dragonstone platebody,no,65000,39000,9.979,,,0,0,0,-30,-15,82,80,72,-6,80,0,0,0,0,defence 40
body,Druid's robe top,yes,40,24,0.907,,,0,0,0,0,0,0,0,0,0,0,0,0,0,4,
body,Eggshell platebody,no,1,0,2.267,,,0,0,0,0,0,0,0,0,0,0,0,0,0,0,
body,Elder chaos top,yes,800,480,0.2,,,0,0,0,10,0,0,0,0,8,0,0,0,0,0,magic 40
body,Elite void top,yes,48500,29100,6.803,,,0,0,0,0,0,45,45,45,45,45,0,0,0,3,"attack 42, strength 42, hitpoints 42, ranged 42, magic 42, defence 42, prayer 22"
body,Elite void top (l),yes,48500,29100,6.803,,,0,0,0,0,0,45,45,45,45,45,0,0,0,3,"attack 42, strength 42, hitpoints 42, ranged 42, magic 42, defence 42, prayer 22"
body,Elven top,no,5000,3000,0.907,,,0,0,0,0,0,0,0,0,0,0,0,0,0,0,
body,Enchanted top,yes,120000,72000,2.721,,,0,0,0,20,0,0,0,0,20,0,0,0,0,0,"defence 20, magic 40"
body,Evil chicken wings,yes,1,0,0.25,,,0,0,0,0,0,0,0,0,0,0,0,0,0,0,
body,Farmer's jacket,yes,60,36,0.907,,,0,0,0,0,0,0,0,0,0,0,0,0,0,0,
body,Farmer's shirt,yes,60,36,0.907,,,0,0,0,0,0,0,0,0,0,0,0,0,0,0,
body,Fighter torso,yes,65006,39003,4.0,,,0,0,0,-40,0,62,85,62,-10,67,4,0,0,0,defence 40
body,Fighter torso (l),yes,65006,39003,4.0,,,0,0,0,-40,0,62,85,62,-10,67,4,0,0,0,defence 40
body,Fremennik beige shirt,yes,250,150,0.907,,,0,0,0,0,0,0,2,2,0,0,0,0,0,0,
body,Fremennik blue shirt,yes,250,150,0.907,,,0,0,0,0,0,0,2,2,0,0,0,0,0,0,
body,Fremennik brown shirt,yes,250,150,0.907,,,0,0,0,0,0,0,2,2,0,0,0,0,0,0,
body,Fremennik grey shirt,yes,250,150,0.907,,,0,0,0,0,0,0,2,2,0,0,0,0,0,0,
body,Fremennik red shirt,yes,250,150,0.907,,,0,0,0,0,0,0,2,2,0,0,0,0,0,0,
body,Fremennik robe,yes,500,300,0.907,,,0,0,0,0,0,0,2,2,0,0,0,0,0,0,
body,Frog-leather body,yes,1000,600,5.0,,,0,0,0,-5,10,23,26,30,15,32,0,0,0,0,"defence 25, ranged 25"
body,Ghostly robe,yes,30,18,0.001,,,0,0,0,5,0,0,0,0,5,0,0,0,0,0,
body,Gilded chainbody,no,50000,30000,6.803,,,0,0,0,-15,0,63,72,78,-3,65,0,0,0,0,defence 40
body,Gilded d'hide body,no,50000,30000,6.0,,,0,0,0,-15,15,40,32,45,20,40,0,0,0,0,"ranged 40, defence 40"
body,Gilded platebody,no,65000,39000,9.979,,,0,0,0,-30,-15,82,80,72,-6,80,0,0,0,0,defence 40
body,Gold elegant blouse,yes,2000,1200,0.1,,,0,0,0,0,0,0,0,0,0,0,0,0,0,0,
body,Gold elegant shirt,yes,2000,1200,0.1,,,0,0,0,0,0,0,0,0,0,0,0,0,0,0,
body,Golden apron,no,2,1,0.453,,,0,0,0,0,0,0,0,0,0,0,0,0,0,0,
body,Golden prospector jacket,yes,3000,1800,1.36,,,0,0,0,0,0,0,0,0,0,0,0,0,0,0,
body,Graahk top,yes,150,90,0.226,,,0,0,0,0,0,10,15,19,0,12,0,0,0,0,hunter 38
body,Graceful top,yes,55,33,0.9,,,0,0,0,0,0,0,0,0,0,0,0,0,0,0,
body,Granite body,yes,80000,48000,22.679,,,0,0,0,-22,-5,87,84,79,-6,97,0,0,0,0,"strength 50, defence 50"
body,Gravedigger top,no,1,0,0.9,,,0,0,0,0,0,0,0,0,0,0,0,0,0,0,
body,Green d'hide body,no,7800,4680,6.803,,,0,0,0,-15,15,18,27,24,20,35,0,0,0,0,"ranged 40, defence 40"
body,Green d'hide body (g),no,7800,4680,6.803,,,0,0,0,-15,15,18,27,24,20,35,0,0,0,0,"ranged 40, defence 40"
body,Green d'hide body (t),no,7800,4680,6.803,,,0,0,0,-15,15,18,27,24,20,35,0,0,0,0,"ranged 40, defence 40"
body,Green elegant blouse,yes,2000,1200,1.0,,,0,0,0,0,0,0,0,0,0,0,0,0,0,0,
body,Green elegant shirt,yes,2000,1200,1.0,,,0,0,0,0,0,0,0,0,0,0,0,0,0,0,
body,Green naval shirt,yes,100,60,0.003,,,0,0,0,0,0,0,0,0,0,0,0,0,0,0,
body,Green robe top,yes,180,108,0.907,,,0,0,0,0,0,0,2,2,0,0,0,0,0,0,
body,Grey naval shirt,yes,100,60,0.003,,,0,0,0,0,0,0,0,0,0,0,0,0,0,0,
body,Grey robe top,yes,500,300,0.907,,,0,0,0,0,0,0,2,2,0,0,0,0,0,0,
body,Guthan's platebody,yes,280000,168000,9.979,,,0,0,0,-30,-10,122,120,107,-6,132,0,0,0,0,defence 70
body,Guthan's platebody 100,yes,280000,168000,9.979,,,0,0,0,-30,-10,122,120,107,-6,132,0,0,0,0,defence 70
body,Guthan's platebody 25,yes,280000,168000,9.979,,,0,0,0,-30,-10,122,120,107,-6,132,0,0,0,0,defence 70
body,Guthan's platebody 50,yes,280000,168000,9.979,,,0,0,0,-30,-10,122,120,107,-6,132,0,0,0,0,defence 70
body,Guthan's platebody 75,yes,280000,168000,9.979,,,0,0,0,-30,-10,122,120,107,-6,132,0,0,0,0,defence 70
body,Guthix d'hide body,yes,13000,7800,6.0,,,0,0,0,-15,30,55,47,60,50,55,0,0,0,1,"ranged 70, defence 40"
body,Guthix platebody,no,65000,39000,9.979,,,0,0,0,-30,-15,82,80,72,-6,80,0,0,0,1,defence 40
body,Guthix robe top,yes,7000,4200,1.8,,,0,0,0,4,0,0,0,0,4,0,0,0,0,6,prayer 20
body,Ham shirt,yes,75,45,0.907,,,0,0,0,0,0,0,2,2,0,0,0,0,0,0,
body,Hardcore ironman platebody,no,0,0,4.535,,,0,0,0,-30,-15,21,20,12,-6,20,0,0,0,0,
body,Hardleather body,no,170,102,3.628,,,0,0,0,-4,8,12,15,18,6,15,0,0,0,0,"ranged 1, defence 10"
body,Infinity top,yes,140000,84000,2.267,,,0,0,0,22,0,0,0,0,22,0,0,0,0,0,"magic 50, defence 25"
body,Initiate hauberk,yes,10000,6000,8.618,,,0,0,0,-30,-15,46,44,38,-6,44,0,0,0,6,"defence 20, prayer 10"
body,Inquisitor's hauberk,yes,1000000,600000,9.979,,,-3,-3,12,-11,-10,67,55,71,0,35,4,0,0,2,"strength 70, defence 30"
body,Iron chainbody,no,210,126,6.803,,,0,0,0,-15,0,10,15,19,-3,12,0,0,0,0,defence 1
body,Iron platebody,no,560,336,9.979,,,0,0,0,-30,-15,21,20,12,-6,20,0,0,0,0,defence 1
body,Iron platebody (g),no,560,336,9.979,,,0,0,0,-30,-15,21,20,12,-6,20,0,0,0,0,defence 1
body,Iron platebody (t),no,560,336,9.979,,,0,0,0,-30,-15,21,20,12,-6,20,0,0,0,0,defence 1
body,Ironman platebody,no,0,0,4.535,,,0,0,0,-30,-15,21,20,12,-6,20,0,0,0,0,
body,Jungle camo top,yes,20,12,0.226,,,0,0,0,0,0,10,15,19,0,12,0,0,0,0,
body,Justiciar chestguard,yes,6000000,3600000,9.979,,,0,0,0,-40,-20,132,130,117,-16,142,0,0,0,4,defence 75
body,Karil's leathertop,yes,50000,30000,6.803,,,0,0,0,-15,30,47,42,50,65,57,0,0,0,0,"ranged 70, defence 70"
body,Karil's leathertop 100,yes,50000,30000,6.803,,,0,0,0,-15,30,47,42,50,65,57,0,0,0,0,"ranged 70, defence 70"
body,Karil's leathertop 25,yes,50000,30000,6.803,,,0,0,0,-15,30,47,42,50,65,57,0,0,0,0,"ranged 70, defence 70"
body,Karil's leathertop 50,yes,50000,30000,6.803,,,0,0,0,-15,30,47,42,50,65,57,0,0,0,0,"ranged 70, defence 70"
body,Karil's leathertop 75,yes,50000,30000,6.803,,,0,0,0,-15,30,47,42,50,65,57,0,0,0,0,"ranged 70, defence 70"
body,Khazard armour,yes,12,7,0.566,,,0,0,0,0,0,9,11,10,0,0,0,0,0,0,
body,Kyatt top,yes,200,120,0.226,,,0,0,0,0,0,10,15,19,0,12,0,0,0,0,hunter 52
body,Larupia top,yes,100,60,0.226,,,0,0,0,0,0,10,15,19,0,12,0,0,0,0,hunter 28
body,Leather body,no,21,12,2.721,,,0,0,0,-2,2,8,9,10,4,9,0,0,0,0,"ranged 1, defence 1"
body,Leather body (g),no,850,510,5.443,,,0,0,0,-2,2,8,9,10,4,9,0,0,0,0,ranged 1
body,Lederhosen top,no,1,0,2.267,,,0,0,0,0,0,0,0,0,0,0,0,0,0,0,
body,Light infinity top,yes,140000,84000,2.267,,,0,0,0,22,0,0,0,0,22,0,0,0,0,0,"magic 50, defence 25"
body,Light tuxedo jacket,yes,10000,6000,2.0,,,0,0,0,0,0,0,0,0,0,0,0,0,0,0,
body,Lumberjack top,yes,50,30,1.36,,,0,0,0,0,0,0,0,0,0,0,0,0,0,0,
body,Lunar torso,yes,100,60,4.535,,,0,0,0,10,-10,34,22,40,12,0,0,0,0,0,"magic 65, defence 40"
body,Masori chestplate,yes,1000000,600000,4.0,,,0,0,0,-4,30,12,8,15,6,12,0,0,0,0,
body,Medical gown,yes,40,24,1.814,,,0,0,0,0,0,0,0,0,0,0,0,0,0,0,
body,Menaphite purple top,yes,20,12,0.005,,,0,0,0,0,0,0,0,0,0,0,0,0,0,0,
body,Menaphite red top,yes,20,12,0.005,,,0,0,0,0,0,0,0,0,0,0,0,0,0,0,
body,Mime top,no,1,0,0.001,,,0,0,0,0,0,0,0,0,0,0,0,0,0,0,
body,Mithril chainbody,no,1950,1170,5.896,,,0,0,0,-15,0,25,35,42,-3,27,0,0,0,0,defence 20
body,Mithril platebody,no,5200,3120,8.618,,,0,0,0,-30,-15,46,44,38,-6,44,0,0,0,0,defence 20
body,Mithril platebody (g),no,5200,3120,9.979,,,0,0,0,-30,-15,46,44,38,-6,44,0,0,0,0,defence 20
body,Mithril platebody (t),no,5200,3120,8.618,,,0,0,0,-30,-15,46,44,38,-6,44,0,0,0,0,defence 20
body,Monk's robe top,no,40,24,0.907,,,0,0,0,0,0,0,0,0,0,0,0,0,0,6,
body,Monk's robe top (g),no,50,30,0.907,,,0,0,0,0,0,0,0,0,0,0,0,0,0,6,
body,Monk's robe top (t),no,500,300,0.907,,,0,0,0,0,0,0,0,0,0,0,0,0,0,6,
body,Moonclan armour,yes,1000,600,4.535,,,0,0,0,5,-10,5,5,5,5,-10,0,0,0,0,
body,Morrigan's leather body,yes,500000,300000,6.803,,,0,0,0,-15,36,61,53,66,75,62,0,0,0,0,defence 78
body,Mourner top,yes,150,90,2.721,,,0,0,0,0,0,0,0,0,0,0,0,0,0,0,
body,Mummy's body,yes,1,0,0.5,,,0,0,0,0,0,0,0,0,0,0,0,0,0,0,
body,Musketeer tabard,yes,1880,1128,1.814,,,0,0,0,0,0,0,0,0,0,0,0,0,0,0,
body,Mystic robe top,yes,120000,72000,2.721,,,0,0,0,20,0,0,0,0,20,0,0,0,0,0,"magic 40, defence 20"
body,Mystic robe top (dark),yes,120000,72000,2.721,,,0,0,0,20,0,0,0,0,20,0,0,0,0,0,"magic 40, defence 20"
body,Mystic robe top (dusk),yes,120000,72000,2.721,,,0,0,0,20,0,0,0,0,20,0,0,0,0,0,"magic 40, defence 20"
body,Mystic robe top (light),yes,120000,72000,2.721,,,0,0,0,20,0,0,0,0,20,0,0,0,0,0,"magic 40, defence 20"
body,Obsidian platebody,yes,84000,50400,9.979,,,0,0,0,0,0,55,78,56,-15,60,3,0,0,0,defence 60
body,Ornate top,no,1,0,11.339,,,0,0,0,-15,0,10,15,19,-3,12,0,0,0,0,
body,Pink elegant blouse,yes,2000,1200,0.1,,,0,0,0,0,0,0,0,0,0,0,0,0,0,0,
body,Pink elegant shirt,yes,2000,1200,0.1,,,0,0,0,0,0,0,0,0,0,0,0,0,0,0,
body,Pink robe top,yes,180,108,0.907,,,0,0,0,0,0,0,2,2,0,0,0,0,0,0,
body,Plague jacket,yes,50,30,2.721,,,0,0,0,0,0,0,0,0,0,0,0,0,0,0,
body,Polar camo top,yes,20,12,0.226,,,0,0,0,0,0,10,15,19,0,12,0,0,0,0,
body,Priest gown,no,5,3,1.814,,,0,0,0,0,0,0,0,0,0,0,0,0,0,3,
body,Prince tunic,no,0,0,2.721,,,0,0,0,0,0,0,0,0,0,0,0,0,0,0,
body,Princess blouse,no,0,0,2.721,,,0,0,0,0,0,0,0,0,0,0,0,0,0,0,
body,Proselyte hauberk,yes,12000,7200,8.618,,,0,0,0,-30,-15,65,63,55,-6,63,0,0,0,8,"defence 30, prayer 20"
body,Prospector jacket,yes,60,36,1.36,,,0,0,0,0,0,0,0,0,0,0,0,0,0,0,
body,Purple elegant blouse,yes,2000,1200,1.0,,,0,0,0,0,0,0,0,0,0,0,0,0,0,0,
body,Purple elegant shirt,yes,2000,1200,1.0,,,0,0,0,0,0,0,0,0,0,0,0,0,0,0,
body,Purple naval shirt,yes,100,60,0.003,,,0,0,0,0,0,0,0,0,0,0,0,0,0,0,
body,Purple robe top,yes,500,300,0.907,,,0,0,0,0,0,0,2,2,0,0,0,0,0,0,
body,Pyromancer garb,yes,800,480,0.2,,,0,0,0,0,0,0,0,0,0,0,0,0,0,0,
body,Rangers' tunic,yes,12000,7200,3.0,,,0,0,0,-15,15,6,9,12,6,6,0,0,0,0,ranged 40
body,Red d'hide body,yes,11230,6738,6.803,,,0,0,0,-15,25,26,34,36,36,45,0,0,0,0,"ranged 60, defence 40"
body,Red d'hide body (g),yes,11230,6738,6.803,,,0,0,0,-15,25,26,34,36,36,45,0,0,0,0,"ranged 60, defence 40"
body,Red d'hide body (t),yes,11230,6738,6.803,,,0,0,0,-15,25,26,34,36,36,45,0,0,0,0,"ranged 60, defence 40"
body,Red elegant blouse,yes,2000,1200,1.0,,,0,0,0,0,0,0,0,0,0,0,0,0,0,0,
body,Red elegant shirt,yes,2000,1200,1.0,,,0,0,0,0,0,0,0,0,0,0,0,0,0,0,
body,Red naval shirt,yes,100,60,0.003,,,0,0,0,0,0,0,0,0,0,0,0,0,0,0,
body,Red robe top,yes,500,300,0.907,,,0,0,0,0,0,0,2,2,0,0,0,0,0,0,
body,Robe of elidinis,yes,1,0,0.005,,,0,0,0,0,0,0,0,0,0,0,0,0,0,0,
body,Robe top of darkness,yes,120000,72000,2.721,,,0,0,0,20,0,0,0,0,20,0,0,0,0,0,"magic 40, defence 20"
body,Rock-shell plate,yes,65000,39000,9.979,,,0,0,0,-30,-10,82,80,72,-6,80,0,0,0,0,defence 40
body,Rogue top,yes,625,375,0.453,,,0,0,0,0,0,10,10,10,10,10,0,0,0,0,"thieving 50, agility 50"
body,Royal gown top,yes,5000,3000,1.36,,,0,0,0,0,0,0,0,0,0,0,0,0,0,0,
body,Rune chainbody,no,50000,30000,6.803,,,0,0,0,-15,0,63,72,78,-3,65,0,0,0,0,defence 40
body,Rune platebody,no,65000,39000,9.979,,,0,0,0,-30,-15,82,80,72,-6,80,0,0,0,0,defence 40
body,Rune platebody (g),no,65000,39000,9.979,,,0,0,0,-30,-15,82,80,72,-6,80,0,0,0,0,defence 40
body,Rune platebody (h1),no,65000,39000,9.979,,,0,0,0,-30,-15,82,80,72,-6,80,0,0,0,0,defence 40
body,Rune platebody (h2),no,65000,39000,9.979,,,0,0,0,-30,-15,82,80,72,-6,80,0,0,0,0,defence 40
body,Rune platebody (h3),no,65000,39000,9.979,,,0,0,0,-30,-15,82,80,72,-6,80,0,0,0,0,defence 40
body,Rune platebody (h4),no,65000,39000,9.979,,,0,0,0,-30,-15,82,80,72,-6,80,0,0,0,0,defence 40
body,Rune platebody (h5),no,65000,39000,9.979,,,0,0,0,-30,-15,82,80,72,-6,80,0,0,0,0,defence 40
body,Rune platebody (t),no,65000,39000,9.979,,,0,0,0,-30,-15,82,80,72,-6,80,0,0,0,0,defence 40
body,Samurai shirt,yes,7000,4200,2.0,,,0,0,0,0,0,69,67,59,10,67,0,0,0,0,defence 35
body,Sandwich lady top,no,500,300,0.907,,,0,0,0,0,0,0,0,0,0,0,0,0,0,0,
body,Santa jacket,no,0,0,0.3,,,0,0,0,0,0,0,0,0,0,0,0,0,0,0,
body,Saradomin d'hide body,yes,13000,7800,6.0,,,0,0,0,-15,30,55,47,60,50,55,0,0,0,1,"ranged 70, defence 40"
body,Saradomin platebody,no,65000,39000,9.979,,,0,0,0,-30,-15,82,80,72,-6,80,0,0,0,1,defence 40
body,Saradomin robe top,yes,7000,4200,1.8,,,0,0,0,4,0,0,0,0,4,0,0,0,0,6,prayer 20
body,Shade robe top,no,40,24,0.907,,,0,0,0,0,0,0,0,0,0,0,0,0,0,5,
body,Shayzien body (5),yes,80,48,9.979,,,0,0,0,-10,10,20,24,28,-4,27,0,0,0,0,defence 20
body,Shayzien platebody (1),yes,40,24,9.979,,,0,0,0,-5,0,16,20,22,-2,16,0,0,0,0,defence 20
body,Shayzien platebody (2),yes,50,30,9.979,,,0,0,0,-7,0,20,25,30,-3,20,0,0,0,0,defence 20
body,Shayzien platebody (3),yes,60,36,9.979,,,0,0,0,-8,0,25,32,35,-3,22,0,0,0,0,defence 20
body,Shayzien platebody (4),yes,70,42,9.979,,,0,0,0,-9,0,28,35,37,-4,25,0,0,0,0,defence 20
body,Shirt,yes,450,270,0.07,,,0,0,0,0,0,0,0,0,0,0,0,0,0,0,
body,Silly jester top,yes,100,60,6.803,,,0,0,0,0,0,0,0,0,5,-5,0,0,0,0,
body,Skeletal top,yes,45000,27000,4.989,,,0,0,0,8,-10,35,25,42,15,0,0,0,0,0,"defence 40, magic 40"
body,Skeleton shirt,no,1,0,2.267,,,0,0,0,0,0,0,0,0,0,0,0,0,0,0,
body,Slave shirt,yes,40,24,0.907,,,0,0,0,0,0,0,0,0,0,0,0,0,0,0,
body,Snakeskin body,yes,1250,750,6.803,,,0,0,0,-5,12,25,28,32,15,35,0,0,0,0,"ranged 30, defence 30"
body,Snow imp costume body,no,50,30,0.907,,,0,0,0,0,0,0,0,0,0,0,0,0,0,0,
body,Spined body,yes,7800,4680,6.803,,,0,0,0,-15,15,40,32,45,20,40,0,0,0,0,"defence 40, ranged 40"
body,Spirit angler top,yes,120,72,1.0,,,0,0,0,0,0,0,0,0,0,0,0,0,0,0,
body,Splitbark body,yes,45000,27000,4.535,,,0,0,0,10,-10,36,26,42,15,0,0,0,0,0,"magic 40, defence 40"
body,Spookier robe,no,1,0,0.9,,,0,0,0,0,0,0,0,0,0,0,0,0,0,0,
body,Spooky robe,no,1,0,0.9,,,0,0,0,0,0,0,0,0,0,0,0,0,0,0,
body,Statius's platebody,yes,500000,300000,9.979,,,5,5,7,-30,-10,154,145,121,-6,157,5,0,0,0,defence 78
body,Steel chainbody,no,750,450,6.803,,,0,0,0,-15,0,17,25,30,-3,19,0,0,0,0,defence 5
body,Steel platebody,no,2000,1200,9.979,,,0,0,0,-30,-15,32,31,24,-6,31,0,0,0,0,defence 5
body,Steel platebody (g),no,2000,1200,9.979,,,0,0,0,-30,-15,32,31,24,-6,31,0,0,0,0,defence 5
body,Steel platebody (t),no,2000,1200,9.979,,,0,0,0,-30,-15,32,31,24,-6,31,0,0,0,0,defence 5
body,Stripy pirate shirt,yes,300,180,1.0,,,0,0,0,0,0,0,0,0,0,0,0,0,0,0,
body,Studded body,no,850,510,5.443,,,0,0,0,-4,8,18,25,22,8,25,0,0,0,0,"ranged 20, defence 20"
body,Studded body (g),no,850,510,5.443,,,0,0,0,-4,8,18,25,22,8,25,0,0,0,0,"ranged 20, defence 20"
body,Studded body (t),no,850,510,5.443,,,0,0,0,-4,8,18,25,22,8,25,0,0,0,0,"ranged 20, defence 20"
body,Swampbark body,yes,120000,72000,4.535,,,0,0,0,15,0,38,44,48,21,0,0,0,0,0,"magic 50, defence 50"
body,Teal robe top,yes,500,300,0.907,,,0,0,0,0,0,0,2,2,0,0,0,0,0,0,
body,Torag's platebody,yes,280000,168000,9.979,,,0,0,0,-30,-10,122,120,107,-6,132,0,0,0,0,defence 70
body,Torag's platebody 100,yes,280000,168000,9.979,,,0,0,0,-30,-10,122,120,107,-6,132,0,0,0,0,defence 70
body,Torag's platebody 25,yes,280000,168000,9.979,,,0,0,0,-30,-10,122,120,107,-6,132,0,0,0,0,defence 70
body,Torag's platebody 50,yes,280000,168000,9.979,,,0,0,0,-30,-10,122,120,107,-6,132,0,0,0,0,defence 70
body,Torag's platebody 75,yes,280000,168000,9.979,,,0,0,0,-30,-10,122,120,107,-6,132,0,0,0,0,defence 70
body,Trailblazer top (t1),yes,15000,9000,0.907,,,0,0,0,0,0,0,0,0,0,0,0,0,0,0,
body,Trailblazer top (t2),yes,15000,9000,0.907,,,0,0,0,0,0,0,0,0,0,0,0,0,0,0,
body,Trailblazer top (t3),yes,150000,90000,0.907,,,0,0,0,0,0,0,0,0,0,0,0,0,0,0,
body,Tree top,no,0,0,0.3,,,0,0,0,0,0,0,0,0,0,0,0,0,0,0,
body,Tribal top,yes,300,180,1.0,,,0,0,0,0,0,0,0,0,0,0,0,0,0,0,
body,Turquoise robe top,yes,180,108,0.907,,,0,0,0,0,0,0,2,2,0,0,0,0,0,0,
body,Twisted ancestral robe top,yes,120000,72000,2.721,,,0,0,0,35,-8,42,31,51,28,0,0,0,2,0,"magic 75, defence 65"
body,Twisted coat (t1),yes,1000,600,0.907,,,0,0,0,0,0,0,0,0,0,0,0,0,0,0,
body,Twisted coat (t2),yes,10000,6000,0.907,,,0,0,0,0,0,0,0,0,0,0,0,0,0,0,
body,Twisted coat (t3),yes,100000,60000,0.907,,,0,0,0,0,0,0,0,0,0,0,0,0,0,0,
body,Ultimate ironman platebody,no,0,0,4.535,,,0,0,0,-30,-15,21,20,12,-6,20,0,0,0,0,
body,Varrock armour 1,yes,0,0,1.0,,,0,0,0,-30,-10,32,31,24,-6,31,0,0,0,0,
body,Varrock armour 2,yes,0,0,1.0,,,0,0,0,-30,-10,41,40,30,-6,40,0,0,0,0,
body,Varrock armour 3,yes,0,0,1.0,,,0,0,0,-30,-10,46,44,38,-6,44,0,0,0,0,
body,Varrock armour 4,yes,0,0,1.0,,,0,0,0,-30,-10,65,63,55,-6,63,0,0,0,0,
body,Verac's brassard,yes,280000,168000,4.989,,,0,0,0,-6,-2,81,95,85,0,81,0,0,0,5,defence 70
body,Verac's brassard 100,yes,280000,168000,4.989,,,0,0,0,-6,-2,81,95,85,0,81,0,0,0,5,defence 70
body,Verac's brassard 25,yes,280000,168000,4.989,,,0,0,0,-6,-2,81,95,85,0,81,0,0,0,5,defence 70
body,Verac's brassard 50,yes,280000,168000,4.989,,,0,0,0,-6,-2,81,95,85,0,81,0,0,0,5,defence 70
body,Verac's brassard 75,yes,280000,168000,4.989,,,0,0,0,-6,-2,81,95,85,0,81,0,0,0,5,defence 70
body,Vesta's chainbody,yes,500000,300000,6.803,,,5,7,7,-15,0,120,131,145,-3,140,6,0,0,0,defence 78
body,Void knight top,yes,48000,28800,6.803,,,0,0,0,0,0,45,45,45,45,45,0,0,0,0,"attack 42, strength 42, hitpoints 42, ranged 42, magic 42, defence 42, prayer 22"
body,Void knight top (l),yes,48000,28800,6.803,,,0,0,0,0,0,45,45,45,45,45,0,0,0,0,"attack 42, strength 42, hitpoints 42, ranged 42, magic 42, defence 42, prayer 22"
body,Vyre noble blazer,yes,5000,3000,0.907,,,0,0,0,0,0,0,0,0,0,0,0,0,0,0,
body,Vyre noble corset,yes,5000,3000,0.907,,,0,0,0,0,0,0,0,0,0,0,0,0,0,0,
body,Vyre noble dress top,yes,5000,3000,0.907,,,0,0,0,0,0,0,0,0,0,0,0,0,0,0,
body,Vyre noble top,yes,100,60,0.907,,,0,0,0,0,0,0,0,0,0,0,0,0,0,0,
body,Vyre noble vest,yes,5000,3000,0.907,,,0,0,0,0,0,0,0,0,0,0,0,0,0,0,
body,Vyrewatch top,yes,500,300,0.907,,,0,0,0,0,0,0,2,2,0,0,0,0,0,0,
body,White apron,no,2,1,0.453,,,0,0,0,0,0,0,0,0,0,0,0,0,0,0,
body,White chainbody,yes,1440,864,6.803,,,0,0,0,-15,0,22,32,39,-3,24,0,0,0,1,defence 10
body,White elegant blouse,yes,2000,1200,1.0,,,0,0,0,0,0,0,0,0,0,0,0,0,0,0,
body,White platebody,yes,3840,2304,9.979,,,0,0,0,-30,-15,41,40,30,-6,40,0,0,0,1,defence 10
body,Wood camo top,yes,20,12,0.226,,,0,0,0,0,0,10,15,19,0,12,0,0,0,0,
body,Woven top,yes,500,300,0.07,,,0,0,0,0,0,0,0,0,0,0,0,0,0,0,
body,Xerician top,yes,80,48,0.2,,,0,0,0,6,0,0,0,0,10,0,0,0,0,0,"magic 20, defence 10"
body,Yak-hide armour,yes,500,300,2.721,,,0,0,0,-5,0,25,20,15,-2,25,0,0,0,0,defence 20
body,Yellow robe top,yes,500,300,0.907,,,0,0,0,0,0,0,2,2,0,0,0,0,0,0,
body,Zamorak d'hide body,yes,13000,7800,6.0,,,0,0,0,-15,30,55,47,60,50,55,0,0,0,1,"ranged 70, defence 40"
body,Zamorak monk top,no,40,24,0.907,,,0,0,0,2,0,0,0,0,3,0,0,0,0,3,
body,Zamorak platebody,no,65000,39000,9.979,,,0,0,0,-30,-15,82,80,72,-6,80,0,0,0,1,defence 40
body,Zamorak robe top,yes,7000,4200,1.8,,,0,0,0,4,0,0,0,0,4,0,0,0,0,6,prayer 20
body,Zealot's robe top,yes,25000,15000,0.907,,,0,0,0,0,0,0,0,0,0,0,0,0,0,7,
body,Zombie shirt,no,1,0,0.003,,,0,0,0,0,0,0,0,0,0,0,0,0,0,0,
body,Zuriel's robe top,yes,500000,300000,4.535,,,0,0,0,35,-10,63,45,74,35,0,0,0,0,0,defence 78
legs,20th anniversary bottom,no,0,0,0.907,,,0,0,0,0,0,0,0,0,0,0,0,0,0,0,
legs,3rd age druidic robe bottoms,yes,200000,120000,1.5,,,0,0,0,0,0,0,0,0,0,0,0,0,0,6,"prayer 65, defence 65"
legs,3rd age platelegs,yes,200000,120000,2.721,,,0,0,0,-25,-2,78,76,83,-5,75,0,0,0,0,defence 65
legs,3rd age plateskirt,yes,200000,120000,2.721,,,0,0,0,-25,-2,78,76,83,-5,75,0,0,0,0,defence 65
legs,3rd age range legs,yes,50600,30360,3.0,,,0,0,0,-10,17,31,25,33,30,31,0,0,0,0,"ranged 65, defence 45"
legs,3rd age robe,yes,50600,30360,1.8,,,0,0,0,19,0,0,0,0,19,0,0,0,0,0,"magic 65, defence 30"
legs,Adamant platelegs,no,6400,3840,10.432,,,0,0,0,-21,-11,33,31,29,-4,31,0,0,0,0,defence 30
legs,Adamant platelegs (g),no,6400,3840,10.432,,,0,0,0,-21,-11,33,31,29,-4,31,0,0,0,0,defence 30
legs,Adamant platelegs (t),no,6400,3840,10.432,,,0,0,0,-21,-11,33,31,29,-4,31,0,0,0,0,defence 30
legs,Adamant plateskirt,no,6400,3840,9.071,,,0,0,0,-21,-11,33,31,29,-4,31,0,0,0,0,defence 30
legs,Adamant plateskirt (g),no,6400,3840,10.432,,,0,0,0,-21,-11,33,31,29,-4,31,0,0,0,0,defence 30
legs,Adamant plateskirt (t),no,6400,3840,10.432,,,0,0,0,-21,-11,33,31,29,-4,31,0,0,0,0,defence 30
legs,Ahrim's robeskirt,yes,47000,28200,11.339,,,0,0,0,22,-7,33,30,36,22,0,0,0,0,0,"magic 70, defence 70"
legs,Ahrim's robeskirt 100,yes,47000,28200,11.339,,,0,0,0,22,-7,33,30,36,22,0,0,0,0,0,"magic 70, defence 70"
legs,Ahrim's robeskirt 25,yes,47000,28200,11.339,,,0,0,0,22,-7,33,30,36,22,0,0,0,0,0,"magic 70, defence 70"
legs,Ahrim's robeskirt 50,yes,47000,28200,11.339,,,0,0,0,22,-7,33,30,36,22,0,0,0,0,0,"magic 70, defence 70"
legs,Ahrim's robeskirt 75,yes,47000,28200,11.339,,,0,0,0,22,-7,33,30,36,22,0,0,0,0,0,"magic 70, defence 70"
legs,Ancestral robe bottom,yes,80000,48000,1.814,,,0,0,0,26,-7,27,24,30,20,0,0,0,2,0,"defence 65, magic 75"
legs,Ancient chaps,yes,6000,3600,5.0,,,0,0,0,-10,17,31,25,33,28,31,0,0,0,1,"ranged 70, defence 40"
legs,Ancient platelegs,no,64000,38400,9.071,,,0,0,0,-21,-11,51,49,47,-4,49,0,0,0,1,defence 40
legs,Ancient plateskirt,no,64000,38400,9.071,,,0,0,0,-21,-11,51,49,47,-4,49,0,0,0,1,defence 40
legs,Ancient robe legs,yes,7000,4200,0.005,,,0,0,0,4,0,0,0,0,4,0,0,0,0,5,prayer 20
legs,Angler waders,yes,100,60,1.0,,,0,0,0,0,0,0,0,0,0,0,0,0,0,0,
legs,Ankou's leggings,yes,1,0,0.5,,,0,0,0,0,0,0,0,0,0,0,0,0,0,0,
legs,Anti-panties,no,1,0,0.1,,,0,0,0,0,0,0,0,0,0,0,0,0,0,0,
legs,Antisanta pantaloons,no,0,0,0.25,,,0,0,0,0,0,0,0,0,0,0,0,0,0,0,
legs,Ardougne knight platelegs,yes,1000,600,9.071,,,0,0,0,-21,-11,11,10,10,-4,10,0,0,0,0,
legs,Armadyl chainskirt,yes,289900,173940,1.0,,,-6,-6,-6,-10,20,32,26,34,40,33,0,0,0,1,"defence 70, ranged 70"
legs,Armadyl chaps,yes,6000,3600,5.0,,,0,0,0,-10,17,31,25,33,28,31,0,0,0,1,"ranged 70, defence 40"
legs,Armadyl platelegs,no,64000,38400,9.071,,,0,0,0,-21,-11,51,49,47,-4,49,0,0,0,1,defence 40
legs,Armadyl plateskirt,no,64000,38400,9.071,,,0,0,0,-21,-11,51,49,47,-4,49,0,0,0,1,defence 40
legs,Armadyl robe legs,yes,7000,4200,2.7,,,0,0,0,4,0,0,0,0,4,0,0,0,0,5,prayer 20
legs,Bandos chaps,yes,6000,3600,5.0,,,0,0,0,-10,17,31,25,33,28,31,0,0,0,1,"ranged 70, defence 40"
legs,Bandos platelegs,no,64000,38400,9.071,,,0,0,0,-21,-11,51,49,47,-4,49,0,0,0,1,defence 40
legs,Bandos plateskirt,no,64000,38400,9.071,,,0,0,0,-21,-11,51,49,47,-4,49,0,0,0,1,defence 40
legs,Bandos robe legs,yes,7000,4200,2.7,,,0,0,0,4,0,0,0,0,4,0,0,0,0,5,prayer 20
legs,Bandos tassets,yes,289910,173946,8.0,,,0,0,0,-21,-7,71,63,66,-4,93,2,0,0,1,defence 65
legs,Banshee robe,no,1,0,0.8,,,0,0,0,0,0,0,0,0,0,0,0,0,0,0,
legs,Beekeeper's legs,no,1,0,0.001,,,0,0,0,0,0,0,0,0,0,0,0,0,0,0,
legs,Black d'hide chaps,yes,6220,3732,5.443,,,0,0,0,-10,17,18,20,26,23,26,0,0,0,0,ranged 70
legs,Black d'hide chaps (g),yes,6220,3732,5.443,,,0,0,0,-10,17,18,20,26,23,26,0,0,0,0,ranged 70
legs,Black d'hide chaps (t),yes,6220,3732,5.443,,,0,0,0,-10,17,18,20,26,23,26,0,0,0,0,ranged 70
legs,Black desert robe,yes,30,18,0.907,,,0,0,0,0,0,0,0,0,0,0,0,0,0,0,
legs,Black elegant legs,yes,2000,1200,1.0,,,0,0,0,0,0,0,0,0,0,0,0,0,0,0,
legs,Black navy slacks,yes,100,60,0.003,,,0,0,0,0,0,0,0,0,0,0,0,0,0,0,
legs,Black platelegs,no,1920,1152,9.071,,,0,0,0,-21,-11,21,20,19,-4,20,0,0,0,0,defence 10
legs,Black platelegs (g),no,1920,1152,9.071,,,0,0,0,-21,-11,21,20,19,-4,20,0,0,0,0,defence 10
legs,Black platelegs (t),no,1920,1152,9.071,,,0,0,0,-21,-11,21,20,19,-4,20,0,0,0,0,defence 10
legs,Black plateskirt,no,1920,1152,8.164,,,0,0,0,-21,-11,21,20,19,-4,20,0,0,0,0,defence 10
legs,Black plateskirt (g),no,1920,1152,9.071,,,0,0,0,-21,-11,21,20,19,-4,20,0,0,0,0,defence 10
legs,Black plateskirt (t),no,1920,1152,9.071,,,0,0,0,-21,-11,21,20,19,-4,20,0,0,0,0,defence 10
legs,Black skirt,no,2,1,0.907,,,0,0,0,0,0,0,0,0,0,0,0,0,0,0,
legs,Black skirt (g),no,2,1,0.907,,,0,0,0,0,0,0,0,0,0,0,0,0,0,0,
legs,Black skirt (t),no,2,1,0.907,,,0,0,0,0,0,0,0,0,0,0,0,0,0,0,
legs,Bloodbark legs,yes,80000,48000,3.628,,,0,0,0,13,0,33,31,38,17,0,0,0,0,0,"magic 60, defence 60"
legs,Blue d'hide chaps,yes,4320,2592,5.443,,,0,0,0,-10,11,13,16,20,14,20,0,0,0,0,ranged 50
legs,Blue d'hide chaps (g),yes,4320,2592,5.443,,,0,0,0,-10,11,13,16,20,14,20,0,0,0,0,ranged 50
legs,Blue d'hide chaps (t),yes,4320,2592,5.443,,,0,0,0,-10,11,13,16,20,14,20,0,0,0,0,ranged 50
legs,Blue elegant legs,yes,2000,1200,1.0,,,0,0,0,0,0,0,0,0,0,0,0,0,0,0,
legs,Blue elegant skirt,yes,2000,1200,1.0,,,0,0,0,0,0,0,0,0,0,0,0,0,0,0,
legs,Blue navy slacks,yes,100,60,0.003,,,0,0,0,0,0,0,0,0,0,0,0,0,0,0,
legs,Blue robe bottoms,yes,180,108,0.907,,,0,0,0,0,0,0,2,2,0,0,0,0,0,0,
legs,Blue skirt,no,2,1,0.907,,,0,0,0,0,0,0,0,0,0,0,0,0,0,0,
legs,Blue skirt (g),no,2,1,0.907,,,0,0,0,0,0,0,0,0,0,0,0,0,0,0,
legs,Blue skirt (t),no,2,1,0.907,,,0,0,0,0,0,0,0,0,0,0,0,0,0,0,
legs,Bronze platelegs,no,80,48,9.071,,,0,0,0,-21,-11,8,7,6,-4,7,0,0,0,0,defence 1
legs,Bronze platelegs (g),no,80,48,9.071,,,0,0,0,-21,-11,8,7,6,-4,7,0,0,0,0,defence 1
legs,Bronze platelegs (t),no,80,48,9.071,,,0,0,0,-21,-11,8,7,6,-4,7,0,0,0,0,defence 1
legs,Bronze plateskirt,no,80,48,8.164,,,0,0,0,-21,-11,8,7,6,-4,7,0,0,0,0,defence 1
legs,Bronze plateskirt (g),no,80,48,8.164,,,0,0,0,-21,-11,8,7,6,-4,7,0,0,0,0,defence 1
legs,Bronze plateskirt (t),no,80,48,8.164,,,0,0,0,-21,-11,8,7,6,-4,7,0,0,0,0,defence 1
legs,Brown navy slacks,yes,100,60,0.003,,,0,0,0,0,0,0,0,0,0,0,0,0,0,0,
legs,Builder's trousers,yes,100,60,1.0,,,0,0,0,0,0,0,0,0,0,0,0,0,0,0,
legs,Bunny legs,no,1,0,0.907,,,0,0,0,0,0,0,0,0,0,0,0,0,0,0,
legs,Camo bottoms,no,1,0,2.267,,,0,0,0,0,0,0,0,0,0,0,0,0,0,0,
legs,Carpenter's trousers,yes,340,0,0.71,,,0,0,0,0,0,0,0,0,0,0,0,0,0,0,
legs,Chicken legs,no,1,0,0.25,,,0,0,0,0,0,0,0,0,0,0,0,0,0,0,
legs,Citizen trousers,yes,5,3,0.907,,,0,0,0,0,0,0,2,2,0,0,0,0,0,0,
legs,Clown trousers,no,1,0,0.8,,,0,0,0,0,0,0,0,0,0,0,0,0,0,0,
legs,Clue hunter trousers,yes,1,0,2.0,,,0,0,0,0,4,2,2,1,0,0,0,0,0,0,
legs,Corrupted legs (attuned),yes,1,0,9.071,,,10,10,3,10,10,74,74,74,74,74,0,0,0,3,
legs,Corrupted legs (basic),yes,1,0,9.071,,,6,6,2,6,6,52,52,52,52,52,0,0,0,2,
legs,Corrupted legs (perfected),yes,1,0,9.071,,,14,14,4,14,14,92,92,92,92,92,0,0,0,4,
legs,Corrupted platelegs,yes,1,0,9.071,,,0,0,0,-21,-11,11,10,10,-4,10,0,0,0,0,
legs,Corrupted plateskirt,yes,1,0,8.164,,,0,0,0,-21,-11,11,10,10,-4,10,0,0,0,0,
legs,Cow trousers,no,1,0,3.0,,,0,0,0,0,0,0,0,0,0,0,0,0,0,0,
legs,Cream robe bottoms,yes,180,108,0.907,,,0,0,0,0,0,0,2,2,0,0,0,0,0,0,
legs,Crystal legs,yes,1000000,600000,1.0,,,0,0,0,-12,18,26,21,30,34,38,0,0,0,2,defence 70
legs,Crystal legs (attuned),yes,1,0,9.071,,,10,10,3,10,10,74,74,74,74,74,0,0,0,3,
legs,Crystal legs (basic),yes,1,0,9.071,,,6,6,2,6,6,52,52,52,52,52,0,0,0,2,
legs,Crystal legs (inactive),yes,1000000,600000,1.0,,,0,0,0,0,0,0,0,0,0,0,0,0,0,0,defence 70
legs,Crystal legs (perfected),yes,1,0,9.071,,,14,14,4,14,14,92,92,92,92,92,0,0,0,4,
legs,Dagon'hai robe bottom,yes,90000,54000,1.814,,,0,0,0,18,0,0,0,0,14,0,0,0,0,2,"magic 70, defence 40"
legs,Dark infinity bottoms,yes,90000,54000,1.814,,,0,0,0,17,0,0,0,0,17,0,0,0,0,0,"magic 50, defence 25"
legs,Dark trousers,yes,6000,3600,1.0,,,0,0,0,0,0,0,0,0,0,0,0,0,0,0,
legs,Deadman's legs,no,1,0,9.071,,,0,0,0,-21,-7,11,10,10,-4,10,0,0,0,0,
legs,Decorative armour,no,1000,600,9.071,,,0,0,0,-21,-11,17,16,15,-4,16,0,0,0,0,defence 5
legs,Decorative armour (l),no,6400,3840,9.071,,,0,0,0,-21,-11,33,31,29,-4,31,0,0,0,0,defence 30
legs,Desert camo legs,yes,20,12,0.226,,,0,0,0,0,-7,11,10,10,0,10,0,0,0,0,
legs,Desert legs,yes,25,15,0.005,,,0,0,0,0,0,0,0,0,0,0,0,0,0,0,
legs,Desert robe,yes,40,24,0.907,,,0,0,0,0,0,0,0,0,0,0,0,0,0,0,
legs,Desert robes,yes,25,15,0.005,,,0,0,0,0,0,0,0,0,0,0,0,0,0,0,
legs,Dharok's platelegs,yes,275000,165000,9.071,,,0,0,0,-21,-11,85,82,83,-4,92,0,0,0,0,defence 70
legs,Dharok's platelegs 100,yes,275000,165000,9.071,,,0,0,0,-21,-11,85,82,83,-4,92,0,0,0,0,defence 70
legs,Dharok's platelegs 25,yes,275000,165000,9.071,,,0,0,0,-21,-11,85,82,83,-4,92,0,0,0,0,defence 70
legs,Dharok's platelegs 50,yes,275000,165000,9.071,,,0,0,0,-21,-11,85,82,83,-4,92,0,0,0,0,defence 70
legs,Dharok's platelegs 75,yes,275000,165000,9.071,,,0,0,0,-21,-11,85,82,83,-4,92,0,0,0,0,defence 70
legs,Dragon platelegs,yes,270000,162000,9.071,,,0,0,0,-21,-11,68,66,63,-4,65,0,0,0,0,defence 60
legs,Dragon platelegs (g),yes,270000,0,9.071,,,0,0,0,-21,-11,68,66,63,-4,65,0,0,0,0,defence 60
legs,Dragon plateskirt,yes,270000,162000,9.071,,,0,0,0,-21,-11,68,66,63,-4,65,0,0,0,0,defence 60
legs,Dragon plateskirt (g),yes,270000,0,9.071,,,0,0,0,-21,-11,68,66,63,-4,65,0,0,0,0,defence 60
legs,Dragonstone platelegs,no,64000,38400,9.071,,,0,0,0,-21,-11,51,49,47,-4,49,0,0,0,0,defence 40
legs,Druid's robe,yes,30,18,0.907,,,0,0,0,0,0,0,0,0,0,0,0,0,0,4,
legs,Eggshell platelegs,no,1,0,1.814,,,0,0,0,0,0,0,0,0,0,0,0,0,0,0,
legs,Elder chaos robe,yes,700,420,0.18,,,0,0,0,6,0,0,0,0,6,0,0,0,0,0,magic 40
legs,Elite void robe,yes,45500,27300,8.164,,,0,0,0,0,0,30,30,30,30,30,0,0,0,3,"attack 42, strength 42, hitpoints 42, ranged 42, magic 42, defence 42, prayer 22"
legs,Elite void robe (l),yes,45500,27300,8.164,,,0,0,0,0,0,30,30,30,30,30,0,0,0,3,"attack 42, strength 42, hitpoints 42, ranged 42, magic 42, defence 42, prayer 22"
legs,Elven legwear,no,5000,3000,0.907,,,0,0,0,0,0,0,0,0,0,0,0,0,0,0,
legs,Elven skirt,no,5000,3000,0.907,,,0,0,0,0,0,0,0,0,0,0,0,0,0,0,
legs,Enchanted robe,yes,80000,48000,1.814,,,0,0,0,15,0,0,0,0,15,0,0,0,0,0,"defence 20, magic 40"
legs,Evil chicken legs,yes,1,0,0.25,,,0,0,0,0,0,0,0,0,0,0,0,0,0,0,
legs,Farmer's boro trousers,yes,50,30,0.907,,,0,0,0,0,0,0,0,0,0,0,0,0,0,0,
legs,Flared trousers,yes,2000,1200,1.0,,,0,0,0,0,0,0,0,0,0,0,0,0,0,0,
legs,Fremennik kilt,yes,60000,36000,3.0,,,0,0,0,-21,-7,11,10,10,-4,10,1,0,0,0,
legs,Fremennik skirt,yes,500,300,0.907,,,0,0,0,0,0,0,2,2,0,0,0,0,0,0,
legs,Frog-leather chaps,yes,900,540,3.0,,,0,0,0,-5,2,7,7,9,4,9,0,0,0,0,"defence 25, ranged 25"
legs,Ghostly robe,yes,30,18,0.001,,,0,0,0,4,0,0,0,0,4,0,0,0,0,0,
legs,Gilded d'hide chaps,no,40000,24000,5.0,,,0,0,0,-10,8,22,16,24,8,22,0,0,0,0,ranged 40
legs,Gilded platelegs,no,64000,38400,9.071,,,0,0,0,-21,-11,51,49,47,-4,49,0,0,0,0,defence 40
legs,Gilded plateskirt,no,64000,38400,9.071,,,0,0,0,-21,-11,51,49,47,-4,49,0,0,0,0,defence 40
legs,Gold elegant legs,yes,2000,1200,0.1,,,0,0,0,0,0,0,0,0,0,0,0,0,0,0,
legs,Gold elegant skirt,yes,2000,1200,0.1,,,0,0,0,0,0,0,0,0,0,0,0,0,0,0,
legs,Golden prospector legs,yes,3000,1800,0.907,,,0,0,0,0,0,0,0,0,0,0,0,0,0,0,
legs,Graahk legs,yes,150,90,0.226,,,0,0,0,0,-7,11,10,10,0,10,0,0,0,0,hunter 38
legs,Graceful legs,yes,60,36,0.9,,,0,0,0,0,0,0,0,0,0,0,0,0,0,0,
legs,Granite legs,yes,66000,39600,15.875,,,0,0,0,-31,-18,43,45,41,-4,68,0,0,0,0,"defence 50, strength 50"
legs,Gravedigger leggings,no,1,0,0.8,,,0,0,0,0,0,0,0,0,0,0,0,0,0,0,
legs,Green d'hide chaps,no,3900,2340,5.443,,,0,0,0,-10,8,12,15,18,8,17,0,0,0,0,ranged 40
legs,Green d'hide chaps (g),no,3900,2340,5.443,,,0,0,0,-10,8,12,15,18,8,17,0,0,0,0,ranged 40
legs,Green d'hide chaps (t),no,3900,2340,5.443,,,0,0,0,-10,8,12,15,18,8,17,0,0,0,0,ranged 40
legs,Green elegant legs,yes,2000,1200,1.0,,,0,0,0,0,0,0,0,0,0,0,0,0,0,0,
legs,Green elegant skirt,yes,2000,1200,1.0,,,0,0,0,0,0,0,0,0,0,0,0,0,0,0,
legs,Green navy slacks,yes,100,60,0.003,,,0,0,0,0,0,0,0,0,0,0,0,0,0,0,
legs,Green robe bottoms,yes,180,108,0.907,,,0,0,0,0,0,0,2,2,0,0,0,0,0,0,
legs,Grey navy slacks,yes,100,60,0.003,,,0,0,0,0,0,0,0,0,0,0,0,0,0,0,
legs,Grey robe bottoms,yes,500,300,0.907,,,0,0,0,0,0,0,2,2,0,0,0,0,0,0,
legs,Guthan's chainskirt,yes,275000,165000,8.164,,,0,0,0,-14,-11,75,72,73,-4,82,0,0,0,0,defence 70
legs,Guthan's chainskirt 100,yes,275000,165000,8.164,,,0,0,0,-14,-11,75,72,73,-4,82,0,0,0,0,defence 70
legs,Guthan's chainskirt 25,yes,275000,165000,8.164,,,0,0,0,-14,-11,75,72,73,-4,82,0,0,0,0,defence 70
legs,Guthan's chainskirt 50,yes,275000,165000,8.164,,,0,0,0,-14,-11,75,72,73,-4,82,0,0,0,0,defence 70
legs,Guthan's chainskirt 75,yes,275000,165000,8.164,,,0,0,0,-14,-11,75,72,73,-4,82,0,0,0,0,defence 70
legs,Guthix chaps,yes,6000,3600,5.0,,,0,0,0,-10,17,31,25,33,28,31,0,0,0,1,"ranged 70, defence 40"
legs,Guthix platelegs,no,64000,38400,9.071,,,0,0,0,-21,-11,51,49,47,-4,49,0,0,0,1,defence 40
legs,Guthix plateskirt,no,64000,38400,9.071,,,0,0,0,-21,-11,51,49,47,-4,49,0,0,0,1,defence 40
legs,Guthix robe legs,yes,7000,4200,2.7,,,0,0,0,4,0,0,0,0,4,0,0,0,0,5,prayer 20
legs,Ham robe,yes,75,45,0.907,,,0,0,0,0,0,0,2,2,0,0,0,0,0,0,
legs,Hardcore ironman platelegs,no,0,0,4.535,,,0,0,0,-21,-11,11,10,10,-4,10,0,0,0,0,
legs,Infinity bottoms,yes,90000,54000,1.814,,,0,0,0,17,0,0,0,0,17,0,0,0,0,0,"magic 50, defence 25"
legs,Initiate cuisse,yes,8000,4800,7.711,,,0,0,0,-21,-11,24,22,20,-4,22,0,0,0,5,defence 10
legs,Inquisitor's plateskirt,yes,750000,450000,9.071,,,-3,-3,12,-9,-5,42,30,49,0,22,2,0,0,2,"strength 70, defence 30"
legs,Iron platelegs,no,280,168,9.071,,,0,0,0,-21,-11,11,10,10,-4,10,0,0,0,0,defence 1
legs,Iron platelegs (g),no,280,168,9.071,,,0,0,0,-21,-11,11,10,10,-4,10,0,0,0,0,defence 1
legs,Iron platelegs (t),no,280,168,9.071,,,0,0,0,-21,-11,11,10,10,-4,10,0,0,0,0,defence 1
legs,Iron plateskirt,no,280,168,8.164,,,0,0,0,-21,-11,11,10,10,-4,10,0,0,0,0,defence 1
legs,Iron plateskirt (g),no,280,168,8.164,,,0,0,0,-21,-11,11,10,10,-4,10,0,0,0,0,defence 1
legs,Iron plateskirt (t),no,280,168,8.164,,,0,0,0,-21,-11,11,10,10,-4,10,0,0,0,0,defence 1
legs,Ironman platelegs,no,0,0,4.535,,,0,0,0,-21,-11,11,10,10,-4,10,0,0,0,0,
legs,Jungle camo legs,yes,20,12,0.226,,,0,0,0,0,-7,11,10,10,0,10,0,0,0,0,
legs,Justiciar legguards,yes,4500000,2700000,9.071,,,0,0,0,-31,-17,95,92,93,-14,102,0,0,0,4,defence 75
legs,Karil's leatherskirt,yes,47000,28200,5.443,,,0,0,0,-10,17,26,20,28,35,33,0,0,0,0,"ranged 70, defence 70"
legs,Karil's leatherskirt 100,yes,47000,28200,5.443,,,0,0,0,-10,17,26,20,28,35,33,0,0,0,0,"ranged 70, defence 70"
legs,Karil's leatherskirt 25,yes,47000,28200,5.443,,,0,0,0,-10,17,26,20,28,35,33,0,0,0,0,"ranged 70, defence 70"
legs,Karil's leatherskirt 50,yes,47000,28200,5.443,,,0,0,0,-10,17,26,20,28,35,33,0,0,0,0,"ranged 70, defence 70"
legs,Karil's leatherskirt 75,yes,47000,28200,5.443,,,0,0,0,-10,17,26,20,28,35,33,0,0,0,0,"ranged 70, defence 70"
legs,Kyatt legs,yes,200,120,0.226,,,0,0,0,0,-7,11,10,10,0,10,0,0,0,0,hunter 52
legs,Larupia legs,yes,100,60,0.226,,,0,0,0,0,-7,11,10,10,0,10,0,0,0,0,hunter 28
legs,Leather chaps,no,20,12,2.721,,,0,0,0,0,4,2,2,1,0,0,0,0,0,0,"ranged 1, defence 1"
legs,Leather chaps (g),no,850,510,2.721,,,0,0,0,0,4,2,2,1,0,0,0,0,0,0,
legs,Lederhosen shorts,no,1,0,2.267,,,0,0,0,0,0,0,0,0,0,0,0,0,0,0,
legs,Light infinity bottoms,yes,90000,54000,1.814,,,0,0,0,17,0,0,0,0,17,0,0,0,0,0,"magic 50, defence 25"
legs,Light trousers,yes,6000,3600,1.0,,,0,0,0,0,0,0,0,0,0,0,0,0,0,0,
legs,Lumberjack legs,yes,50,30,0.907,,,0,0,0,0,0,0,0,0,0,0,0,0,0,0,
legs,Lunar legs,yes,100,60,3.628,,,0,0,0,7,-7,20,19,23,9,0,0,0,0,0,"magic 65, defence 40"
legs,Masori chainskirt,yes,1000000,600000,1.0,,,0,0,0,-2,18,6,4,9,4,8,0,0,0,0,
legs,Menaphite purple kilt,yes,20,12,0.005,,,0,0,0,0,0,0,0,0,0,0,0,0,0,0,
legs,Menaphite purple robe,yes,40,24,0.005,,,0,0,0,0,0,0,0,0,0,0,0,0,0,0,
legs,Menaphite red kilt,yes,20,12,0.005,,,0,0,0,0,0,0,0,0,0,0,0,0,0,0,
legs,Menaphite red robe,yes,40,24,0.005,,,0,0,0,0,0,0,0,0,0,0,0,0,0,0,
legs,Mime legs,no,1,0,0.001,,,0,0,0,0,0,0,0,0,0,0,0,0,0,0,
legs,Mithril platelegs,no,2600,1560,7.711,,,0,0,0,-21,-11,24,22,20,-4,22,0,0,0,0,defence 20
legs,Mithril platelegs (g),no,2600,1560,7.711,,,0,0,0,-21,-11,24,22,20,-4,22,0,0,0,0,defence 20
legs,Mithril platelegs (t),no,2600,1560,7.711,,,0,0,0,-21,-11,24,22,20,-4,22,0,0,0,0,defence 20
legs,Mithril plateskirt,no,2600,1560,7.257,,,0,0,0,-21,-11,24,22,20,-4,22,0,0,0,0,defence 20
legs,Mithril plateskirt (g),no,2600,1560,7.257,,,0,0,0,-21,-11,24,22,20,-4,22,0,0,0,0,defence 20
legs,Mithril plateskirt (t),no,2600,1560,7.257,,,0,0,0,-21,-11,24,22,20,-4,22,0,0,0,0,defence 20
legs,Monk's robe,no,30,18,0.907,,,0,0,0,0,0,0,0,0,0,0,0,0,0,5,
legs,Monk's robe (g),no,30,18,0.907,,,0,0,0,0,0,0,0,0,0,0,0,0,0,5,
legs,Monk's robe (t),no,500,300,0.907,,,0,0,0,0,0,0,0,0,0,0,0,0,0,5,
legs,Moonclan skirt,yes,1000,600,3.628,,,0,0,0,5,-7,5,5,5,5,-7,0,0,0,0,
legs,Morrigan's leather chaps,yes,500000,300000,5.443,,,0,0,0,-10,23,35,29,37,46,35,0,0,0,0,defence 78
legs,Morytania legs 1,yes,0,0,9.071,,,0,0,0,-21,-7,11,10,10,-4,10,0,0,0,0,
legs,Morytania legs 2,yes,0,0,9.071,,,0,0,0,-21,-7,17,16,15,-4,16,0,0,0,0,
legs,Morytania legs 3,yes,0,0,9.071,,,0,0,0,-21,-7,24,22,20,-4,22,0,0,0,0,
legs,Morytania legs 4,yes,0,0,9.071,,,0,0,0,-21,-7,33,31,29,-4,31,0,0,0,0,
legs,Mourner trousers,yes,100,60,2.267,,,0,0,0,0,0,0,0,0,0,0,0,0,0,0,
legs,Mummy's legs,yes,1,0,0.5,,,0,0,0,0,0,0,0,0,0,0,0,0,0,0,
legs,Musketeer pants,yes,1870,1122,1.814,,,0,0,0,0,0,0,0,0,0,0,0,0,0,0,
legs,Mystic robe bottom,yes,80000,48000,1.814,,,0,0,0,15,0,0,0,0,15,0,0,0,0,0,"magic 40, defence 20"
legs,Mystic robe bottom (dark),yes,80000,48000,1.814,,,0,0,0,15,0,0,0,0,15,0,0,0,0,0,"magic 40, defence 20"
legs,Mystic robe bottom (dusk),yes,80000,48000,1.814,,,0,0,0,15,0,0,0,0,15,0,0,0,0,0,"magic 40, defence 20"
legs,Mystic robe bottom (light),yes,80000,48000,1.814,,,0,0,0,15,0,0,0,0,15,0,0,0,0,0,"magic 40, defence 20"
legs,Obsidian platelegs,yes,67000,40200,9.071,,,0,0,0,0,0,46,43,41,-10,40,1,0,0,0,defence 60
legs,Ornate legs,no,1,0,9.071,,,0,0,0,-21,-7,11,10,10,-4,10,0,0,0,0,
legs,Pantaloons,yes,2000,1200,1.0,,,0,0,0,0,0,0,0,0,0,0,0,0,0,0,
legs,Penance skirt,yes,65005,39003,3.0,,,0,0,0,-10,15,26,21,28,19,26,0,0,0,0,"ranged 60, defence 40"
legs,Penance skirt (l),yes,65005,39003,3.0,,,0,0,0,-10,15,26,21,28,19,26,0,0,0,0,"defence 40, ranged 60"
legs,Pink elegant legs,yes,2000,1200,0.1,,,0,0,0,0,0,0,0,0,0,0,0,0,0,0,
legs,Pink elegant skirt,yes,2000,1200,0.1,,,0,0,0,0,0,0,0,0,0,0,0,0,0,0,
legs,Pink robe bottoms,yes,180,108,0.907,,,0,0,0,0,0,0,2,2,0,0,0,0,0,0,
legs,Pink skirt,no,2,1,0.907,,,0,0,0,0,0,0,0,0,0,0,0,0,0,0,
legs,Pirate leggings,yes,350,210,1.0,,,0,0,0,0,0,0,0,0,0,0,0,0,0,0,
legs,Plague trousers,yes,50,30,2.267,,,0,0,0,0,0,0,0,0,0,0,0,0,0,0,
legs,Polar camo legs,yes,20,12,0.226,,,0,0,0,0,-7,11,10,10,0,10,0,0,0,0,
legs,Priest gown,no,5,3,1.814,,,0,0,0,0,0,0,0,0,0,0,0,0,0,3,
legs,Prince leggings,no,0,0,2.267,,,0,0,0,0,0,0,0,0,0,0,0,0,0,0,
legs,Princess skirt,no,0,0,2.267,,,0,0,0,0,0,0,0,0,0,0,0,0,0,0,
legs,Proselyte cuisse,yes,10000,6000,7.711,,,0,0,0,-21,-11,33,31,29,-4,31,0,0,0,6,"defence 30, prayer 20"
legs,Proselyte tasset,yes,10000,6000,8.164,,,0,0,0,-21,-11,33,31,29,-4,31,0,0,0,6,"defence 30, prayer 20"
legs,Prospector legs,yes,50,30,0.907,,,0,0,0,0,0,0,0,0,0,0,0,0,0,0,
legs,Purple elegant legs,yes,2000,1200,1.0,,,0,0,0,0,0,0,0,0,0,0,0,0,0,0,
legs,Purple elegant skirt,yes,2000,1200,1.0,,,0,0,0,0,0,0,0,0,0,0,0,0,0,0,
legs,Purple navy slacks,yes,100,60,0.003,,,0,0,0,0,0,0,0,0,0,0,0,0,0,0,
legs,Purple robe bottoms,yes,500,300,0.907,,,0,0,0,0,0,0,2,2,0,0,0,0,0,0,
legs,Pyromancer robe,yes,700,420,0.18,,,0,0,0,0,0,0,0,0,0,0,0,0,0,0,
legs,Rangers' tights,yes,20000,12000,5.443,,,0,0,0,-10,15,0,0,0,0,0,0,0,0,0,ranged 40
legs,Red d'hide chaps,yes,5180,3108,5.443,,,0,0,0,-10,14,15,18,22,18,20,0,0,0,0,ranged 60
legs,Red d'hide chaps (g),yes,5180,3108,5.443,,,0,0,0,-10,14,15,18,22,18,20,0,0,0,0,ranged 60
legs,Red d'hide chaps (t),yes,5180,3108,5.443,,,0,0,0,-10,14,15,18,22,18,20,0,0,0,0,ranged 60
legs,Red elegant legs,yes,2000,1200,1.0,,,0,0,0,0,0,0,0,0,0,0,0,0,0,0,
legs,Red elegant skirt,yes,2000,1200,1.0,,,0,0,0,0,0,0,0,0,0,0,0,0,0,0,
legs,Red navy slacks,yes,100,60,0.003,,,0,0,0,0,0,0,0,0,0,0,0,0,0,0,
legs,Red robe bottoms,yes,500,300,0.907,,,0,0,0,0,0,0,2,2,0,0,0,0,0,0,
legs,Robe bottom of darkness,yes,80000,48000,1.814,,,0,0,0,15,0,0,0,0,15,0,0,0,0,0,"magic 40, defence 20"
legs,Robe of elidinis,yes,1,0,0.005,,,0,0,0,0,0,0,0,0,0,0,0,0,0,0,
legs,Rock-shell legs,yes,64000,38400,9.071,,,0,0,0,-21,-7,51,49,47,-4,49,0,0,0,0,defence 40
legs,Rogue trousers,yes,500,300,0.453,,,0,0,0,0,0,7,7,7,7,7,0,0,0,0,"thieving 50, agility 50"
legs,Royal gown bottom,yes,5000,3000,1.36,,,0,0,0,0,0,0,0,0,0,0,0,0,0,0,
legs,Rune platelegs,no,64000,38400,9.071,,,0,0,0,-21,-11,51,49,47,-4,49,0,0,0,0,defence 40
legs,Rune platelegs (g),no,64000,38400,9.071,,,0,0,0,-21,-11,51,49,47,-4,49,0,0,0,0,defence 40
legs,Rune platelegs (t),no,64000,38400,9.071,,,0,0,0,-21,-11,51,49,47,-4,49,0,0,0,0,defence 40
legs,Rune plateskirt,no,64000,38400,8.164,,,0,0,0,-21,-11,51,49,47,-4,49,0,0,0,0,defence 40
legs,Rune plateskirt (g),no,64000,38400,9.071,,,0,0,0,-21,-11,51,49,47,-4,49,0,0,0,0,defence 40
legs,Rune plateskirt (t),no,64000,38400,9.071,,,0,0,0,-21,-11,51,49,47,-4,49,0,0,0,0,defence 40
legs,Samurai greaves,yes,3200,1920,1.5,,,0,0,0,0,0,42,40,38,3,40,0,0,0,0,defence 35
legs,Sandwich lady bottom,no,300,180,0.907,,,0,0,0,0,0,0,0,0,0,0,0,0,0,0,
legs,Santa pantaloons,no,0,0,0.25,,,0,0,0,0,0,0,0,0,0,0,0,0,0,0,
legs,Saradomin chaps,yes,6000,3600,5.0,,,0,0,0,-10,17,31,25,33,28,31,0,0,0,1,"ranged 70, defence 40"
legs,Saradomin platelegs,no,64000,38400,9.071,,,0,0,0,-21,-11,51,49,47,-4,49,0,0,0,1,defence 40
legs,Saradomin plateskirt,no,64000,38400,9.071,,,0,0,0,-21,-11,51,49,47,-4,49,0,0,0,1,defence 40
legs,Saradomin robe legs,yes,7000,4200,2.7,,,0,0,0,4,0,0,0,0,4,0,0,0,0,5,prayer 20
legs,Shade robe,no,30,18,0.907,,,0,0,0,0,0,0,0,0,0,0,0,0,0,4,
legs,Shayzien greaves (1),yes,35,21,9.071,,,0,0,0,-10,-2,10,9,8,-2,10,0,0,0,0,defence 20
legs,Shayzien greaves (2),yes,45,27,9.071,,,0,0,0,-14,-3,14,13,12,-3,14,0,0,0,0,defence 20
legs,Shayzien greaves (3),yes,55,33,9.071,,,0,0,0,-17,-4,17,16,15,-3,17,0,0,0,0,defence 20
legs,Shayzien greaves (4),yes,65,39,9.071,,,0,0,0,-20,-5,20,19,18,-4,20,0,0,0,0,defence 20
legs,Shayzien greaves (5),yes,75,45,9.071,,,0,0,0,-20,6,23,22,21,-4,23,0,0,0,0,defence 20
legs,Shorts,yes,280,168,0.1,,,0,0,0,0,0,0,0,0,0,0,0,0,0,0,
legs,Silly jester tights,yes,100,60,0.907,,,0,0,0,0,0,0,0,0,5,-5,0,0,0,0,
legs,Skeletal bottoms,yes,40000,24000,4.082,,,0,0,0,6,-7,22,20,24,10,0,0,0,0,0,"defence 40, magic 40"
legs,Skeleton leggings,no,1,0,2.267,,,0,0,0,0,0,0,0,0,0,0,0,0,0,0,
legs,Skirt,yes,350,210,0.08,,,0,0,0,0,0,0,0,0,0,0,0,0,0,0,
legs,Slave robe,yes,40,24,0.907,,,0,0,0,0,0,0,0,0,0,0,0,0,0,0,
legs,Snakeskin chaps,yes,1175,705,3.628,,,0,0,0,-5,6,8,8,10,4,10,0,0,0,0,"ranged 30, defence 30"
legs,Snow imp costume legs,no,1,0,0.907,,,0,0,0,0,0,0,0,0,0,0,0,0,0,0,
legs,Spined chaps,yes,3900,2340,5.443,,,0,0,0,-10,8,22,16,24,8,22,0,0,0,0,"defence 40, ranged 40"
legs,Spirit angler waders,yes,120,72,1.0,,,0,0,0,0,0,0,0,0,0,0,0,0,0,0,
legs,Splitbark legs,yes,40000,24000,3.628,,,0,0,0,7,-7,22,20,25,10,0,0,0,0,0,"magic 40, defence 40"
legs,Spookier skirt,no,1,0,0.8,,,0,0,0,0,0,0,0,0,0,0,0,0,0,0,
legs,Spooky skirt,no,1,0,0.8,,,0,0,0,0,0,0,0,0,0,0,0,0,0,0,
legs,Statius's platelegs,yes,500000,300000,9.071,,,3,3,5,-21,-7,110,106,97,-4,121,3,0,0,0,defence 78
legs,Steel platelegs,no,1000,600,9.071,,,0,0,0,-21,-11,17,16,15,-4,16,0,0,0,0,defence 5
legs,Steel platelegs (g),no,1000,600,9.071,,,0,0,0,-21,-11,17,16,15,-4,16,0,0,0,0,defence 5
legs,Steel platelegs (t),no,1000,600,9.071,,,0,0,0,-21,-11,17,16,15,-4,16,0,0,0,0,defence 5
legs,Steel plateskirt,no,1000,600,8.164,,,0,0,0,-21,-11,17,16,15,-4,16,0,0,0,0,defence 5
legs,Steel plateskirt (g),no,1000,600,8.164,,,0,0,0,-21,-11,17,16,15,-4,16,0,0,0,0,defence 5
legs,Steel plateskirt (t),no,1000,600,8.164,,,0,0,0,-21,-11,17,16,15,-4,16,0,0,0,0,defence 5
legs,Studded chaps,no,750,450,4.535,,,0,0,0,-5,6,15,16,17,6,16,0,0,0,0,"ranged 20, defence 1"
legs,Studded chaps (g),no,750,450,4.535,,,0,0,0,-5,6,15,16,17,6,16,0,0,0,0,"ranged 20, defence 1"
legs,Studded chaps (t),no,750,450,4.535,,,0,0,0,-5,6,15,16,17,6,16,0,0,0,0,"ranged 20, defence 1"
legs,Swampbark legs,yes,80000,48000,3.628,,,0,0,0,10,0,20,22,24,15,0,0,0,0,0,"magic 50, defence 50"
legs,Teal robe bottoms,yes,500,300,0.907,,,0,0,0,0,0,0,2,2,0,0,0,0,0,0,
legs,Torag's platelegs,yes,275000,165000,9.071,,,0,0,0,-21,-11,85,82,83,-4,92,0,0,0,0,defence 70
legs,Torag's platelegs 100,yes,275000,165000,9.071,,,0,0,0,-21,-11,85,82,83,-4,92,0,0,0,0,defence 70
legs,Torag's platelegs 25,yes,275000,165000,9.071,,,0,0,0,-21,-11,85,82,83,-4,92,0,0,0,0,defence 70
legs,Torag's platelegs 50,yes,275000,165000,9.071,,,0,0,0,-21,-11,85,82,83,-4,92,0,0,0,0,defence 70
legs,Torag's platelegs 75,yes,275000,165000,9.071,,,0,0,0,-21,-11,85,82,83,-4,92,0,0,0,0,defence 70
legs,Trailblazer trousers (t1),yes,15000,9000,0.907,,,0,0,0,0,0,0,0,0,0,0,0,0,0,0,
legs,Trailblazer trousers (t2),yes,15000,9000,0.907,,,0,0,0,0,0,0,0,0,0,0,0,0,0,0,
legs,Trailblazer trousers (t3),yes,150000,90000,0.907,,,0,0,0,0,0,0,0,0,0,0,0,0,0,0,
legs,Tree skirt,no,0,0,0.25,,,0,0,0,0,0,0,0,0,0,0,0,0,0,0,
legs,Trousers,yes,550,330,1.0,,,0,0,0,0,0,0,0,0,0,0,0,0,0,0,
legs,Turquoise robe bottoms,yes,180,108,0.907,,,0,0,0,0,0,0,2,2,0,0,0,0,0,0,
legs,Twisted ancestral robe bottom,yes,80000,48000,1.814,,,0,0,0,26,-7,27,24,30,20,0,0,0,2,0,"magic 75, defence 65"
legs,Twisted trousers (t1),yes,1000,600,0.907,,,0,0,0,0,0,0,0,0,0,0,0,0,0,0,
legs,Twisted trousers (t2),yes,10000,6000,0.907,,,0,0,0,0,0,0,0,0,0,0,0,0,0,0,
legs,Twisted trousers (t3),yes,100000,60000,0.907,,,0,0,0,0,0,0,0,0,0,0,0,0,0,0,
legs,Ultimate ironman platelegs,no,0,0,4.535,,,0,0,0,-21,-11,11,10,10,-4,10,0,0,0,0,
legs,Verac's plateskirt,yes,275000,165000,4.535,,,0,0,0,-21,-11,85,82,83,0,84,0,0,0,4,defence 70
legs,Verac's plateskirt 100,yes,275000,165000,4.535,,,0,0,0,-21,-11,85,82,83,0,84,0,0,0,4,defence 70
legs,Verac's plateskirt 25,yes,275000,165000,4.535,,,0,0,0,-21,-11,85,82,83,0,84,0,0,0,4,defence 70
legs,Verac's plateskirt 50,yes,275000,165000,4.535,,,0,0,0,-21,-11,85,82,83,0,84,0,0,0,4,defence 70
legs,Verac's plateskirt 75,yes,275000,165000,4.535,,,0,0,0,-21,-11,85,82,83,0,84,0,0,0,4,defence 70
legs,Vesta's plateskirt,yes,500000,300000,8.164,,,3,5,5,-17,-4,86,100,112,-4,118,3,0,0,0,defence 78
legs,Villager robe,yes,250,150,2.0,,,0,0,0,0,0,0,0,0,0,0,0,0,0,0,
legs,Void knight robe,yes,45000,27000,8.164,,,0,0,0,0,0,30,30,30,30,30,0,0,0,0,"attack 42, strength 42, hitpoints 42, ranged 42, magic 42, defence 42, prayer 22"
legs,Void knight robe (l),yes,45000,27000,8.164,,,0,0,0,0,0,30,30,30,30,30,0,0,0,0,"attack 42, strength 42, hitpoints 42, ranged 42, magic 42, defence 42, prayer 22"
legs,Vyre noble coat tails,yes,5000,3000,0.907,,,0,0,0,0,0,0,0,0,0,0,0,0,0,0,
legs,Vyre noble dress bottom,yes,5000,3000,0.907,,,0,0,0,0,0,0,0,0,0,0,0,0,0,0,
legs,Vyre noble legs,yes,100,60,0.907,,,0,0,0,0,0,0,0,0,0,0,0,0,0,0,
legs,Vyre noble pants,yes,5000,3000,0.907,,,0,0,0,0,0,0,0,0,0,0,0,0,0,0,
legs,Vyre noble skirt,yes,5000,3000,0.907,,,0,0,0,0,0,0,0,0,0,0,0,0,0,0,
legs,Vyrewatch legs,yes,500,300,0.907,,,0,0,0,0,0,0,2,2,0,0,0,0,0,0,
legs,White elegant skirt,yes,2000,1200,1.0,,,0,0,0,0,0,0,0,0,0,0,0,0,0,0,
legs,White platelegs,yes,1920,1152,9.071,,,0,0,0,-21,-11,21,20,19,-4,20,0,0,0,1,defence 10
legs,White plateskirt,yes,1920,1152,8.164,,,0,0,0,-21,-11,21,20,19,-4,20,0,0,0,1,defence 10
legs,Wood camo legs,yes,20,12,0.226,,,0,0,0,0,-7,11,10,10,0,10,0,0,0,0,
legs,Xerician robe,yes,70,42,0.18,,,0,0,0,4,0,0,0,0,7,0,0,0,0,0,"magic 20, defence 10"
legs,Yak-hide armour,yes,500,300,2.721,,,0,0,0,-5,10,25,20,15,-2,10,0,0,0,0,defence 20
legs,Yellow robe bottoms,yes,500,300,0.907,,,0,0,0,0,0,0,2,2,0,0,0,0,0,0,
legs,Zamorak chaps,yes,6000,3600,5.0,,,0,0,0,-10,17,31,25,33,28,31,0,0,0,1,"ranged 70, defence 40"
legs,Zamorak monk bottom,no,30,18,0.907,,,0,0,0,2,0,0,0,0,3,0,0,0,0,3,
legs,Zamorak platelegs,no,64000,38400,9.071,,,0,0,0,-21,-11,51,49,47,-4,49,0,0,0,1,defence 40
legs,Zamorak plateskirt,no,64000,38400,9.071,,,0,0,0,-21,-11,51,49,47,-4,49,0,0,0,1,defence 40
legs,Zamorak robe legs,yes,7000,4200,2.7,,,0,0,0,4,0,0,0,0,4,0,0,0,0,5,prayer 20
legs,Zealot's robe bottom,yes,24500,14700,0.907,,,0,0,0,0,0,0,0,0,0,0,0,0,0,6,
legs,Zombie trousers,no,1,0,0.003,,,0,0,0,0,0,0,0,0,0,0,0,0,0,0,
legs,Zuriel's robe bottom,yes,500000,300000,5.443,,,0,0,0,25,-7,38,35,44,25,0,0,0,0,0,defence 78
hands,20th anniversary gloves,no,0,0,0.113,,,0,0,0,0,0,0,0,0,0,0,0,0,0,0,
hands,3rd age vambraces,yes,50500,30300,1.0,,,0,0,0,-10,11,6,5,7,9,0,0,0,0,0,"ranged 65, defence 45"
hands,Abyssal bracelet(1),yes,4200,2520,0.25,,,0,0,0,0,0,0,0,0,0,0,0,0,0,0,
hands,Abyssal bracelet(2),yes,4200,2520,0.25,,,0,0,0,0,0,0,0,0,0,0,0,0,0,0,
hands,Abyssal bracelet(3),yes,4200,2520,0.25,,,0,0,0,0,0,0,0,0,0,0,0,0,0,0,
hands,Abyssal bracelet(4),yes,4200,2520,0.25,,,0,0,0,0,0,0,0,0,0,0,0,0,0,0,
hands,Abyssal bracelet(5),yes,4200,2520,0.25,,,0,0,0,0,0,0,0,0,0,0,0,0,0,0,
hands,Adamant gloves,yes,2500,1500,0.226,,,7,7,7,4,7,7,7,7,4,7,7,0,0,0,
hands,Ancient bracers,yes,4000,2400,1.0,,,0,0,0,-10,11,6,5,7,8,0,0,0,0,1,"ranged 70, defence 40"
hands,Ankou gloves,yes,1,0,0.5,,,0,0,0,0,0,0,0,0,0,0,0,0,0,0,
hands,Antisanta gloves,no,0,0,0.1,,,0,0,0,0,0,0,0,0,0,0,0,0,0,0,
hands,Armadyl bracers,yes,4000,2400,1.0,,,0,0,0,-10,11,6,5,7,8,0,0,0,0,1,"ranged 70, defence 40"
hands,Bandos bracers,yes,4000,2400,1.0,,,0,0,0,-10,11,6,5,7,8,0,0,0,0,1,"ranged 70, defence 40"
hands,Barrows gloves,yes,100000,60000,0.226,,,12,12,12,6,12,12,12,12,6,12,12,0,0,0,
hands,Beekeeper's gloves,no,1,0,0.001,,,0,0,0,0,0,0,0,0,0,0,0,0,0,0,
hands,Black d'hide vambraces,yes,4320,2592,0.283,,,0,0,0,-10,11,4,5,5,8,0,0,0,0,0,ranged 70
hands,Black gloves,yes,1000,600,0.226,,,5,5,5,3,5,5,5,5,3,5,5,0,0,0,
hands,Black spiky vambraces,yes,4320,2592,0.283,,,0,0,0,-10,11,6,5,7,8,0,2,0,0,0,ranged 70
hands,Bloodbark gauntlets,yes,10000,6000,0.907,,,0,0,0,4,0,5,4,6,5,0,0,0,0,0,"magic 60, defence 60"
hands,Blue d'hide vambraces,yes,3000,1800,0.283,,,0,0,0,-10,9,2,3,3,4,0,0,0,0,0,ranged 50
hands,Blue spiky vambraces,yes,3000,1800,0.283,,,0,0,0,-10,9,4,3,5,4,0,2,0,0,0,ranged 50
hands,Bracelet of clay,yes,1265,759,0.25,,,0,0,0,0,0,0,0,0,0,0,0,0,0,0,
hands,Bracelet of ethereum,yes,75000,45000,0.25,,,0,0,0,0,0,0,0,0,0,0,0,0,0,0,
hands,Bracelet of ethereum (uncharged),yes,72000,43200,0.25,,,0,0,0,0,0,0,0,0,0,0,0,0,0,0,
hands,Bracelet of slaughter,yes,2500,1500,0.25,,,0,0,0,0,0,0,0,0,0,0,0,0,0,0,
hands,Bronze gloves,yes,100,60,0.226,,,2,2,2,1,2,2,2,2,1,2,2,0,0,0,
hands,Bunny paws,no,1,0,0.113,,,0,0,0,0,0,0,0,0,0,0,0,0,0,0,
hands,Castle wars bracelet(1),no,1675,1005,0.25,,,0,0,0,0,0,0,0,0,0,0,0,0,0,0,
hands,Castle wars bracelet(2),no,1675,1005,0.25,,,0,0,0,0,0,0,0,0,0,0,0,0,0,0,
hands,Castle wars bracelet(3),no,1675,1005,0.25,,,0,0,0,0,0,0,0,0,0,0,0,0,0,0,
hands,Chaos gauntlets,yes,1,0,0.226,,,2,2,2,0,0,8,9,7,0,0,2,0,0,0,
hands,Clue hunter gloves,yes,1,0,0.5,,,0,0,0,0,0,0,1,2,0,0,0,0,0,0,
hands,Combat bracelet,yes,21040,12624,0.25,,,7,7,7,3,7,5,5,5,3,5,6,0,0,0,
hands,Combat bracelet(1),yes,21040,12624,0.25,,,7,7,7,3,7,5,5,5,3,5,6,0,0,0,
hands,Combat bracelet(2),yes,21040,12624,0.25,,,7,7,7,3,7,5,5,5,3,5,6,0,0,0,
hands,Combat bracelet(3),yes,21040,12624,0.25,,,7,7,7,3,7,5,5,5,3,5,6,0,0,0,
hands,Combat bracelet(4),yes,21040,12624,0.25,,,7,7,7,3,7,5,5,5,3,5,6,0,0,0,
hands,Combat bracelet(5),yes,21040,12624,0.25,,,7,7,7,3,7,5,5,5,3,5,6,0,0,0,
hands,Combat bracelet(6),yes,21040,12624,0.25,,,7,7,7,3,7,5,5,5,3,5,6,0,0,0,
hands,Cooking gauntlets,yes,1,0,0.226,,,2,2,2,0,0,8,9,7,0,0,2,0,0,0,
hands,Cow gloves,no,1,0,0.5,,,0,0,0,0,0,0,0,0,0,0,0,0,0,0,
hands,Crab claw,yes,1,0,0.907,,,0,0,0,0,0,3,4,2,0,0,1,0,0,0,
hands,Crabclaw hook,yes,100,60,1.0,,,0,0,0,0,0,3,5,3,0,0,1,0,0,0,
hands,Dark tuxedo cuffs,yes,3000,1800,0.5,,,0,0,0,0,0,0,0,0,0,0,0,0,0,0,
hands,Diamond bracelet,yes,3825,2295,0.25,,,0,0,0,0,0,0,0,0,0,0,0,0,0,0,
hands,Dragon gloves,yes,100000,60000,0.226,,,9,9,9,5,9,9,9,9,5,9,9,0,0,0,
hands,Dragonstone bracelet,yes,19125,11475,0.25,,,0,0,0,0,0,0,0,0,0,0,0,0,0,0,
hands,Dragonstone gauntlets,yes,12500,7500,0.226,,,8,8,8,-4,-3,8,8,8,-4,4,4,0,0,0,defence 40
hands,Elven gloves,yes,10000,6000,4.535,,,0,0,0,0,0,0,0,0,0,0,0,0,0,0,
hands,Emerald bracelet,yes,1525,915,0.25,,,0,0,0,0,0,0,0,0,0,0,0,0,0,0,
hands,Expeditious bracelet,yes,1150,690,0.25,,,0,0,0,0,0,0,0,0,0,0,0,0,0,0,
hands,Expert mining gloves,yes,120,72,0.226,,,0,0,0,0,0,0,0,0,0,0,0,0,0,0,
hands,Ferocious gloves,yes,100000,60000,0.226,,,16,16,16,-16,-16,0,0,0,0,0,14,0,0,0,"attack 80, defence 80"
hands,Flamtaer bracelet,yes,1300,780,0.25,,,0,0,0,0,0,0,0,0,0,0,0,0,0,0,
hands,Fremennik gloves,yes,500,300,0.453,,,0,0,0,0,0,0,1,2,0,0,0,0,0,0,
hands,Ghostly gloves,yes,30,18,0.001,,,0,0,0,2,0,0,0,0,2,0,0,0,0,0,
hands,Gilded d'hide vambraces,no,40000,24000,1.0,,,0,0,0,-10,8,3,2,4,2,0,0,0,0,0,ranged 40
hands,Gloves of darkness,yes,10000,6000,0.453,,,0,0,0,3,0,0,0,0,3,0,0,0,0,0,"magic 40, defence 20"
hands,Gloves of silence,yes,600,360,0.226,,,0,0,0,0,0,0,1,2,0,0,0,0,0,0,hunter 54
hands,Gold bracelet,yes,550,330,0.25,,,0,0,0,0,0,0,0,0,0,0,0,0,0,0,
hands,Goldsmith gauntlets,yes,1,0,0.226,,,2,2,2,0,0,8,9,7,0,0,2,0,0,0,
hands,Graceful gloves,yes,30,18,0.1,,,0,0,0,0,0,0,0,0,0,0,0,0,0,0,
hands,Granite gloves,yes,34000,20400,1.0,,,5,5,9,-3,-1,8,8,8,-3,5,7,0,0,0,"defence 50, strength 50"
hands,Gravedigger gloves,no,1,0,0.3,,,0,0,0,0,0,0,0,0,0,0,0,0,0,0,
hands,Green d'hide vambraces,no,2500,1500,0.283,,,0,0,0,-10,8,1,2,2,2,0,0,0,0,0,ranged 40
hands,Green spiky vambraces,yes,2500,1500,0.283,,,0,0,0,-10,8,3,2,4,2,0,2,0,0,0,ranged 40
hands,Grey gloves,no,500,300,0.453,,,0,0,0,0,0,0,1,2,0,0,0,0,0,0,
hands,Guthix bracers,yes,6000,3600,1.0,,,0,0,0,-10,11,6,5,7,8,0,0,0,0,1,"ranged 70, defence 40"
hands,Ham gloves,yes,75,45,0.453,,,0,0,0,0,0,0,1,2,0,0,0,0,0,0,
hands,Hardleather gloves,yes,50,30,0.226,,,1,1,1,1,1,1,1,1,1,1,1,0,0,0,
hands,Holy wraps,yes,9600,5760,0.5,,,0,0,0,0,0,0,0,0,0,0,0,0,0,3,prayer 31
hands,Ice gloves,yes,6,3,0.226,,,0,0,0,0,0,0,3,4,0,2,0,0,0,0,
hands,Infinity gloves,yes,12000,7200,0.453,,,0,0,0,5,0,0,0,0,5,0,0,0,0,0,"magic 50, defence 25"
hands,Inoculation bracelet,yes,2560,1536,0.25,,,0,0,0,0,0,0,0,0,0,0,0,0,0,0,
hands,Iron gloves,yes,250,150,0.226,,,3,3,3,2,3,3,3,3,2,3,3,0,0,0,
hands,Jade bracelet,yes,1300,780,0.25,,,0,0,0,0,0,0,0,0,0,0,0,0,0,0,
hands,Karamja gloves 1,yes,0,0,0.226,,,1,1,1,1,1,1,1,1,1,1,1,0,0,0,
hands,Karamja gloves 2,yes,0,0,0.226,,,1,1,1,1,1,1,1,1,1,1,1,0,0,0,
hands,Karamja gloves 3,yes,0,0,0.226,,,1,1,1,1,1,1,1,1,1,1,1,0,0,0,
hands,Karamja gloves 4,yes,0,0,0.226,,,1,1,1,1,1,1,1,1,1,1,1,0,0,0,
hands,Klank's gauntlets,yes,6,3,0.226,,,2,2,2,0,0,8,9,7,0,0,2,0,0,0,
hands,Leather gloves,no,6,3,0.226,,,0,0,0,0,0,0,1,2,0,0,0,0,0,0,defence 1
hands,Leather vambraces,no,18,10,0.226,,,0,0,0,0,4,2,2,1,0,0,0,0,0,0,defence 1
hands,Light tuxedo cuffs,yes,3000,1800,0.5,,,0,0,0,0,0,0,0,0,0,0,0,0,0,0,
hands,Lunar gloves,yes,100,60,0.907,,,0,0,0,4,-1,2,1,1,2,0,0,0,0,0,"magic 65, defence 40"
hands,Mime gloves,no,1,0,0.001,,,0,0,0,0,0,0,0,0,0,0,0,0,0,0,
hands,Mining gloves,yes,60,36,0.226,,,0,0,0,0,0,0,0,0,0,0,0,0,0,0,
hands,Mithril gloves,yes,1500,900,0.226,,,6,6,6,3,6,6,6,6,3,6,6,0,0,0,
hands,Moonclan gloves,yes,900,540,0.907,,,0,0,0,2,-5,2,2,2,2,-5,0,0,0,0,
hands,Mourner gloves,yes,20,12,0.226,,,0,0,0,0,0,0,1,2,0,0,0,0,0,0,
hands,Mummy's hands,yes,1,0,0.5,,,0,0,0,0,0,0,0,0,0,0,0,0,0,0,
hands,Mystic gloves,yes,10000,6000,0.453,,,0,0,0,3,0,0,0,0,3,0,0,0,0,0,"magic 40, defence 20"
hands,Mystic gloves (dark),yes,10000,6000,0.453,,,0,0,0,3,0,0,0,0,3,0,0,0,0,0,"magic 40, defence 20"
hands,Mystic gloves (dusk),yes,10000,6000,0.453,,,0,0,0,3,0,0,0,0,3,0,0,0,0,0,"magic 40, defence 20"
hands,Mystic gloves (light),yes,10000,6000,0.453,,,0,0,0,3,0,0,0,0,3,0,0,0,0,0,"magic 40, defence 20"
hands,Onyx bracelet,yes,201000,120600,0.25,,,0,0,0,0,0,0,0,0,0,0,0,0,0,0,
hands,Opal bracelet,yes,1150,690,0.25,,,0,0,0,0,0,0,0,0,0,0,0,0,0,0,
hands,Ornate gloves,no,1,0,0.226,,,0,0,0,0,0,0,1,2,0,0,0,0,0,0,
hands,Penance gloves,yes,65001,39000,0.3,,,0,0,0,0,0,0,3,4,0,2,0,0,0,0,defence 40
hands,Pirate's hook,yes,89,53,0.3,,,0,0,0,0,0,1,5,3,0,0,0,0,0,0,
hands,Purple gloves,no,500,300,0.453,,,0,0,0,0,0,0,1,2,0,0,0,0,0,0,
hands,Ranger gloves,yes,3400,2040,0.226,,,0,0,0,-10,11,1,2,1,2,0,0,0,0,0,ranged 40
hands,Red d'hide vambraces,yes,3600,2160,0.283,,,0,0,0,-10,10,3,4,4,6,0,0,0,0,0,ranged 60
hands,Red gloves,no,500,300,0.453,,,0,0,0,0,0,0,1,2,0,0,0,0,0,0,
hands,Red spiky vambraces,yes,3600,2160,0.283,,,0,0,0,-10,10,5,4,6,6,0,2,0,0,0,ranged 60
hands,Regen bracelet,yes,202000,121200,0.25,,,8,8,8,3,7,6,6,6,3,6,7,0,0,0,
hands,Rock-shell gloves,yes,650,390,3.175,,,0,0,0,0,0,0,1,2,0,0,0,0,0,0,
hands,Rogue gloves,yes,250,150,0.453,,,0,0,0,0,0,2,2,2,2,2,0,0,0,0,"thieving 50, agility 50"
hands,Ruby bracelet,yes,2325,1395,0.25,,,0,0,0,0,0,0,0,0,0,0,0,0,0,0,
hands,Rune gloves,yes,5000,3000,0.226,,,8,8,8,4,8,8,8,8,4,8,8,0,0,0,
hands,Samurai gloves,yes,3200,1920,0.4,,,2,2,2,2,2,3,3,3,3,3,0,0,0,0,defence 35
hands,Santa gloves,no,0,0,0.1,,,0,0,0,0,0,0,0,0,0,0,0,0,0,0,
hands,Sapphire bracelet,yes,1150,690,0.25,,,0,0,0,0,0,0,0,0,0,0,0,0,0,0,
hands,Saradomin bracers,yes,4000,2400,1.0,,,0,0,0,-10,11,6,5,7,8,0,0,0,0,1,"ranged 70, defence 40"
hands,Shayzien gloves (1),yes,20,12,0.226,,,0,0,0,-1,0,0,0,1,-1,0,0,0,0,0,defence 20
hands,Shayzien gloves (2),yes,30,18,0.226,,,0,0,1,-1,0,0,0,1,-1,0,1,0,0,0,defence 20
hands,Shayzien gloves (3),yes,40,24,0.226,,,0,0,2,-1,0,0,0,1,-1,0,2,0,0,0,defence 20
hands,Shayzien gloves (4),yes,50,30,0.226,,,0,0,2,-1,0,0,1,2,-1,1,2,0,0,0,defence 20
hands,Shayzien gloves (5),yes,60,36,0.226,,,0,0,2,-1,6,0,2,3,-1,2,3,0,0,0,defence 20
hands,Skeletal gloves,yes,650,390,3.175,,,0,0,0,0,0,0,1,2,0,0,0,0,0,0,
hands,Skeleton gloves,no,1,0,2.267,,,0,0,0,0,0,0,0,0,0,0,0,0,0,0,
hands,Snakeskin vambraces,yes,434,260,0.283,,,0,0,0,-5,6,2,2,2,1,0,0,0,0,0,"ranged 30, defence 30"
hands,Snow imp costume gloves,no,1,0,0.113,,,0,0,0,0,0,0,0,0,0,0,0,0,0,0,
hands,Spiky vambraces,yes,160,96,0.226,,,0,0,0,0,4,2,2,1,0,0,2,0,0,0,ranged 1
hands,Spined gloves,yes,650,390,3.175,,,0,0,0,0,0,0,1,2,0,0,0,0,0,0,
hands,Splitbark gauntlets,yes,5000,3000,0.907,,,0,0,0,2,-1,3,2,4,2,0,0,0,0,0,"magic 40, defence 40"
hands,Spookier gloves,no,1,0,0.113,,,0,0,0,0,0,0,0,0,0,0,0,0,0,0,
hands,Spooky gloves,no,1,0,0.113,,,0,0,0,0,0,0,0,0,0,0,0,0,0,0,
hands,Steel gauntlets,yes,1,0,0.226,,,2,2,2,0,0,8,9,7,0,0,2,0,0,0,
hands,Steel gloves,yes,500,300,0.226,,,4,4,4,2,4,4,4,4,2,4,4,0,0,0,
hands,Superior mining gloves,yes,120,72,0.226,,,0,0,0,0,0,0,0,0,0,0,0,0,0,0,
hands,Swampbark gauntlets,yes,10000,6000,0.907,,,0,0,0,3,0,4,3,5,4,0,0,0,0,0,"magic 50, defence 50"
hands,Teal gloves,no,500,300,0.453,,,0,0,0,0,0,0,1,2,0,0,0,0,0,0,
hands,Topaz bracelet,yes,1500,900,0.25,,,0,0,0,0,0,0,0,0,0,0,0,0,0,0,
hands,Tormented bracelet,yes,201000,120600,0.25,,,0,0,0,10,0,0,0,0,0,0,0,0,5,2,hitpoints 75
hands,Tormented bracelet (or),yes,201000,120600,0.25,,,0,0,0,10,0,0,0,0,0,0,0,0,5,2,hitpoints 75
hands,Villager armband,yes,150,90,0.68,,,0,0,0,0,0,0,0,0,0,0,0,0,0,0,
hands,Void knight gloves,yes,6052,3631,0.453,,,0,0,0,0,0,6,6,6,4,6,0,0,0,0,"attack 42, strength 42, hitpoints 42, ranged 42, magic 42, defence 42, prayer 22"
hands,Void knight gloves (l),yes,6052,3631,0.453,,,0,0,0,0,0,6,6,6,4,6,0,0,0,0,"attack 42, strength 42, hitpoints 42, ranged 42, magic 42, defence 42, prayer 22"
hands,Warm gloves,yes,200,120,0.453,,,0,0,0,0,0,0,0,0,0,0,0,0,0,0,
hands,White gloves,yes,6,3,0.226,,,0,0,0,0,0,0,1,2,0,0,0,0,0,1,defence 10
hands,Yellow gloves,no,500,300,0.453,,,0,0,0,0,0,0,1,2,0,0,0,0,0,0,
hands,Zamorak bracers,yes,4000,2400,1.0,,,0,0,0,-10,11,6,5,7,8,0,0,0,0,1,"ranged 70, defence 40"
hands,Zenyte bracelet,yes,201000,120600,0.25,,,0,0,0,0,0,0,0,0,0,0,0,0,0,0,
hands,Zombie gloves,no,1,0,0.003,,,0,0,0,0,0,0,0,0,0,0,0,0,0,0,
feet,20th anniversary boots,no,0,0,0.453,,,0,0,0,0,0,0,0,0,0,0,0,0,0,0,
feet,Adamant boots,yes,1920,1152,1.36,,,0,0,0,-3,-1,10,11,12,0,0,1,0,0,0,defence 30
feet,Ancient d'hide boots,yes,9300,5580,1.4,,,0,0,0,-10,7,4,4,4,4,4,0,0,0,1,"ranged 70, defence 40"
feet,Angler boots,yes,100,60,1.0,,,0,0,0,0,0,0,0,0,0,0,0,0,0,0,
feet,Ankou socks,yes,1,0,0.5,,,0,0,0,0,0,0,0,0,0,0,0,0,0,0,
feet,Antisanta boots,no,0,0,0.4,,,0,0,0,0,0,0,0,0,0,0,0,0,0,0,
feet,Armadyl d'hide boots,yes,9300,5580,1.4,,,0,0,0,-10,7,4,4,4,4,4,0,0,0,1,"ranged 70, defence 40"
feet,Bandos boots,yes,289010,173406,6.0,,,0,0,0,-5,-3,17,18,19,0,15,0,0,0,1,defence 65
feet,Bandos d'hide boots,yes,9300,5580,1.4,,,0,0,0,-10,7,4,4,4,4,4,0,0,0,1,"ranged 70, defence 40"
feet,Bear feet,no,1000,600,0.2,,,0,0,0,0,0,0,0,0,0,0,0,0,0,0,
feet,Beekeeper's boots,no,1,0,0.001,,,0,0,0,0,0,0,0,0,0,0,0,0,0,0,
feet,Black boots,yes,576,345,1.36,,,0,0,0,-3,-1,7,8,9,0,0,0,0,0,0,defence 10
feet,Bloodbark boots,yes,10000,6000,0.907,,,0,0,0,4,0,5,4,6,5,0,0,0,0,0,"magic 60, defence 60"
feet,Blue boots,yes,200,120,0.34,,,0,0,0,0,0,0,1,1,0,0,0,0,0,0,
feet,Boots of brimstone,yes,20000,12000,3.175,,,3,0,0,3,5,10,10,10,5,5,0,0,0,0,"slayer 44, defence 70, magic 70, ranged 70"
feet,Boots of darkness,yes,10000,6000,0.453,,,0,0,0,3,0,0,0,0,3,0,0,0,0,0,"magic 40, defence 20"
feet,Boots of lightness,yes,6,3,0.3,,,0,0,0,0,0,1,1,1,0,0,0,0,0,0,
feet,Boots of stone,yes,200,120,3.175,,,0,0,0,0,0,1,1,1,0,0,0,0,0,0,slayer 44
feet,Bronze boots,yes,24,14,1.36,,,0,0,0,-3,-1,1,2,3,0,0,0,0,0,0,defence 1
feet,Builder's boots,yes,100,60,0.45,,,0,0,0,0,0,0,0,0,0,0,0,0,0,0,
feet,Bunny feet,no,0,0,0.1,,,0,0,0,0,0,0,0,0,0,0,0,0,0,0,
feet,Carpenter's boots,yes,280,0,0.42,,,0,0,0,0,0,0,0,0,0,0,0,0,0,0,
feet,Chicken feet,no,1,0,0.25,,,0,0,0,0,0,0,0,0,0,0,0,0,0,0,
feet,Citizen shoes,yes,5,3,0.907,,,0,0,0,0,0,0,2,2,0,0,0,0,0,0,
feet,Climbing boots,yes,12,7,0.34,,,0,0,0,0,0,0,2,2,0,0,2,0,0,0,
feet,Climbing boots (g),yes,75000,45000,0.34,,,0,0,0,0,0,0,2,2,0,0,2,0,0,0,
feet,Clown shoes,no,0,0,0.1,,,0,0,0,0,0,0,0,0,0,0,0,0,0,0,
feet,Clue hunter boots,yes,1,0,0.7,,,0,0,0,0,0,0,1,1,0,0,0,0,0,0,
feet,Cow shoes,no,1,0,1.0,,,0,0,0,0,0,0,0,0,0,0,0,0,0,0,
feet,Cream boots,yes,200,120,0.34,,,0,0,0,0,0,0,1,1,0,0,0,0,0,0,
feet,Dark flippers,yes,1,0,0.34,,,-2,-2,-2,0,0,0,1,1,0,0,0,0,0,0,
feet,Dark tuxedo shoes,yes,3000,1800,0.5,,,0,0,0,0,0,0,0,0,0,0,0,0,0,0,
feet,Decorative boots,no,850,510,1.36,,,0,0,0,-3,-1,5,6,7,0,0,0,0,0,0,
feet,Decorative boots (l),no,850,510,1.36,,,0,0,0,-3,-1,10,11,12,0,0,1,0,0,0,
feet,Demon feet,no,1000,600,0.2,,,0,0,0,0,0,0,0,0,0,0,0,0,0,0,
feet,Desert boots,yes,20,12,0.226,,,0,0,0,0,0,0,0,0,0,0,0,0,0,0,
feet,Devout boots,yes,20000,12000,0.5,,,0,0,0,0,0,0,0,0,0,0,0,0,0,5,prayer 60
feet,Dragon boots,yes,20000,12000,1.0,,,0,0,0,-3,-1,16,17,18,0,0,4,0,0,0,defence 60
feet,Dragon boots (g),yes,20000,12000,1.0,,,0,0,0,-3,-1,16,17,18,0,0,4,0,0,0,defence 60
feet,Dragonstone boots,yes,12500,7500,1.36,,,0,0,0,-3,-1,12,13,14,0,0,2,0,0,0,defence 40
feet,Elven boots,yes,10000,6000,4.535,,,0,0,0,0,0,0,0,0,0,0,0,0,0,0,
feet,Eternal boots,yes,75000,45000,1.814,,,0,0,0,8,0,5,5,5,8,5,0,0,0,0,"magic 75, defence 75"
feet,Evil chicken feet,yes,1,0,0.25,,,0,0,0,0,0,0,0,0,0,0,0,0,0,0,
feet,Fancy boots,no,1,0,0.01,,,0,0,0,-3,-1,1,2,3,0,0,0,0,0,0,
feet,Farmer's boots,yes,50,30,0.907,,,0,0,0,0,0,0,0,0,0,0,0,0,0,0,
feet,Fighting boots,no,1,0,0.01,,,0,0,0,-3,-1,1,2,3,0,0,0,0,0,0,
feet,Flippers,yes,1,0,0.34,,,-2,-2,-2,0,0,0,1,1,0,0,0,0,0,0,
feet,Fremennik boots,yes,500,300,0.34,,,0,0,0,0,0,0,1,1,0,0,0,0,0,0,
feet,Fremennik sea boots 1,yes,0,0,0.4,,,0,0,0,-3,-1,2,3,4,0,0,0,0,0,0,
feet,Fremennik sea boots 2,yes,0,0,0.4,,,0,0,0,-3,-1,5,6,7,0,0,0,0,0,0,
feet,Fremennik sea boots 3,yes,0,0,0.4,,,0,0,0,-3,-1,7,8,9,0,0,0,0,0,0,
feet,Fremennik sea boots 4,yes,0,0,0.4,,,0,0,0,1,1,10,11,12,0,0,1,0,0,0,
feet,Frog slippers,no,1000,600,0.2,,,0,0,0,0,0,0,0,0,0,0,0,0,0,0,
feet,Frog-leather boots,yes,200,120,1.0,,,0,0,0,-8,2,1,1,1,0,1,0,0,0,0,"defence 25, ranged 25"
feet,Gardening boots,yes,25,15,0.34,,,0,0,0,0,0,0,0,0,0,0,0,0,0,0,
feet,Ghostly boots,yes,30,18,0.001,,,0,0,0,2,0,0,0,0,2,0,0,0,0,0,
feet,Gilded boots,yes,12500,7500,1.36,,,0,0,0,-3,-1,12,13,14,0,0,2,0,0,0,defence 40
feet,Golden prospector boots,yes,3000,1800,0.907,,,0,0,0,0,0,0,0,0,0,0,0,0,0,0,
feet,Graceful boots,yes,40,24,0.4,,,0,0,0,0,0,0,0,0,0,0,0,0,0,0,
feet,Granite boots,yes,12500,7500,2.721,,,0,0,0,-3,-1,15,16,17,0,8,3,0,0,0,defence 50
feet,Gravedigger boots,no,1,0,2.0,,,0,0,0,0,0,0,0,0,0,0,0,0,0,0,
feet,Green boots,yes,200,120,0.34,,,0,0,0,0,0,0,1,1,0,0,0,0,0,0,
feet,Grey boots,yes,500,300,0.34,,,0,0,0,0,0,0,1,1,0,0,0,0,0,0,
feet,Guardian boots,yes,305000,183000,7.0,,,0,0,0,-3,-1,32,32,32,-3,24,3,0,0,2,defence 75
feet,Guthix d'hide boots,yes,9300,5580,1.4,,,0,0,0,-10,7,4,4,4,4,4,0,0,0,1,"ranged 70, defence 40"
feet,Ham boots,yes,75,45,0.34,,,0,0,0,0,0,0,1,1,0,0,0,0,0,0,
feet,Holy sandals,yes,2000,1200,0.5,,,0,0,0,0,0,0,0,0,0,0,0,0,0,3,prayer 31
feet,Infinity boots,yes,12000,7200,0.453,,,0,0,0,5,0,0,0,0,5,0,0,0,0,0,"magic 50, defence 25"
feet,Insulated boots,yes,200,120,1.36,,,0,0,0,0,0,1,1,0,0,1,0,0,0,0,slayer 37
feet,Iron boots,yes,84,50,1.36,,,0,0,0,-3,-1,2,3,4,0,0,0,0,0,0,defence 1
feet,Leather boots,no,6,3,0.34,,,0,0,0,0,0,0,1,1,0,0,0,0,0,0,defence 1
feet,Light tuxedo shoes,yes,3000,1800,0.5,,,0,0,0,0,0,0,0,0,0,0,0,0,0,0,
feet,Lumberjack boots,yes,50,30,0.907,,,0,0,0,0,0,0,0,0,0,0,0,0,0,0,
feet,Lunar boots,yes,100,60,0.907,,,0,0,0,2,-1,1,2,2,2,0,0,0,0,0,"magic 65, defence 40"
feet,Mime boots,no,1,0,0.34,,,0,0,0,0,0,0,0,0,0,0,0,0,0,0,
feet,Mithril boots,yes,780,468,1.36,,,0,0,0,-3,-1,8,9,10,0,0,0,0,0,0,defence 20
feet,Mole slippers,no,1000,600,0.2,,,0,0,0,0,0,0,0,0,0,0,0,0,0,0,
feet,Moonclan boots,yes,900,540,0.907,,,0,0,0,2,-5,2,2,2,2,-5,0,0,0,0,
feet,Mourner boots,yes,30,18,1.36,,,0,0,0,0,0,0,1,1,0,0,0,0,0,0,
feet,Mummy's feet,yes,1,0,0.5,,,0,0,0,0,0,0,0,0,0,0,0,0,0,0,
feet,Mystic boots,yes,10000,6000,0.453,,,0,0,0,3,0,0,0,0,3,0,0,0,0,0,"magic 40, defence 20"
feet,Mystic boots (dark),yes,10000,6000,0.453,,,0,0,0,3,0,0,0,0,3,0,0,0,0,0,"magic 40, defence 20"
feet,Mystic boots (dusk),yes,10000,6000,0.453,,,0,0,0,3,0,0,0,0,3,0,0,0,0,0,"magic 40, defence 20"
feet,Mystic boots (light),yes,10000,6000,0.453,,,0,0,0,3,0,0,0,0,3,0,0,0,0,0,"magic 40, defence 20"
feet,Ornate boots,no,1,0,1.36,,,0,0,0,0,0,0,1,1,0,0,0,0,0,0,
feet,Pegasian boots,yes,75000,45000,1.814,,,0,0,0,-12,12,5,5,5,5,5,0,0,0,0,"ranged 75, defence 75"
feet,Pink boots,yes,200,120,0.34,,,0,0,0,0,0,0,1,1,0,0,0,0,0,0,
feet,Pirate boots,yes,350,210,4.0,,,0,0,0,0,0,0,0,0,0,0,0,0,0,0,
feet,Primordial boots,yes,75000,45000,1.814,,,2,2,2,-4,-1,22,22,22,0,0,5,0,0,0,"defence 75, strength 75"
feet,Prospector boots,yes,30,18,0.907,,,0,0,0,0,0,0,0,0,0,0,0,0,0,0,
feet,Purple boots,yes,500,300,0.34,,,0,0,0,0,0,0,1,1,0,0,0,0,0,0,
feet,Pyromancer boots,yes,200,120,1.36,,,0,0,0,0,0,0,0,0,0,0,0,0,0,0,
feet,Ranger boots,yes,200,120,0.283,,,0,0,0,-10,8,2,3,4,2,0,0,0,0,0,"ranged 40, defence 1"
feet,Red boots,yes,500,300,0.34,,,0,0,0,0,0,0,1,1,0,0,0,0,0,0,
feet,Rock-shell boots,yes,650,390,3.175,,,0,0,0,0,0,0,1,1,0,0,0,0,0,0,
feet,Rogue boots,yes,250,150,0.453,,,0,0,0,0,0,2,2,2,2,2,0,0,0,0,"thieving 50, agility 50"
feet,Rune boots,yes,12500,7500,1.36,,,0,0,0,-3,-1,12,13,14,0,0,2,0,0,0,defence 40
feet,Runner boots,yes,65003,0,0.34,,,0,0,0,1,1,8,8,8,0,0,0,0,0,0,defence 40
feet,Samurai boots,yes,4500,2700,0.95,,,0,0,0,0,0,11,12,13,1,0,0,0,0,0,defence 35
feet,Santa boots,no,0,0,0.4,,,0,0,0,0,0,0,0,0,0,0,0,0,0,0,
feet,Saradomin d'hide boots,yes,9300,5580,1.4,,,0,0,0,-10,7,4,4,4,4,4,0,0,0,1,"ranged 70, defence 40"
feet,Shayzien boots (1),yes,25,15,1.36,,,0,0,0,-2,-1,1,2,3,0,0,0,0,0,0,defence 20
feet,Shayzien boots (2),yes,35,21,1.36,,,0,0,0,-2,-1,2,3,4,0,0,0,0,0,0,defence 20
feet,Shayzien boots (3),yes,45,27,1.36,,,0,0,0,-2,-1,4,5,6,0,0,0,0,0,0,defence 20
feet,Shayzien boots (4),yes,55,33,1.36,,,0,0,0,-2,-1,5,6,7,0,0,0,0,0,0,defence 20
feet,Shayzien boots (5),yes,65,39,1.36,,,0,0,0,-2,4,5,7,8,0,0,0,0,0,0,defence 20
feet,Shoes,yes,1,0,0.226,,,0,0,0,0,0,0,0,0,0,0,0,0,0,0,
feet,Silly jester boots,yes,100,60,1.36,,,0,0,0,0,0,0,0,0,5,-5,0,0,0,0,
feet,Skeletal boots,yes,650,390,3.175,,,0,0,0,0,0,0,1,1,0,0,0,0,0,0,
feet,Skeleton boots,no,1,0,2.267,,,0,0,0,0,0,0,0,0,0,0,0,0,0,0,
feet,Slave boots,yes,1,0,0.68,,,0,0,0,0,0,0,0,0,0,0,0,0,0,0,
feet,Snakeskin boots,yes,250,150,0.34,,,0,0,0,-10,3,1,1,2,1,0,0,0,0,0,"ranged 30, defence 30"
feet,Snow imp costume feet,no,0,0,0.1,,,0,0,0,0,0,0,0,0,0,0,0,0,0,0,
feet,Spiked boots,yes,30,18,0.34,,,0,0,0,0,0,0,2,2,0,0,2,0,0,0,
feet,Spiked manacles,yes,2500,1500,3.0,,,0,0,0,-3,-1,0,0,0,-4,0,4,0,0,0,
feet,Spined boots,yes,650,390,3.175,,,0,0,0,0,0,0,1,1,0,0,0,0,0,0,"defence 40, magic 40"
feet,Spirit angler boots,yes,120,72,1.0,,,0,0,0,0,0,0,0,0,0,0,0,0,0,0,
feet,Splitbark boots,yes,5000,3000,0.907,,,0,0,0,2,-1,3,2,4,2,0,0,0,0,0,"magic 40, defence 40"
feet,Spookier boots,no,0,0,0.1,,,0,0,0,0,0,0,0,0,0,0,0,0,0,0,
feet,Spooky boots,no,0,0,0.1,,,0,0,0,0,0,0,0,0,0,0,0,0,0,0,
feet,Steel boots,yes,300,180,1.36,,,0,0,0,-3,-1,5,6,7,0,0,0,0,0,0,defence 5
feet,Swampbark boots,yes,10000,6000,0.907,,,0,0,0,3,0,4,3,5,4,0,0,0,0,0,"magic 50, defence 50"
feet,Teal boots,yes,500,300,0.34,,,0,0,0,0,0,0,1,1,0,0,0,0,0,0,
feet,Trailblazer boots (t1),yes,15000,9000,0.34,,,0,0,0,0,0,0,0,0,0,0,0,0,0,0,
feet,Trailblazer boots (t2),yes,15000,9000,0.34,,,0,0,0,0,0,0,0,0,0,0,0,0,0,0,
feet,Trailblazer boots (t3),yes,150000,90000,0.34,,,0,0,0,0,0,0,0,0,0,0,0,0,0,0,
feet,Turquoise boots,yes,200,120,0.34,,,0,0,0,0,0,0,1,1,0,0,0,0,0,0,
feet,Twisted boots (t1),yes,1000,600,0.34,,,0,0,0,0,0,0,0,0,0,0,0,0,0,0,
feet,Twisted boots (t2),yes,10000,6000,0.34,,,0,0,0,0,0,0,0,0,0,0,0,0,0,0,
feet,Twisted boots (t3),yes,100000,60000,0.34,,,0,0,0,0,0,0,0,0,0,0,0,0,0,0,
feet,Villager sandals,yes,100,60,0.68,,,0,0,0,0,0,0,0,0,0,0,0,0,0,0,
feet,Vyre noble shoes,yes,100,60,0.907,,,0,0,0,0,0,0,0,0,0,0,0,0,0,0,
feet,Vyrewatch shoes,yes,500,300,0.907,,,0,0,0,0,0,0,2,2,0,0,0,0,0,0,
feet,White boots,yes,576,345,1.36,,,0,0,0,-3,-1,7,8,9,0,0,0,0,0,1,defence 10
feet,Wizard boots,yes,200,120,0.283,,,0,0,0,4,0,0,0,0,4,0,0,0,0,0,"magic 20, defence 1"
feet,Yellow boots,yes,500,300,0.34,,,0,0,0,0,0,0,1,1,0,0,0,0,0,0,
feet,Zamorak d'hide boots,yes,9300,5580,1.4,,,0,0,0,-10,7,4,4,4,4,4,0,0,0,1,"ranged 70, defence 40"
feet,Zealot's boots,yes,24400,14640,0.283,,,0,0,0,0,0,0,0,0,0,0,0,0,0,1,
feet,Zombie boots,no,1,0,0.003,,,0,0,0,0,0,0,0,0,0,0,0,0,0,0,
ring,'perfect' ring,yes,2025,1215,0.007,,,0,0,0,0,0,0,0,0,0,0,0,0,0,0,
ring,Archers ring,yes,10000,6000,0.004,,,0,0,0,0,4,0,0,0,0,4,0,0,0,0,
ring,Archers ring (i),yes,10000,6000,0.004,,,0,0,0,0,8,0,0,0,0,8,0,0,0,0,
ring,Beacon ring,yes,0,0,0.006,,,0,0,0,2,0,0,0,0,1,0,0,0,0,0,
ring,Berserker ring,yes,10000,6000,0.004,,,0,0,0,0,0,0,0,4,0,0,4,0,0,0,
ring,Berserker ring (i),yes,10000,6000,0.004,,,0,0,0,0,0,0,0,8,0,0,8,0,0,0,
ring,Brimstone ring,yes,10000,6000,0.004,,,4,4,4,6,4,4,4,4,6,4,4,0,0,0,
ring,Celestial ring,yes,2000,1200,0.006,,,0,0,0,0,0,0,0,0,0,0,0,0,0,0,
ring,Celestial ring (uncharged),yes,2000,1200,0.006,,,0,0,0,0,0,0,0,0,0,0,0,0,0,0,
ring,Celestial signet,yes,2000,1200,0.006,,,0,0,0,0,0,0,0,0,0,0,0,0,0,0,
ring,Celestial signet (uncharged),yes,2000,1200,0.006,,,0,0,0,0,0,0,0,0,0,0,0,0,0,0,
ring,Diamond ring,no,3525,2115,0.006,,,0,0,0,0,0,0,0,0,0,0,0,0,0,0,
ring,Dragonstone ring,yes,17625,10575,0.006,,,0,0,0,0,0,0,0,0,0,0,0,0,0,0,
ring,Easter ring,no,1,0,0.001,,,0,0,0,0,0,0,0,0,0,0,0,0,0,0,
ring,Efaritay's aid,yes,1425,855,0.006,,,0,0,0,0,0,0,0,0,0,0,0,0,0,0,
ring,Elven signet,yes,30000,18000,0.006,,,0,0,0,0,0,0,0,0,0,0,0,0,0,0,
ring,Emerald ring,no,1275,765,0.006,,,0,0,0,0,0,0,0,0,0,0,0,0,0,0,
ring,Explorer's ring 1,yes,0,0,0.006,,,0,0,0,0,0,0,0,0,0,0,0,0,0,1,
ring,Explorer's ring 2,yes,0,0,0.006,,,0,0,0,0,0,0,0,0,0,0,0,0,0,1,
ring,Explorer's ring 3,yes,0,0,0.006,,,0,0,0,0,0,0,0,0,0,0,0,0,0,1,
ring,Explorer's ring 4,yes,0,0,0.006,,,0,0,0,0,0,0,0,0,0,0,0,0,0,1,
ring,Gold ring,no,350,210,0.004,,,0,0,0,0,0,0,0,0,0,0,0,0,0,0,
ring,Granite ring,yes,15000,9000,3.0,,,0,0,0,0,0,2,2,2,-2,8,0,0,0,0,"strength 50, defence 50"
ring,Granite ring (i),yes,15000,9000,3.0,,,0,0,0,0,0,4,4,4,-4,16,0,0,0,0,"strength 50, defence 50"
ring,Hallowed ring,yes,250,0,0.004,,,0,0,0,0,0,0,0,0,0,0,0,0,0,0,
ring,Jade ring,yes,1275,765,0.006,,,0,0,0,0,0,0,0,0,0,0,0,0,0,0,
ring,Lightbearer,yes,1000000,600000,0.05,,,0,0,0,0,0,0,0,0,0,0,0,0,0,0,
ring,Lunar ring,yes,100,60,0.006,,,0,0,0,2,0,0,0,0,2,0,0,0,0,0,
ring,Onyx ring,yes,201000,120600,0.006,,,0,0,0,0,0,0,0,0,0,0,0,0,0,0,
ring,Opal ring,yes,1050,630,0.006,,,0,0,0,0,0,0,0,0,0,0,0,0,0,0,
ring,Ring of 3rd age,no,12000,7200,0.005,,,0,0,0,0,0,0,0,0,0,0,0,0,0,0,
ring,Ring of charos,yes,1,0,0.005,,,0,0,0,0,0,0,0,0,0,0,0,0,0,0,
ring,Ring of charos(a),yes,1,0,0.005,,,0,0,0,0,0,0,0,0,0,0,0,0,0,0,
ring,Ring of coins,no,8000,4800,0.004,,,0,0,0,0,0,0,0,0,0,0,0,0,0,0,
ring,Ring of dueling(1),yes,1275,765,0.006,,,0,0,0,0,0,0,0,0,0,0,0,0,0,0,
ring,Ring of dueling(2),yes,1275,765,0.006,,,0,0,0,0,0,0,0,0,0,0,0,0,0,0,
ring,Ring of dueling(3),yes,1275,765,0.006,,,0,0,0,0,0,0,0,0,0,0,0,0,0,0,
ring,Ring of dueling(4),yes,1275,765,0.006,,,0,0,0,0,0,0,0,0,0,0,0,0,0,0,
ring,Ring of dueling(5),yes,1275,765,0.006,,,0,0,0,0,0,0,0,0,0,0,0,0,0,0,
ring,Ring of dueling(6),yes,1275,765,0.006,,,0,0,0,0,0,0,0,0,0,0,0,0,0,0,
ring,Ring of dueling(7),yes,1275,765,0.006,,,0,0,0,0,0,0,0,0,0,0,0,0,0,0,
ring,Ring of dueling(8),yes,1275,765,0.006,,,0,0,0,0,0,0,0,0,0,0,0,0,0,0,
ring,Ring of endurance,yes,64000,38400,0.006,,,0,0,0,0,0,0,0,0,0,0,0,0,0,0,agility 70
ring,Ring of endurance (uncharged),yes,64000,38400,0.006,,,0,0,0,0,0,0,0,0,0,0,0,0,0,0,agility 70
ring,Ring of forging,no,2025,1215,0.006,,,0,0,0,0,0,0,0,0,0,0,0,0,0,0,
ring,Ring of life,yes,3525,2115,0.006,,,0,0,0,0,0,0,0,0,0,0,0,0,0,0,
ring,Ring of nature,no,8000,4800,0.004,,,0,0,0,0,0,0,0,0,0,0,0,0,0,0,
ring,Ring of pursuit,yes,1050,630,0.006,,,0,0,0,0,0,0,0,0,0,0,0,0,0,0,
ring,Ring of recoil,yes,900,540,0.006,,,0,0,0,0,0,0,0,0,0,0,0,0,0,0,
ring,Ring of returning(1),yes,1275,765,0.006,,,0,0,0,0,0,0,0,0,0,0,0,0,0,0,
ring,Ring of returning(2),yes,1275,765,0.006,,,0,0,0,0,0,0,0,0,0,0,0,0,0,0,
ring,Ring of returning(3),yes,1275,765,0.006,,,0,0,0,0,0,0,0,0,0,0,0,0,0,0,
ring,Ring of returning(4),yes,1275,765,0.006,,,0,0,0,0,0,0,0,0,0,0,0,0,0,0,
ring,Ring of returning(5),yes,1275,765,0.006,,,0,0,0,0,0,0,0,0,0,0,0,0,0,0,
ring,Ring of stone,yes,202000,121200,0.006,,,0,0,0,0,0,0,0,0,0,0,0,0,0,0,
ring,Ring of suffering,yes,201000,120600,0.006,,,0,0,0,0,0,10,10,10,10,10,0,0,0,2,hitpoints 75
ring,Ring of suffering (i),yes,201100,120660,0.006,,,0,0,0,0,0,20,20,20,20,20,0,0,0,4,hitpoints 75
ring,Ring of suffering (r),yes,201000,120600,0.006,,,0,0,0,0,0,10,10,10,10,10,0,0,0,2,hitpoints 75
ring,Ring of suffering (ri),yes,201100,120660,0.006,,,0,0,0,0,0,20,20,20,20,20,0,0,0,4,hitpoints 75
ring,Ring of the gods,yes,50000,30000,0.3,,,0,0,0,0,0,1,1,1,1,1,0,0,0,4,
ring,Ring of the gods (i),yes,50000,30000,0.3,,,0,0,0,0,0,1,1,1,1,1,0,0,0,8,
ring,Ring of visibility,yes,350,210,0.004,,,0,0,0,0,0,0,0,0,0,0,0,0,0,0,
ring,Ring of wealth,yes,17625,10575,0.006,,,0,0,0,0,0,0,0,0,0,0,0,0,0,0,
ring,Ring of wealth (1),yes,17625,10575,0.006,,,0,0,0,0,0,0,0,0,0,0,0,0,0,0,
ring,Ring of wealth (2),yes,17625,10575,0.006,,,0,0,0,0,0,0,0,0,0,0,0,0,0,0,
ring,Ring of wealth (3),yes,17625,10575,0.006,,,0,0,0,0,0,0,0,0,0,0,0,0,0,0,
ring,Ring of wealth (4),yes,17625,10575,0.006,,,0,0,0,0,0,0,0,0,0,0,0,0,0,0,
ring,Ring of wealth (5),yes,17625,10575,0.006,,,0,0,0,0,0,0,0,0,0,0,0,0,0,0,
ring,Ring of wealth (i),yes,17625,10575,0.006,,,0,0,0,0,0,0,0,0,0,0,0,0,0,0,
ring,Ring of wealth (i1),yes,17625,10575,0.006,,,0,0,0,0,0,0,0,0,0,0,0,0,0,0,
ring,Ring of wealth (i2),yes,17625,10575,0.006,,,0,0,0,0,0,0,0,0,0,0,0,0,0,0,
ring,Ring of wealth (i3),yes,17625,10575,0.006,,,0,0,0,0,0,0,0,0,0,0,0,0,0,0,
ring,Ring of wealth (i4),yes,17625,10575,0.006,,,0,0,0,0,0,0,0,0,0,0,0,0,0,0,
ring,Ring of wealth (i5),yes,17625,10575,0.006,,,0,0,0,0,0,0,0,0,0,0,0,0,0,0,
ring,Ruby ring,no,2025,1215,0.006,,,0,0,0,0,0,0,0,0,0,0,0,0,0,0,
ring,Sapphire ring,no,900,540,0.006,,,0,0,0,0,0,0,0,0,0,0,0,0,0,0,
ring,Seers ring,yes,10000,6000,0.004,,,0,0,0,6,0,0,0,0,6,0,0,0,0,0,
ring,Seers ring (i),yes,10000,6000,0.004,,,0,0,0,12,0,0,0,0,12,0,0,0,0,0,
ring,Slayer ring (1),yes,930,558,0.01,,,0,0,0,0,0,0,0,0,0,0,0,0,0,0,
ring,Slayer ring (2),yes,940,564,0.01,,,0,0,0,0,0,0,0,0,0,0,0,0,0,0,
ring,Slayer ring (3),yes,950,570,0.01,,,0,0,0,0,0,0,0,0,0,0,0,0,0,0,
ring,Slayer ring (4),yes,960,576,0.01,,,0,0,0,0,0,0,0,0,0,0,0,0,0,0,
ring,Slayer ring (5),yes,970,582,0.01,,,0,0,0,0,0,0,0,0,0,0,0,0,0,0,
ring,Slayer ring (6),yes,980,588,0.01,,,0,0,0,0,0,0,0,0,0,0,0,0,0,0,
ring,Slayer ring (7),yes,990,594,0.01,,,0,0,0,0,0,0,0,0,0,0,0,0,0,0,
ring,Slayer ring (8),yes,1000,600,0.01,,,0,0,0,0,0,0,0,0,0,0,0,0,0,0,
ring,Slayer ring (eternal),yes,35300,21180,0.013,,,0,0,0,0,0,0,0,0,0,0,0,0,0,0,
ring,Topaz ring,yes,1425,855,0.006,,,0,0,0,0,0,0,0,0,0,0,0,0,0,0,
ring,Treasonous ring,yes,50000,30000,0.4,,,4,0,0,0,0,4,0,0,0,0,0,0,0,0,
ring,Treasonous ring (i),yes,50000,30000,0.4,,,8,0,0,0,0,8,0,0,0,0,0,0,0,0,
ring,Tyrannical ring,yes,50000,30000,1.0,,,0,0,4,0,0,0,0,4,0,0,0,0,0,0,
ring,Tyrannical ring (i),yes,50000,30000,1.0,,,0,0,8,0,0,0,0,8,0,0,0,0,0,0,
ring,Warrior ring,yes,10000,6000,0.004,,,0,4,0,0,0,0,4,0,0,0,0,0,0,0,
ring,Warrior ring (i),yes,10000,6000,0.004,,,0,8,0,0,0,0,8,0,0,0,0,0,0,0,
ring,Zenyte ring,yes,201000,120600,0.006,,,0,0,0,0,0,0,0,0,0,0,0,0,0,0,
